ISO-10303-21;
HEADER;
FILE_DESCRIPTION (( 'STEP AP214' ),
    '1' );
FILE_NAME ('Intake-Example.STEP',
    '2026-08-29T07:51:28',
    ( '' ),
    ( '' ),
    'SwSTEP 2.0',
    'SolidWorks 2020',
    '' );
FILE_SCHEMA (( 'AUTOMOTIVE_DESIGN' ));
ENDSEC;

DATA;
#1 = VECTOR ( 'NONE', #2097, 1000.000000000000000 ) ;
#2 = CARTESIAN_POINT ( 'NONE',  ( -29.64705985499444907, -8.958010899717418596, 12.28021427642529950 ) ) ;
#3 = ORIENTED_EDGE ( 'NONE', *, *, #897, .T. ) ;
#4 = ORIENTED_EDGE ( 'NONE', *, *, #2146, .F. ) ;
#5 = DIRECTION ( 'NONE',  ( 0.000000000000000000, 0.000000000000000000, 1.000000000000000000 ) ) ;
#6 = CARTESIAN_POINT ( 'NONE',  ( 5.484827557301446888, -2.500000000000000000, 1.499999999999996891 ) ) ;
#7 = CARTESIAN_POINT ( 'NONE',  ( -20.16235239901394749, 33.98793085631999844, 30.86110135886224626 ) ) ;
#8 = EDGE_CURVE ( 'NONE', #2099, #3966, #366, .T. ) ;
#9 = AXIS2_PLACEMENT_3D ( 'NONE', #772, #2898, #1196 ) ;
#10 = LINE ( 'NONE', #1383, #422 ) ;
#11 =( REPRESENTATION_RELATIONSHIP ('NONE','NONE', #2722, #3484 ) REPRESENTATION_RELATIONSHIP_WITH_TRANSFORMATION ( #3306 )SHAPE_REPRESENTATION_RELATIONSHIP( ) );
#12 = ORIENTED_EDGE ( 'NONE', *, *, #1683, .F. ) ;
#13 = PRESENTATION_LAYER_ASSIGNMENT (  '', '', ( #2313 ) ) ;
#14 = DIRECTION ( 'NONE',  ( 0.5433626321285691674, -0.2688750668918975517, 0.7952755801671461677 ) ) ;
#15 = AXIS2_PLACEMENT_3D ( 'NONE', #543, #141, #1483 ) ;
#16 = ORIENTED_EDGE ( 'NONE', *, *, #1638, .T. ) ;
#17 = EDGE_CURVE ( 'NONE', #1365, #466, #95, .T. ) ;
#18 = ORIENTED_EDGE ( 'NONE', *, *, #131, .T. ) ;
#19 = CARTESIAN_POINT ( 'NONE',  ( -4.161731044004854496, 14.57110604024939882, 52.33023549324829560 ) ) ;
#20 = DIRECTION ( 'NONE',  ( -0.3685911383658754814, 0.2688750668918974962, 0.8898577252134329818 ) ) ;
#21 = AXIS2_PLACEMENT_3D ( 'NONE', #2562, #2914, #1586 ) ;
#22 = CARTESIAN_POINT ( 'NONE',  ( 21.94880406764797343, 2.500000000000000000, 1.499999999999988010 ) ) ;
#23 = AXIS2_PLACEMENT_3D ( 'NONE', #1577, #2357, #4024 ) ;
#24 = CYLINDRICAL_SURFACE ( 'NONE', #3432, 5.588000000000003631 ) ;
#25 = AXIS2_PLACEMENT_3D ( 'NONE', #3350, #4417, #1991 ) ;
#26 = VECTOR ( 'NONE', #3916, 1000.000000000000000 ) ;
#27 = LINE ( 'NONE', #1146, #3178 ) ;
#28 = VERTEX_POINT ( 'NONE', #3538 ) ;
#29 = FACE_OUTER_BOUND ( 'NONE', #2028, .T. ) ;
#30 = VECTOR ( 'NONE', #1069, 1000.000000000000000 ) ;
#31 = EDGE_LOOP ( 'NONE', ( #2734, #4223, #1867, #1140 ) ) ;
#32 = CIRCLE ( 'NONE', #3753, 5.588000000000000078 ) ;
#33 = LINE ( 'NONE', #393, #158 ) ;
#34 = LINE ( 'NONE', #3434, #1178 ) ;
#35 = DIRECTION ( 'NONE',  ( 1.053647929397037225E-16, -0.000000000000000000, 1.000000000000000000 ) ) ;
#36 = VECTOR ( 'NONE', #3609, 1000.000000000000000 ) ;
#37 = AXIS2_PLACEMENT_3D ( 'NONE', #1317, #2007, #984 ) ;
#38 = LINE ( 'NONE', #3086, #2368 ) ;
#39 = EDGE_CURVE ( 'NONE', #1304, #3696, #440, .T. ) ;
#40 = EDGE_LOOP ( 'NONE', ( #1387, #2343 ) ) ;
#41 = CARTESIAN_POINT ( 'NONE',  ( -1.580471894095557686E-16, 2.500000000000000000, -1.500000000000001776 ) ) ;
#42 = ORIENTED_EDGE ( 'NONE', *, *, #3440, .F. ) ;
#43 = ORIENTED_EDGE ( 'NONE', *, *, #39, .T. ) ;
#44 = DIRECTION ( 'NONE',  ( 0.3582910161908115509, -0.7555613467006961903, -0.5484109764481250870 ) ) ;
#45 = FACE_BOUND ( 'NONE', #4270, .T. ) ;
#46 = EDGE_CURVE ( 'NONE', #1960, #563, #727, .T. ) ;
#47 = DIRECTION ( 'NONE',  ( 0.9465601574697379839, -0.2688750668918974962, 0.1781293538267695042 ) ) ;
#48 = CARTESIAN_POINT ( 'NONE',  ( 4.763139720814412392, 2.500000000000000000, -2.750000000000000444 ) ) ;
#49 = CYLINDRICAL_SURFACE ( 'NONE', #99, 5.588000000000000078 ) ;
#50 = ADVANCED_FACE ( 'NONE', ( #412 ), #1789, .F. ) ;
#51 = EDGE_LOOP ( 'NONE', ( #2616, #4232, #3888, #236, #2982, #2165, #844, #2992, #3324 ) ) ;
#52 = LINE ( 'NONE', #747, #3901 ) ;
#53 = ADVANCED_FACE ( 'NONE', ( #161 ), #1132, .F. ) ;
#54 = ORIENTED_EDGE ( 'NONE', *, *, #191, .F. ) ;
#55 = LINE ( 'NONE', #367, #3667 ) ;
#56 = CARTESIAN_POINT ( 'NONE',  ( 0.000000000000000000, 47.50000000000000000, 0.000000000000000000 ) ) ;
#57 = CARTESIAN_POINT ( 'NONE',  ( -1.443375672974042123, -47.50000000000000000, 2.500000000000014655 ) ) ;
#58 = FACE_BOUND ( 'NONE', #2991, .T. ) ;
#59 = VERTEX_POINT ( 'NONE', #1440 ) ;
#60 = ORIENTED_EDGE ( 'NONE', *, *, #3974, .T. ) ;
#61 = CARTESIAN_POINT ( 'NONE',  ( 18.27120514124170114, 25.17275721170254954, 11.93704892539773965 ) ) ;
#62 = SURFACE_STYLE_FILL_AREA ( #3489 ) ;
#63 = ORIENTED_EDGE ( 'NONE', *, *, #1237, .F. ) ;
#64 = DIRECTION ( 'NONE',  ( 0.000000000000000000, -1.000000000000000000, 0.000000000000000000 ) ) ;
#65 = DIRECTION ( 'NONE',  ( 1.000000000000000000, 0.000000000000000000, 0.000000000000000000 ) ) ;
#66 = ADVANCED_FACE ( 'NONE', ( #2518 ), #2868, .F. ) ;
#67 = FILL_AREA_STYLE ('',( #385 ) ) ;
#68 = AXIS2_PLACEMENT_3D ( 'NONE', #1748, #701, #3077 ) ;
#69 = ADVANCED_FACE ( 'NONE', ( #2153 ), #453, .F. ) ;
#70 = ORIENTED_EDGE ( 'NONE', *, *, #1788, .F. ) ;
#71 = FACE_BOUND ( 'NONE', #40, .T. ) ;
#72 =( REPRESENTATION_RELATIONSHIP ('NONE','NONE', #2722, #1536 ) REPRESENTATION_RELATIONSHIP_WITH_TRANSFORMATION ( #1923 )SHAPE_REPRESENTATION_RELATIONSHIP( ) );
#73 = EDGE_CURVE ( 'NONE', #3217, #1201, #4378, .T. ) ;
#74 = CARTESIAN_POINT ( 'NONE',  ( 1.500000000000000000, 10.00000000000000000, 40.00000000000000000 ) ) ;
#75 = DIRECTION ( 'NONE',  ( 0.8898577252134290960, 0.2688750668918974962, 0.3685911383658849738 ) ) ;
#76 = LINE ( 'NONE', #3841, #3968 ) ;
#77 = CARTESIAN_POINT ( 'NONE',  ( -12.58253497692806100, 26.53395324602110250, 19.25920545329810096 ) ) ;
#78 = CARTESIAN_POINT ( 'NONE',  ( 48.22392579834550475, -14.57110604024935974, -19.97500409654834996 ) ) ;
#79 = LINE ( 'NONE', #3844, #2098 ) ;
#80 = ORIENTED_EDGE ( 'NONE', *, *, #1061, .F. ) ;
#81 = ORIENTED_EDGE ( 'NONE', *, *, #112, .T. ) ;
#82 = PLANE ( 'NONE',  #2972 ) ;
#83 =( NAMED_UNIT ( * ) PLANE_ANGLE_UNIT ( ) SI_UNIT ( $, .RADIAN. ) );
#84 = MECHANICAL_DESIGN_GEOMETRIC_PRESENTATION_REPRESENTATION (  '', ( #3303 ), #442 ) ;
#85 = ORIENTED_EDGE ( 'NONE', *, *, #3140, .F. ) ;
#86 = PRODUCT_DEFINITION_FORMATION_WITH_SPECIFIED_SOURCE ( 'ANY', '', #1268, .NOT_KNOWN. ) ;
#87 = AXIS2_PLACEMENT_3D ( 'NONE', #881, #3949, #1527 ) ;
#88 = AXIS2_PLACEMENT_3D ( 'NONE', #2704, #1983, #3057 ) ;
#89 = ADVANCED_FACE ( 'NONE', ( #4210 ), #3186, .F. ) ;
#90 = SURFACE_SIDE_STYLE ('',( #3158 ) ) ;
#91 = ORIENTED_EDGE ( 'NONE', *, *, #4398, .F. ) ;
#92 = CARTESIAN_POINT ( 'NONE',  ( 4.678100955002859607, 33.31662918123620187, 3.056323846519075182 ) ) ;
#93 = CIRCLE ( 'NONE', #1167, 5.588000000000000078 ) ;
#94 = AXIS2_PLACEMENT_3D ( 'NONE', #3119, #2743, #1765 ) ;
#95 = LINE ( 'NONE', #3224, #228 ) ;
#96 = EDGE_CURVE ( 'NONE', #1198, #2725, #1311, .T. ) ;
#97 = CARTESIAN_POINT ( 'NONE',  ( -46.25064706774170276, 14.57110604024932066, 24.83246258180274779 ) ) ;
#98 = DIRECTION ( 'NONE',  ( 0.3685911383658754814, 0.2688750668918974962, -0.8898577252134329818 ) ) ;
#99 = AXIS2_PLACEMENT_3D ( 'NONE', #3808, #3141, #718 ) ;
#100 = DIRECTION ( 'NONE',  ( -0.000000000000000000, 1.000000000000000000, 0.000000000000000000 ) ) ;
#101 = CARTESIAN_POINT ( 'NONE',  ( 0.000000000000000000, 2.500000000000000000, 0.000000000000000000 ) ) ;
#102 = AXIS2_PLACEMENT_3D ( 'NONE', #227, #4254, #4347 ) ;
#103 = VECTOR ( 'NONE', #3960, 1000.000000000000114 ) ;
#104 = ADVANCED_FACE ( 'NONE', ( #2180 ), #3498, .F. ) ;
#105 = DIRECTION ( 'NONE',  ( -0.000000000000000000, -1.000000000000000000, -0.000000000000000000 ) ) ;
#106 = EDGE_LOOP ( 'NONE', ( #3626, #3251 ) ) ;
#107 = ORIENTED_EDGE ( 'NONE', *, *, #1785, .F. ) ;
#108 = AXIS2_PLACEMENT_3D ( 'NONE', #1618, #3634, #4301 ) ;
#109 = DIRECTION ( 'NONE',  ( -0.5000000000000003331, 0.000000000000000000, -0.8660254037844383745 ) ) ;
#110 = LINE ( 'NONE', #1100, #154 ) ;
#111 = VECTOR ( 'NONE', #1555, 1000.000000000000114 ) ;
#112 = EDGE_CURVE ( 'NONE', #2662, #1551, #138, .T. ) ;
#113 =( GEOMETRIC_REPRESENTATION_CONTEXT ( 3 ) GLOBAL_UNCERTAINTY_ASSIGNED_CONTEXT ( ( #2658 ) ) GLOBAL_UNIT_ASSIGNED_CONTEXT ( ( #3773, #809, #3578 ) ) REPRESENTATION_CONTEXT ( 'NONE', 'WORKASPACE' ) );
#114 = EDGE_LOOP ( 'NONE', ( #1500, #1900, #1482, #81 ) ) ;
#115 = DIRECTION ( 'NONE',  ( 0.000000000000000000, 0.000000000000000000, 1.000000000000000000 ) ) ;
#116 =( NAMED_UNIT ( * ) PLANE_ANGLE_UNIT ( ) SI_UNIT ( $, .RADIAN. ) );
#117 = ORIENTED_EDGE ( 'NONE', *, *, #1958, .T. ) ;
#118 = DIRECTION ( 'NONE',  ( 0.9238795325112917345, 0.000000000000000000, -0.3826834323650777359 ) ) ;
#119 = ORIENTED_EDGE ( 'NONE', *, *, #1473, .F. ) ;
#120 = DIRECTION ( 'NONE',  ( 0.000000000000000000, 1.000000000000000000, -0.000000000000000000 ) ) ;
#121 = DIRECTION ( 'NONE',  ( 1.000000000000000000, 0.000000000000000000, -1.036597073128637237E-14 ) ) ;
#122 = CYLINDRICAL_SURFACE ( 'NONE', #3399, 5.588000000000000966 ) ;
#123 = DIRECTION ( 'NONE',  ( 0.000000000000000000, 0.000000000000000000, -1.000000000000000000 ) ) ;
#124 = FACE_OUTER_BOUND ( 'NONE', #3939, .T. ) ;
#125 = EDGE_CURVE ( 'NONE', #1942, #4297, #3902, .T. ) ;
#126 = VERTEX_POINT ( 'NONE', #3558 ) ;
#127 = VERTEX_POINT ( 'NONE', #909 ) ;
#128 = DIRECTION ( 'NONE',  ( -1.000000000000000000, 0.000000000000000000, 1.053647929397037225E-16 ) ) ;
#129 = SURFACE_SIDE_STYLE ('',( #62 ) ) ;
#130 = EDGE_CURVE ( 'NONE', #3455, #2915, #2224, .T. ) ;
#131 = EDGE_CURVE ( 'NONE', #465, #1919, #3870, .T. ) ;
#132 = PRODUCT_DEFINITION_SHAPE ( 'NONE', 'NONE',  #4425 ) ;
#133 = EDGE_LOOP ( 'NONE', ( #3392, #2336, #3132, #1327 ) ) ;
#134 =( NAMED_UNIT ( * ) SI_UNIT ( $, .STERADIAN. ) SOLID_ANGLE_UNIT ( ) );
#135 = CARTESIAN_POINT ( 'NONE',  ( -5.934669627740070119, 8.958010899717429254, 31.53619376415175424 ) ) ;
#136 = ORIENTED_EDGE ( 'NONE', *, *, #2268, .F. ) ;
#137 = CARTESIAN_POINT ( 'NONE',  ( 1.500000000000000000, -91.11999999999997613, -67.26476147320160237 ) ) ;
#138 = LINE ( 'NONE', #1173, #4090 ) ;
#139 = ORIENTED_EDGE ( 'NONE', *, *, #1348, .T. ) ;
#140 = ORIENTED_EDGE ( 'NONE', *, *, #3411, .F. ) ;
#141 = DIRECTION ( 'NONE',  ( 0.8898577252134366455, 0.2688750668918973852, -0.3685911383658668217 ) ) ;
#142 = CARTESIAN_POINT ( 'NONE',  ( 0.000000000000000000, -35.56000000000000227, 5.588000000000000078 ) ) ;
#143 = ORIENTED_EDGE ( 'NONE', *, *, #3653, .F. ) ;
#144 = DIRECTION ( 'NONE',  ( -0.000000000000000000, -1.000000000000000000, -0.000000000000000000 ) ) ;
#145 = CARTESIAN_POINT ( 'NONE',  ( -1.299038105676665111, 2.500000000000000000, 0.7500000000000063283 ) ) ;
#146 = CARTESIAN_POINT ( 'NONE',  ( 0.000000000000000000, 2.500000000000000000, 0.000000000000000000 ) ) ;
#147 = ORIENTED_EDGE ( 'NONE', *, *, #2809, .T. ) ;
#148 = CARTESIAN_POINT ( 'NONE',  ( 7.704800483715829699E-16, -2.500000000000000000, 1.499999999999999556 ) ) ;
#149 = EDGE_CURVE ( 'NONE', #325, #2228, #2519, .T. ) ;
#150 = DIRECTION ( 'NONE',  ( 0.9827498610153641012, 0.000000000000000000, 0.1849397487677608698 ) ) ;
#151 = EDGE_CURVE ( 'NONE', #4324, #3014, #3093, .T. ) ;
#152 = DIRECTION ( 'NONE',  ( 0.000000000000000000, 0.4927743389241998062, -0.8701571414967631535 ) ) ;
#153 = EDGE_LOOP ( 'NONE', ( #2381, #2641, #1220, #1935 ) ) ;
#154 = VECTOR ( 'NONE', #1159, 1000.000000000000000 ) ;
#155 = AXIS2_PLACEMENT_3D ( 'NONE', #3516, #2500, #3856 ) ;
#156 = DIRECTION ( 'NONE',  ( -0.8660254037844385966, 0.000000000000000000, 0.5000000000000001110 ) ) ;
#157 = PRODUCT_DEFINITION_FORMATION_WITH_SPECIFIED_SOURCE ( 'ANY', '', #905, .NOT_KNOWN. ) ;
#158 = VECTOR ( 'NONE', #3840, 1000.000000000000114 ) ;
#159 = EDGE_LOOP ( 'NONE', ( #761, #3002, #2222, #12 ) ) ;
#160 =( NAMED_UNIT ( * ) SI_UNIT ( $, .STERADIAN. ) SOLID_ANGLE_UNIT ( ) );
#161 = FACE_OUTER_BOUND ( 'NONE', #2590, .T. ) ;
#162 = AXIS2_PLACEMENT_3D ( 'NONE', #3918, #152, #554 ) ;
#163 = EDGE_CURVE ( 'NONE', #827, #3671, #2043, .T. ) ;
#164 = ORIENTED_EDGE ( 'NONE', *, *, #1683, .T. ) ;
#165 = ORIENTED_EDGE ( 'NONE', *, *, #2339, .F. ) ;
#166 = CARTESIAN_POINT ( 'NONE',  ( 0.000000000000000000, -47.50000000000000000, 0.000000000000000000 ) ) ;
#167 = DIRECTION ( 'NONE',  ( 0.000000000000000000, 0.000000000000000000, 1.000000000000000000 ) ) ;
#168 = EDGE_LOOP ( 'NONE', ( #1302, #1343 ) ) ;
#169 = DIRECTION ( 'NONE',  ( 0.6550778971785190530, 0.7555613467006961903, 0.000000000000000000 ) ) ;
#170 = VECTOR ( 'NONE', #547, 1000.000000000000000 ) ;
#171 = VECTOR ( 'NONE', #2474, 1000.000000000000114 ) ;
#172 = CARTESIAN_POINT ( 'NONE',  ( 0.000000000000000000, 0.000000000000000000, 0.000000000000000000 ) ) ;
#173 = CIRCLE ( 'NONE', #2035, 22.00000000000000355 ) ;
#174 = CARTESIAN_POINT ( 'NONE',  ( -14.81236526887544080, -14.57110604024939882, 50.36236081840159784 ) ) ;
#175 = ORIENTED_EDGE ( 'NONE', *, *, #2601, .T. ) ;
#176 = DIRECTION ( 'NONE',  ( 0.000000000000000000, 0.000000000000000000, 1.000000000000000000 ) ) ;
#177 = DIRECTION ( 'NONE',  ( 0.4132498499336824671, 0.6550778971785177207, -0.6325326158847149882 ) ) ;
#178 = VECTOR ( 'NONE', #1784, 1000.000000000000114 ) ;
#179 = AXIS2_PLACEMENT_3D ( 'NONE', #3711, #2694, #663 ) ;
#180 = AXIS2_PLACEMENT_3D ( 'NONE', #282, #4331, #1273 ) ;
#181 = LINE ( 'NONE', #2291, #2320 ) ;
#182 = VERTEX_POINT ( 'NONE', #1985 ) ;
#183 = PLANE ( 'NONE',  #1183 ) ;
#184 = AXIS2_PLACEMENT_3D ( 'NONE', #2503, #35, #3795 ) ;
#185 = PRODUCT_RELATED_PRODUCT_CATEGORY ( 'part', '', ( #1268 ) ) ;
#186 = AXIS2_PLACEMENT_3D ( 'NONE', #2771, #2455, #429 ) ;
#187 = DIRECTION ( 'NONE',  ( 0.1781293538267804955, -0.2688750668918974962, -0.9465601574697359855 ) ) ;
#188 = CARTESIAN_POINT ( 'NONE',  ( -9.013887592422929338E-15, 2.500000000000000000, -2.500000000000000444 ) ) ;
#189 = AXIS2_PLACEMENT_3D ( 'NONE', #1057, #2762, #1077 ) ;
#190 = CARTESIAN_POINT ( 'NONE',  ( -31.08104279792509672, 9.442407932967681106, 14.46800991916221868 ) ) ;
#191 = EDGE_CURVE ( 'NONE', #4313, #466, #4351, .T. ) ;
#192 = VERTEX_POINT ( 'NONE', #512 ) ;
#193 = EDGE_LOOP ( 'NONE', ( #365, #2553, #851, #1572 ) ) ;
#194 = DIRECTION ( 'NONE',  ( -0.000000000000000000, 1.000000000000000000, 0.000000000000000000 ) ) ;
#195 = ORIENTED_EDGE ( 'NONE', *, *, #2268, .T. ) ;
#196 = DIRECTION ( 'NONE',  ( -0.7555613467006961903, 0.6550778971785189420, 0.000000000000000000 ) ) ;
#197 = EDGE_CURVE ( 'NONE', #1998, #221, #2547, .T. ) ;
#198 = CARTESIAN_POINT ( 'NONE',  ( -34.06027613567469814, 14.57110604024934020, -39.94585262105479728 ) ) ;
#199 = LINE ( 'NONE', #1845, #2536 ) ;
#200 = EDGE_LOOP ( 'NONE', ( #2548, #3133, #3240, #3950 ) ) ;
#201 = FACE_OUTER_BOUND ( 'NONE', #879, .T. ) ;
#202 = FACE_OUTER_BOUND ( 'NONE', #2976, .T. ) ;
#203 = SURFACE_STYLE_FILL_AREA ( #2932 ) ;
#204 = APPLICATION_PROTOCOL_DEFINITION ( 'draft international standard', 'automotive_design', 1998, #2001 ) ;
#205 = ORIENTED_EDGE ( 'NONE', *, *, #2410, .F. ) ;
#206 = SPHERICAL_SURFACE ( 'NONE', #21, 33.78199999999999648 ) ;
#207 = VERTEX_POINT ( 'NONE', #1886 ) ;
#208 = CARTESIAN_POINT ( 'NONE',  ( 5.588000000000000078, -35.11819835925530242, 0.000000000000000000 ) ) ;
#209 = CARTESIAN_POINT ( 'NONE',  ( 2.286046085269070665E-13, -25.17275721170254954, -21.82498738512069991 ) ) ;
#210 = FACE_OUTER_BOUND ( 'NONE', #695, .T. ) ;
#211 = ADVANCED_FACE ( 'NONE', ( #3344 ), #1312, .T. ) ;
#212 = EDGE_LOOP ( 'NONE', ( #1946, #1284, #934, #3985 ) ) ;
#213 = VERTEX_POINT ( 'NONE', #2614 ) ;
#214 = EDGE_CURVE ( 'NONE', #2506, #2325, #4184, .T. ) ;
#215 = DIRECTION ( 'NONE',  ( -0.000000000000000000, -1.000000000000000000, -0.000000000000000000 ) ) ;
#216 = ORIENTED_EDGE ( 'NONE', *, *, #2926, .T. ) ;
#217 = DIRECTION ( 'NONE',  ( 0.1849397487677571505, 0.000000000000000000, -0.9827498610153648784 ) ) ;
#218 = EDGE_CURVE ( 'NONE', #2315, #4148, #2181, .T. ) ;
#219 = CARTESIAN_POINT ( 'NONE',  ( 31.25020010556094618, -9.442407932967689987, 12.94425671059664040 ) ) ;
#220 = CARTESIAN_POINT ( 'NONE',  ( -1.443375672974042123, 47.50000000000000000, 2.500000000000014655 ) ) ;
#221 = VERTEX_POINT ( 'NONE', #1292 ) ;
#222 = DIRECTION ( 'NONE',  ( 0.9465601574697382059, -0.2688750668918975517, 0.1781293538267695320 ) ) ;
#223 = CARTESIAN_POINT ( 'NONE',  ( 30.00000000000000000, 47.50000000000000000, 0.000000000000000000 ) ) ;
#224 = ORIENTED_EDGE ( 'NONE', *, *, #3270, .T. ) ;
#225 = DIRECTION ( 'NONE',  ( 1.000000000000000000, 0.000000000000000000, -1.051620219116008581E-14 ) ) ;
#226 = ORIENTED_EDGE ( 'NONE', *, *, #510, .T. ) ;
#227 = CARTESIAN_POINT ( 'NONE',  ( 12.28021427642559793, -8.958010899717429254, -29.64705985499429985 ) ) ;
#228 = VECTOR ( 'NONE', #1499, 1000.000000000000000 ) ;
#229 = DIRECTION ( 'NONE',  ( 0.000000000000000000, 1.000000000000000000, 0.000000000000000000 ) ) ;
#230 = VECTOR ( 'NONE', #2201, 1000.000000000000000 ) ;
#231 = UNCERTAINTY_MEASURE_WITH_UNIT (LENGTH_MEASURE( 1.000000000000000082E-05 ), #1190, 'distance_accuracy_value', 'NONE');
#232 = DIRECTION ( 'NONE',  ( 0.000000000000000000, -1.000000000000000000, 0.000000000000000000 ) ) ;
#233 = EDGE_CURVE ( 'NONE', #3919, #2842, #2828, .T. ) ;
#234 = AXIS2_PLACEMENT_3D ( 'NONE', #1005, #332, #1692 ) ;
#235 = ORIENTED_EDGE ( 'NONE', *, *, #1875, .F. ) ;
#236 = ORIENTED_EDGE ( 'NONE', *, *, #3016, .T. ) ;
#237 = VERTEX_POINT ( 'NONE', #1217 ) ;
#238 = DIRECTION ( 'NONE',  ( 0.5000000000000001110, 0.000000000000000000, -0.8660254037844387076 ) ) ;
#239 = CIRCLE ( 'NONE', #3522, 33.78200000000000358 ) ;
#240 = EDGE_CURVE ( 'NONE', #3966, #3846, #1399, .T. ) ;
#241 = DIRECTION ( 'NONE',  ( 0.000000000000000000, 1.000000000000000000, -0.000000000000000000 ) ) ;
#242 = PLANE ( 'NONE',  #2875 ) ;
#243 = VECTOR ( 'NONE', #578, 1000.000000000000000 ) ;
#244 = ORIENTED_EDGE ( 'NONE', *, *, #3381, .F. ) ;
#245 = CARTESIAN_POINT ( 'NONE',  ( -6.255581981294850102, 9.442407932967689987, 33.24148736899009293 ) ) ;
#246 = FACE_BOUND ( 'NONE', #3295, .T. ) ;
#247 = ITEM_DEFINED_TRANSFORMATION ( 'NONE', 'NONE', #4230,  #508 ) ;
#248 = VECTOR ( 'NONE', #1823, 999.9999999999998863 ) ;
#249 = CIRCLE ( 'NONE', #94, 35.56000000000000227 ) ;
#250 = ORIENTED_EDGE ( 'NONE', *, *, #459, .T. ) ;
#251 = CARTESIAN_POINT ( 'NONE',  ( -1.443375672974076984, 47.50000000000000000, -2.499999999999994671 ) ) ;
#252 = ORIENTED_EDGE ( 'NONE', *, *, #2978, .F. ) ;
#253 = CARTESIAN_POINT ( 'NONE',  ( 11.93704892539768103, 25.17275721170254954, -18.27120514124175088 ) ) ;
#254 = VECTOR ( 'NONE', #361, 1000.000000000000114 ) ;
#255 = EDGE_CURVE ( 'NONE', #3455, #1197, #1956, .T. ) ;
#256 = CIRCLE ( 'NONE', #2040, 29.99999999999999645 ) ;
#257 = VECTOR ( 'NONE', #868, 1000.000000000000000 ) ;
#258 = DIRECTION ( 'NONE',  ( 0.6550778971785180538, 0.7555613467006971895, 0.000000000000000000 ) ) ;
#259 = FACE_BOUND ( 'NONE', #4364, .T. ) ;
#260 = VECTOR ( 'NONE', #685, 1000.000000000000227 ) ;
#261 = DIRECTION ( 'NONE',  ( 0.000000000000000000, 0.000000000000000000, 1.000000000000000000 ) ) ;
#262 = ORIENTED_EDGE ( 'NONE', *, *, #1358, .T. ) ;
#263 = ORIENTED_EDGE ( 'NONE', *, *, #2112, .T. ) ;
#264 = PRESENTATION_LAYER_ASSIGNMENT (  '', '', ( #3537 ) ) ;
#265 = EDGE_LOOP ( 'NONE', ( #3705, #3195, #1691, #269 ) ) ;
#266 = DIRECTION ( 'NONE',  ( -0.6550778971785180538, 0.7555613467006971895, 0.000000000000000000 ) ) ;
#267 = LINE ( 'NONE', #1624, #3034 ) ;
#268 = DIRECTION ( 'NONE',  ( 0.000000000000000000, 0.000000000000000000, 1.000000000000000000 ) ) ;
#269 = ORIENTED_EDGE ( 'NONE', *, *, #1513, .T. ) ;
#270 = FACE_OUTER_BOUND ( 'NONE', #3738, .T. ) ;
#271 = CARTESIAN_POINT ( 'NONE',  ( 19.08191669609794872, 9.442407932967681106, 27.92864557458180030 ) ) ;
#272 = APPLICATION_PROTOCOL_DEFINITION ( 'draft international standard', 'automotive_design', 1998, #3821 ) ;
#273 = EDGE_CURVE ( 'NONE', #449, #3264, #683, .T. ) ;
#274 = EDGE_LOOP ( 'NONE', ( #4084, #3037, #2493, #2633 ) ) ;
#275 = DIRECTION ( 'NONE',  ( -0.1849397487677497398, 0.000000000000000000, 0.9827498610153660996 ) ) ;
#276 = ORIENTED_EDGE ( 'NONE', *, *, #3792, .T. ) ;
#277 = EDGE_CURVE ( 'NONE', #4123, #4334, #3977, .T. ) ;
#278 = FACE_OUTER_BOUND ( 'NONE', #1778, .T. ) ;
#279 = EDGE_CURVE ( 'NONE', #3347, #2468, #32, .T. ) ;
#280 = CARTESIAN_POINT ( 'NONE',  ( -5.588000000000000078, -33.31662918123620187, -2.410717224121565083E-15 ) ) ;
#281 = UNCERTAINTY_MEASURE_WITH_UNIT (LENGTH_MEASURE( 1.000000000000000082E-05 ), #3531, 'distance_accuracy_value', 'NONE');
#282 = CARTESIAN_POINT ( 'NONE',  ( -29.64705985499444907, -8.958010899717418596, 12.28021427642529950 ) ) ;
#283 = ORIENTED_EDGE ( 'NONE', *, *, #434, .F. ) ;
#284 = ORIENTED_EDGE ( 'NONE', *, *, #1391, .F. ) ;
#285 = ORIENTED_EDGE ( 'NONE', *, *, #710, .F. ) ;
#286 = LINE ( 'NONE', #3727, #260 ) ;
#287 = DIRECTION ( 'NONE',  ( -0.8898577252134316495, 0.2688750668918973852, -0.3685911383658788121 ) ) ;
#288 = CARTESIAN_POINT ( 'NONE',  ( 0.000000000000000000, 0.000000000000000000, 0.000000000000000000 ) ) ;
#289 = VERTEX_POINT ( 'NONE', #190 ) ;
#290 = DIRECTION ( 'NONE',  ( -0.5641369404694857037, 0.000000000000000000, -0.8256812413987179022 ) ) ;
#291 = LINE ( 'NONE', #7, #3756 ) ;
#292 =( LENGTH_UNIT ( ) NAMED_UNIT ( * ) SI_UNIT ( .MILLI., .METRE. ) );
#293 = ITEM_DEFINED_TRANSFORMATION ( 'NONE', 'NONE', #1448,  #508 ) ;
#294 = ADVANCED_FACE ( 'NONE', ( #2990 ), #2919, .F. ) ;
#295 = ORIENTED_EDGE ( 'NONE', *, *, #619, .T. ) ;
#296 = CARTESIAN_POINT ( 'NONE',  ( -18.27120514124170114, 25.17275721170254954, -11.93704892539773965 ) ) ;
#297 = ORIENTED_EDGE ( 'NONE', *, *, #1266, .F. ) ;
#298 = DIRECTION ( 'NONE',  ( -0.7952755801671477220, -0.2688750668918974407, 0.5433626321285669469 ) ) ;
#299 = ADVANCED_FACE ( 'NONE', ( #210 ), #2939, .F. ) ;
#300 = DIRECTION ( 'NONE',  ( 0.000000000000000000, 0.000000000000000000, 1.000000000000000000 ) ) ;
#301 = CARTESIAN_POINT ( 'NONE',  ( 0.000000000000000000, 2.500000000000000000, 0.000000000000000000 ) ) ;
#302 = VERTEX_POINT ( 'NONE', #2768 ) ;
#303 = ORIENTED_EDGE ( 'NONE', *, *, #992, .T. ) ;
#304 = CARTESIAN_POINT ( 'NONE',  ( 28.28124668251735230, 0.000000000000000000, 18.47686689031994689 ) ) ;
#305 = EDGE_CURVE ( 'NONE', #213, #3188, #980, .T. ) ;
#306 = CIRCLE ( 'NONE', #1871, 5.587999999999999190 ) ;
#307 = ORIENTED_EDGE ( 'NONE', *, *, #1655, .F. ) ;
#308 = DIRECTION ( 'NONE',  ( 1.000000000000000000, 0.000000000000000000, 0.000000000000000000 ) ) ;
#309 = DIRECTION ( 'NONE',  ( 0.000000000000000000, -1.000000000000000000, 0.000000000000000000 ) ) ;
#310 = CARTESIAN_POINT ( 'NONE',  ( 1.443375672974094526, -47.50000000000000000, 2.499999999999984901 ) ) ;
#311 = VECTOR ( 'NONE', #4195, 1000.000000000000114 ) ;
#312 =( NAMED_UNIT ( * ) PLANE_ANGLE_UNIT ( ) SI_UNIT ( $, .RADIAN. ) );
#313 = VECTOR ( 'NONE', #4363, 1000.000000000000000 ) ;
#314 = VERTEX_POINT ( 'NONE', #717 ) ;
#315 = DIRECTION ( 'NONE',  ( -0.000000000000000000, -1.000000000000000000, -0.000000000000000000 ) ) ;
#316 = ORIENTED_EDGE ( 'NONE', *, *, #2073, .F. ) ;
#317 = CARTESIAN_POINT ( 'NONE',  ( -1.299038105676656230, -2.500000000000000000, 0.7499999999999996669 ) ) ;
#318 = VECTOR ( 'NONE', #4140, 1000.000000000000000 ) ;
#319 = VECTOR ( 'NONE', #3676, 1000.000000000000000 ) ;
#320 = VECTOR ( 'NONE', #2836, 1000.000000000000000 ) ;
#321 = FACE_OUTER_BOUND ( 'NONE', #2901, .T. ) ;
#322 = CIRCLE ( 'NONE', #3819, 5.587999999999998302 ) ;
#323 = LINE ( 'NONE', #3769, #2450 ) ;
#324 = AXIS2_PLACEMENT_3D ( 'NONE', #1158, #3528, #468 ) ;
#325 = VERTEX_POINT ( 'NONE', #637 ) ;
#326 = AXIS2_PLACEMENT_3D ( 'NONE', #540, #585, #2322 ) ;
#327 = EDGE_LOOP ( 'NONE', ( #3998, #2571, #1892, #1356 ) ) ;
#328 = CARTESIAN_POINT ( 'NONE',  ( 31.25020010556094618, -9.442407932967689987, 12.94425671059664040 ) ) ;
#329 = AXIS2_PLACEMENT_3D ( 'NONE', #3418, #351, #1711 ) ;
#330 = EDGE_CURVE ( 'NONE', #944, #1777, #2369, .T. ) ;
#331 = VERTEX_POINT ( 'NONE', #2047 ) ;
#332 = DIRECTION ( 'NONE',  ( -0.9465601574697367626, -0.2688750668918974407, -0.1781293538267769705 ) ) ;
#333 = DIRECTION ( 'NONE',  ( 0.000000000000000000, 0.000000000000000000, 1.000000000000000000 ) ) ;
#334 = EDGE_CURVE ( 'NONE', #2529, #1798, #2085, .T. ) ;
#335 = CARTESIAN_POINT ( 'NONE',  ( -5.729210616096397690E-16, 2.500000000000000000, -1.500000000000002665 ) ) ;
#336 = CARTESIAN_POINT ( 'NONE',  ( 12.27344013950064294, 2.500000000000000000, -18.25822190527036426 ) ) ;
#337 = VERTEX_POINT ( 'NONE', #4395 ) ;
#338 = DIRECTION ( 'NONE',  ( -0.3582910161908149926, -0.7555613467006969675, 0.5484109764481219784 ) ) ;
#339 = EDGE_LOOP ( 'NONE', ( #2182, #2724, #4093, #2549 ) ) ;
#340 = LINE ( 'NONE', #357, #977 ) ;
#341 = DIRECTION ( 'NONE',  ( 1.224646799147351975E-16, 0.000000000000000000, -1.000000000000000000 ) ) ;
#342 = LINE ( 'NONE', #1654, #4312 ) ;
#343 = DIRECTION ( 'NONE',  ( -0.3826834323650816216, 0.000000000000000000, -0.9238795325112901802 ) ) ;
#344 = ADVANCED_FACE ( 'NONE', ( #3724 ), #3058, .F. ) ;
#345 = EDGE_LOOP ( 'NONE', ( #2831, #2418, #800, #1109 ) ) ;
#346 = CARTESIAN_POINT ( 'NONE',  ( -21.94880406764797343, -2.500000000000000000, -1.499999999999999556 ) ) ;
#347 = ORIENTED_EDGE ( 'NONE', *, *, #3571, .F. ) ;
#348 = EDGE_CURVE ( 'NONE', #391, #2893, #1060, .T. ) ;
#349 = DIRECTION ( 'NONE',  ( 0.000000000000000000, -1.000000000000000000, 0.000000000000000000 ) ) ;
#350 = CARTESIAN_POINT ( 'NONE',  ( -2.165063509461087055, 2.500000000000000000, 1.250000000000017097 ) ) ;
#351 = DIRECTION ( 'NONE',  ( 0.000000000000000000, 1.000000000000000000, -0.000000000000000000 ) ) ;
#352 = SPHERICAL_SURFACE ( 'NONE', #3003, 33.78199999999999648 ) ;
#353 = ORIENTED_EDGE ( 'NONE', *, *, #4352, .F. ) ;
#354 = DIRECTION ( 'NONE',  ( 0.000000000000000000, 1.000000000000000000, -0.000000000000000000 ) ) ;
#355 = ORIENTED_EDGE ( 'NONE', *, *, #2601, .F. ) ;
#356 = ORIENTED_EDGE ( 'NONE', *, *, #4340, .T. ) ;
#357 = CARTESIAN_POINT ( 'NONE',  ( -2.886751345948130432, -47.50000000000000000, 2.015807690851639259E-14 ) ) ;
#358 = CARTESIAN_POINT ( 'NONE',  ( 14.81236526887544080, -14.57110604024939882, -50.36236081840159784 ) ) ;
#359 = DIRECTION ( 'NONE',  ( -0.5433626321285639493, -0.2688750668918974407, -0.7952755801671497204 ) ) ;
#360 = CARTESIAN_POINT ( 'NONE',  ( 1.299038105676654231, -2.500000000000000000, -0.7499999999999993339 ) ) ;
#361 = DIRECTION ( 'NONE',  ( -0.3685911383658754814, 0.2688750668918974962, 0.8898577252134329818 ) ) ;
#362 = ORIENTED_EDGE ( 'NONE', *, *, #2247, .F. ) ;
#363 = FACE_OUTER_BOUND ( 'NONE', #3628, .T. ) ;
#364 = ADVANCED_FACE ( 'NONE', ( #2430 ), #4065, .F. ) ;
#365 = ORIENTED_EDGE ( 'NONE', *, *, #3869, .T. ) ;
#366 = CIRCLE ( 'NONE', #2384, 5.588000000000000078 ) ;
#367 = CARTESIAN_POINT ( 'NONE',  ( 1.443375672974060553, 2.500000000000000000, -2.500000000000005773 ) ) ;
#368 = CARTESIAN_POINT ( 'NONE',  ( 0.000000000000000000, -35.11819835925530242, 0.000000000000000000 ) ) ;
#369 = DIRECTION ( 'NONE',  ( -1.000000000000000000, -0.000000000000000000, -0.000000000000000000 ) ) ;
#370 = ADVANCED_FACE ( 'NONE', ( #654 ), #1418, .F. ) ;
#371 = CARTESIAN_POINT ( 'NONE',  ( 0.000000000000000000, 2.500000000000000000, -25.00000000000000000 ) ) ;
#372 = ORIENTED_EDGE ( 'NONE', *, *, #483, .T. ) ;
#373 = STYLED_ITEM ( 'NONE', ( #2494 ), #553 ) ;
#374 = CARTESIAN_POINT ( 'NONE',  ( 2.165063509461113256, -2.500000000000000000, 1.249999999999992450 ) ) ;
#375 = AXIS2_PLACEMENT_3D ( 'NONE', #689, #705, #2835 ) ;
#376 = ORIENTED_EDGE ( 'NONE', *, *, #4129, .T. ) ;
#377 = ORIENTED_EDGE ( 'NONE', *, *, #454, .T. ) ;
#378 = LINE ( 'NONE', #633, #3049 ) ;
#379 = VECTOR ( 'NONE', #3311, 1000.000000000000000 ) ;
#380 = LINE ( 'NONE', #845, #3596 ) ;
#381 = AXIS2_PLACEMENT_3D ( 'NONE', #219, #287, #1645 ) ;
#382 = ADVANCED_FACE ( 'NONE', ( #2021 ), #3097, .T. ) ;
#383 = DIRECTION ( 'NONE',  ( -0.3826834323650816216, 0.000000000000000000, -0.9238795325112901802 ) ) ;
#384 = VECTOR ( 'NONE', #1943, 1000.000000000000000 ) ;
#385 = FILL_AREA_STYLE_COLOUR ( '', #1392 ) ;
#386 = ORIENTED_EDGE ( 'NONE', *, *, #3268, .T. ) ;
#387 = FACE_BOUND ( 'NONE', #2392, .T. ) ;
#388 = CIRCLE ( 'NONE', #3462, 35.56000000000000227 ) ;
#389 = VECTOR ( 'NONE', #1141, 999.9999999999998863 ) ;
#390 = APPLICATION_CONTEXT ( 'automotive_design' ) ;
#391 = VERTEX_POINT ( 'NONE', #3384 ) ;
#392 = AXIS2_PLACEMENT_3D ( 'NONE', #1062, #2432, #3450 ) ;
#393 = CARTESIAN_POINT ( 'NONE',  ( -50.26334886102020505, 14.57110604024943967, -15.14494349071209989 ) ) ;
#394 = VECTOR ( 'NONE', #3616, 999.9999999999998863 ) ;
#395 = LINE ( 'NONE', #1469, #887 ) ;
#396 = CARTESIAN_POINT ( 'NONE',  ( -12.28021427642559793, -8.958010899717429254, 29.64705985499429985 ) ) ;
#397 = AXIS2_PLACEMENT_3D ( 'NONE', #4170, #3125, #2832 ) ;
#398 = LINE ( 'NONE', #4138, #2580 ) ;
#399 = DIRECTION ( 'NONE',  ( 0.000000000000000000, 1.000000000000000000, 0.000000000000000000 ) ) ;
#400 = ORIENTED_EDGE ( 'NONE', *, *, #3770, .T. ) ;
#401 = EDGE_LOOP ( 'NONE', ( #2102, #552 ) ) ;
#402 = CARTESIAN_POINT ( 'NONE',  ( -11.74718820464869928, 9.442407932967681106, 32.20804405287584871 ) ) ;
#403 = PRESENTATION_STYLE_ASSIGNMENT (( #4161 ) ) ;
#404 = EDGE_CURVE ( 'NONE', #3636, #1261, #323, .T. ) ;
#405 = ORIENTED_EDGE ( 'NONE', *, *, #2018, .F. ) ;
#406 = CYLINDRICAL_SURFACE ( 'NONE', #3886, 5.588000000000000078 ) ;
#407 = CARTESIAN_POINT ( 'NONE',  ( -34.69152108516480837, 48.46009179263322153, 5.764728942722280536 ) ) ;
#408 = EDGE_CURVE ( 'NONE', #4078, #588, #649, .T. ) ;
#409 = FILL_AREA_STYLE_COLOUR ( '', #4113 ) ;
#410 = VERTEX_POINT ( 'NONE', #1354 ) ;
#411 = DIRECTION ( 'NONE',  ( 0.4999999999999998890, 0.000000000000000000, -0.8660254037844385966 ) ) ;
#412 = FACE_OUTER_BOUND ( 'NONE', #3837, .T. ) ;
#413 = CARTESIAN_POINT ( 'NONE',  ( -36.86364104838240507, -33.98793085631985633, 0.000000000000000000 ) ) ;
#414 = CARTESIAN_POINT ( 'NONE',  ( -6.938893903907229955E-15, 0.000000000000000000, -1.387778780781445991E-14 ) ) ;
#415 = DIRECTION ( 'NONE',  ( 0.000000000000000000, 0.000000000000000000, 1.000000000000000000 ) ) ;
#416 = DIRECTION ( 'NONE',  ( 0.000000000000000000, 1.000000000000000000, -0.000000000000000000 ) ) ;
#417 = DIRECTION ( 'NONE',  ( 0.8371691043312220470, 0.000000000000000000, 0.5469441386039889386 ) ) ;
#418 = VERTEX_POINT ( 'NONE', #4105 ) ;
#419 = ORIENTED_EDGE ( 'NONE', *, *, #1521, .F. ) ;
#420 = PLANE ( 'NONE',  #1678 ) ;
#421 = ADVANCED_FACE ( 'NONE', ( #3410 ), #24, .F. ) ;
#422 = VECTOR ( 'NONE', #2034, 1000.000000000000000 ) ;
#423 = VERTEX_POINT ( 'NONE', #3363 ) ;
#424 = LINE ( 'NONE', #2412, #1519 ) ;
#425 = DIRECTION ( 'NONE',  ( 0.000000000000000000, 0.000000000000000000, 1.000000000000000000 ) ) ;
#426 = EDGE_CURVE ( 'NONE', #2434, #4218, #1855, .T. ) ;
#427 = EDGE_CURVE ( 'NONE', #3264, #449, #1012, .T. ) ;
#428 = ORIENTED_EDGE ( 'NONE', *, *, #277, .F. ) ;
#429 = DIRECTION ( 'NONE',  ( 0.8371691043312220470, 0.000000000000000000, 0.5469441386039888275 ) ) ;
#430 = CARTESIAN_POINT ( 'NONE',  ( 0.000000000000000000, -33.31662918123620187, 0.000000000000000000 ) ) ;
#431 = LINE ( 'NONE', #1790, #311 ) ;
#432 = CARTESIAN_POINT ( 'NONE',  ( 12.28021427642539898, -8.958010899717429254, 29.64705985499440288 ) ) ;
#433 = CARTESIAN_POINT ( 'NONE',  ( -48.22392579834540527, -14.57110604024943967, -19.97500409654910314 ) ) ;
#434 = EDGE_CURVE ( 'NONE', #3948, #3111, #1497, .T. ) ;
#435 = CARTESIAN_POINT ( 'NONE',  ( 1.299038105676657118, -2.500000000000000000, 0.7499999999999993339 ) ) ;
#436 = LINE ( 'NONE', #1796, #3102 ) ;
#437 = ORIENTED_EDGE ( 'NONE', *, *, #2863, .T. ) ;
#438 = ORIENTED_EDGE ( 'NONE', *, *, #3630, .T. ) ;
#439 = CARTESIAN_POINT ( 'NONE',  ( 1.299038105676659338, 2.500000000000000000, -0.7500000000000014433 ) ) ;
#440 = CIRCLE ( 'NONE', #3511, 5.587999999999998302 ) ;
#441 = CARTESIAN_POINT ( 'NONE',  ( 5.484827557301442447, 2.500000000000000000, -1.500000000000004663 ) ) ;
#442 =( GEOMETRIC_REPRESENTATION_CONTEXT ( 3 ) GLOBAL_UNCERTAINTY_ASSIGNED_CONTEXT ( ( #2964 ) ) GLOBAL_UNIT_ASSIGNED_CONTEXT ( ( #1562, #1210, #2980 ) ) REPRESENTATION_CONTEXT ( 'NONE', 'WORKASPACE' ) );
#443 = ORIENTED_EDGE ( 'NONE', *, *, #2772, .T. ) ;
#444 = PRESENTATION_LAYER_ASSIGNMENT (  '', '', ( #373 ) ) ;
#445 = CIRCLE ( 'NONE', #3305, 5.588000000000000966 ) ;
#446 = CIRCLE ( 'NONE', #2958, 5.587999999999997414 ) ;
#447 = EDGE_CURVE ( 'NONE', #3479, #2370, #2728, .T. ) ;
#448 = CARTESIAN_POINT ( 'NONE',  ( -27.50862483493800070, -8.958010899717429254, -17.44285310409895118 ) ) ;
#449 = VERTEX_POINT ( 'NONE', #744 ) ;
#450 = FACE_BOUND ( 'NONE', #631, .T. ) ;
#451 = AXIS2_PLACEMENT_3D ( 'NONE', #2100, #399, #1759 ) ;
#452 = CIRCLE ( 'NONE', #1250, 33.78200000000000358 ) ;
#453 = CYLINDRICAL_SURFACE ( 'NONE', #1872, 5.588000000000000966 ) ;
#454 = EDGE_CURVE ( 'NONE', #2870, #2708, #3860, .T. ) ;
#455 = VERTEX_POINT ( 'NONE', #1093 ) ;
#456 = FACE_BOUND ( 'NONE', #2935, .T. ) ;
#457 = DIRECTION ( 'NONE',  ( -0.6325326158847149882, -0.6550778971785178317, -0.4132498499336819120 ) ) ;
#458 = FACE_OUTER_BOUND ( 'NONE', #1803, .T. ) ;
#459 = EDGE_CURVE ( 'NONE', #1197, #28, #1364, .T. ) ;
#460 = LINE ( 'NONE', #818, #1623 ) ;
#461 = VECTOR ( 'NONE', #1495, 999.9999999999998863 ) ;
#462 = AXIS2_PLACEMENT_3D ( 'NONE', #1331, #3360, #4062 ) ;
#463 = EDGE_CURVE ( 'NONE', #1002, #2183, #4120, .T. ) ;
#464 = CARTESIAN_POINT ( 'NONE',  ( 0.000000000000000000, 2.500000000000000000, 0.000000000000000000 ) ) ;
#465 = VERTEX_POINT ( 'NONE', #1695 ) ;
#466 = VERTEX_POINT ( 'NONE', #3069 ) ;
#467 = AXIS2_PLACEMENT_3D ( 'NONE', #2279, #4279, #261 ) ;
#468 = DIRECTION ( 'NONE',  ( 0.3826834323650876724, 0.000000000000000000, 0.9238795325112876267 ) ) ;
#469 = AXIS2_PLACEMENT_3D ( 'NONE', #3372, #2713, #4073 ) ;
#470 = AXIS2_PLACEMENT_3D ( 'NONE', #1812, #2850, #1148 ) ;
#471 = ORIENTED_EDGE ( 'NONE', *, *, #1816, .F. ) ;
#472 = VECTOR ( 'NONE', #2876, 1000.000000000000114 ) ;
#473 = ORIENTED_EDGE ( 'NONE', *, *, #594, .T. ) ;
#474 = SURFACE_STYLE_USAGE ( .BOTH. , #3632 ) ;
#475 = CARTESIAN_POINT ( 'NONE',  ( -21.82498738512065017, -25.17275721170254954, 0.000000000000000000 ) ) ;
#476 = EDGE_CURVE ( 'NONE', #1075, #4083, #2069, .T. ) ;
#477 = ORIENTED_EDGE ( 'NONE', *, *, #3307, .T. ) ;
#478 = ORIENTED_EDGE ( 'NONE', *, *, #4180, .F. ) ;
#479 = CARTESIAN_POINT ( 'NONE',  ( 1.500000000000000000, 0.000000000000000000, 0.000000000000000000 ) ) ;
#480 = DIRECTION ( 'NONE',  ( -6.861576760462201842E-15, 0.7555613467006961903, 0.6550778971785190530 ) ) ;
#481 = ORIENTED_EDGE ( 'NONE', *, *, #151, .F. ) ;
#482 = FACE_BOUND ( 'NONE', #1022, .T. ) ;
#483 = EDGE_CURVE ( 'NONE', #2708, #2870, #853, .T. ) ;
#484 = LINE ( 'NONE', #2141, #1666 ) ;
#485 = FACE_BOUND ( 'NONE', #3748, .T. ) ;
#486 = ORIENTED_EDGE ( 'NONE', *, *, #3192, .F. ) ;
#487 = PLANE ( 'NONE',  #820 ) ;
#488 = DIRECTION ( 'NONE',  ( 0.8660254037844415942, -0.000000000000000000, 0.4999999999999948930 ) ) ;
#489 = EDGE_LOOP ( 'NONE', ( #3486, #696, #3357, #1508, #2061, #1969 ) ) ;
#490 = LINE ( 'NONE', #831, #1111 ) ;
#491 = ORIENTED_EDGE ( 'NONE', *, *, #2490, .T. ) ;
#492 = DIRECTION ( 'NONE',  ( 0.5433626321285699445, -0.2688750668918974407, 0.7952755801671457236 ) ) ;
#493 = ORIENTED_EDGE ( 'NONE', *, *, #3135, .F. ) ;
#494 = EDGE_LOOP ( 'NONE', ( #3051, #3294, #244, #491, #3789, #1228, #1926, #3340, #3027 ) ) ;
#495 = CARTESIAN_POINT ( 'NONE',  ( 0.000000000000000000, -2.500000000000000000, 0.000000000000000000 ) ) ;
#496 = DIRECTION ( 'NONE',  ( -0.5000000000000009992, 0.000000000000000000, -0.8660254037844381525 ) ) ;
#497 = ORIENTED_EDGE ( 'NONE', *, *, #1740, .F. ) ;
#498 = DIRECTION ( 'NONE',  ( 0.7952755801671441693, -0.2688750668918975517, -0.5433626321285721650 ) ) ;
#499 = EDGE_CURVE ( 'NONE', #3813, #2099, #1291, .T. ) ;
#500 = DIRECTION ( 'NONE',  ( -0.000000000000000000, -1.000000000000000000, -0.000000000000000000 ) ) ;
#501 = DIRECTION ( 'NONE',  ( 0.000000000000000000, 0.000000000000000000, -1.000000000000000000 ) ) ;
#502 = EDGE_LOOP ( 'NONE', ( #4387, #195 ) ) ;
#503 = DIRECTION ( 'NONE',  ( 0.5000000000000067724, 0.000000000000000000, 0.8660254037844347108 ) ) ;
#504 = CARTESIAN_POINT ( 'NONE',  ( 12.94425671059629934, -9.442407932967689987, 31.25020010556109895 ) ) ;
#505 = CARTESIAN_POINT ( 'NONE',  ( -19.25920545329800149, 26.53395324602110250, -12.58253497692823863 ) ) ;
#506 = ORIENTED_EDGE ( 'NONE', *, *, #958, .F. ) ;
#507 = CARTESIAN_POINT ( 'NONE',  ( -12.94425671059651783, -9.442407932967689987, 31.25020010556100303 ) ) ;
#508 = AXIS2_PLACEMENT_3D ( 'NONE', #3177, #3827, #1763 ) ;
#509 = ADVANCED_FACE ( 'NONE', ( #4420 ), #3483, .F. ) ;
#510 = EDGE_CURVE ( 'NONE', #314, #1365, #398, .T. ) ;
#511 = ORIENTED_EDGE ( 'NONE', *, *, #1445, .F. ) ;
#512 = CARTESIAN_POINT ( 'NONE',  ( 4.041451884327380562, -2.500000000000000000, -4.000000000000001776 ) ) ;
#513 = CIRCLE ( 'NONE', #3449, 5.587999999999999190 ) ;
#514 = ORIENTED_EDGE ( 'NONE', *, *, #4014, .F. ) ;
#515 = ORIENTED_EDGE ( 'NONE', *, *, #4129, .F. ) ;
#516 = FACE_OUTER_BOUND ( 'NONE', #1233, .T. ) ;
#517 = VERTEX_POINT ( 'NONE', #1757 ) ;
#518 = DIRECTION ( 'NONE',  ( -0.000000000000000000, -1.000000000000000000, -0.000000000000000000 ) ) ;
#519 = CIRCLE ( 'NONE', #2961, 30.00000000000000000 ) ;
#520 = FACE_OUTER_BOUND ( 'NONE', #2049, .T. ) ;
#521 = AXIS2_PLACEMENT_3D ( 'NONE', #1442, #3165, #1755 ) ;
#522 = CARTESIAN_POINT ( 'NONE',  ( 1.500000000000000000, -91.11999999999997613, -17.26476147320159882 ) ) ;
#523 = VERTEX_POINT ( 'NONE', #1051 ) ;
#524 = DIRECTION ( 'NONE',  ( -1.000000000000000000, -0.000000000000000000, -0.000000000000000000 ) ) ;
#525 = LINE ( 'NONE', #2951, #1894 ) ;
#526 = AXIS2_PLACEMENT_3D ( 'NONE', #507, #1193, #1950 ) ;
#527 = VECTOR ( 'NONE', #3719, 1000.000000000000227 ) ;
#528 = ORIENTED_EDGE ( 'NONE', *, *, #1139, .T. ) ;
#529 = CARTESIAN_POINT ( 'NONE',  ( -14.73661288367792110, 28.83333250113610191, -9.627808763968339179 ) ) ;
#530 = ORIENTED_EDGE ( 'NONE', *, *, #592, .F. ) ;
#531 = DIRECTION ( 'NONE',  ( 0.000000000000000000, -1.000000000000000000, 0.000000000000000000 ) ) ;
#532 = CIRCLE ( 'NONE', #1898, 5.587999999999999190 ) ;
#533 = ADVANCED_FACE ( 'NONE', ( #1008, #1446, #1028, #3419, #2377, #3400 ), #352, .F. ) ;
#534 = EDGE_CURVE ( 'NONE', #337, #2591, #666, .T. ) ;
#535 = AXIS2_PLACEMENT_3D ( 'NONE', #328, #4085, #4068 ) ;
#536 = PRODUCT_DEFINITION_SHAPE ( 'NONE', 'NONE',  #645 ) ;
#537 = CARTESIAN_POINT ( 'NONE',  ( -27.32650910129819977, 37.64850614575340160, -17.85311223758474952 ) ) ;
#538 = EDGE_CURVE ( 'NONE', #2542, #1359, #1214, .T. ) ;
#539 = CARTESIAN_POINT ( 'NONE',  ( 11.74718820464869928, 9.442407932967689987, -32.20804405287584871 ) ) ;
#540 = CARTESIAN_POINT ( 'NONE',  ( 0.000000000000000000, 0.000000000000000000, 0.000000000000000000 ) ) ;
#541 = ORIENTED_EDGE ( 'NONE', *, *, #404, .T. ) ;
#542 = ORIENTED_EDGE ( 'NONE', *, *, #2654, .F. ) ;
#543 = CARTESIAN_POINT ( 'NONE',  ( -48.22392579834550475, -14.57110604024934020, 19.97500409654795206 ) ) ;
#544 = ORIENTED_EDGE ( 'NONE', *, *, #3697, .F. ) ;
#545 = FACE_BOUND ( 'NONE', #4233, .T. ) ;
#546 = LINE ( 'NONE', #1556, #2883 ) ;
#547 = DIRECTION ( 'NONE',  ( -0.000000000000000000, -1.000000000000000000, -0.000000000000000000 ) ) ;
#548 = ORIENTED_EDGE ( 'NONE', *, *, #4317, .F. ) ;
#549 = CARTESIAN_POINT ( 'NONE',  ( 0.000000000000000000, -2.500000000000000000, 0.000000000000000000 ) ) ;
#550 = DIRECTION ( 'NONE',  ( 0.8660254037844347108, 0.000000000000000000, -0.5000000000000068834 ) ) ;
#551 = APPLICATION_PROTOCOL_DEFINITION ( 'draft international standard', 'automotive_design', 1998, #1394 ) ;
#552 = ORIENTED_EDGE ( 'NONE', *, *, #789, .T. ) ;
#553 = ADVANCED_BREP_SHAPE_REPRESENTATION ( '', ( #2785, #4249, #508 ), #4226 ) ;
#554 = DIRECTION ( 'NONE',  ( 0.000000000000000000, 0.8701571414967631535, 0.4927743389241998062 ) ) ;
#555 = ORIENTED_EDGE ( 'NONE', *, *, #3701, .F. ) ;
#556 = CARTESIAN_POINT ( 'NONE',  ( -18.78307872851554805, -30.19452853545465132, -2.300263724300930151E-15 ) ) ;
#557 = EDGE_CURVE ( 'NONE', #4297, #704, #38, .T. ) ;
#558 = EDGE_CURVE ( 'NONE', #2849, #2749, #10, .T. ) ;
#559 = DIRECTION ( 'NONE',  ( -0.6325326158847149882, -0.6550778971785178317, -0.4132498499336819120 ) ) ;
#560 = EDGE_CURVE ( 'NONE', #1700, #4334, #768, .T. ) ;
#561 = SURFACE_SIDE_STYLE ('',( #2740 ) ) ;
#562 = CARTESIAN_POINT ( 'NONE',  ( 15.00000000000000000, 47.50000000000000000, 25.98076211353315657 ) ) ;
#563 = VERTEX_POINT ( 'NONE', #3779 ) ;
#564 = VERTEX_POINT ( 'NONE', #2777 ) ;
#565 = ORIENTED_EDGE ( 'NONE', *, *, #1829, .F. ) ;
#566 = DIRECTION ( 'NONE',  ( -0.3685911383658754814, 0.2688750668918974962, 0.8898577252134330928 ) ) ;
#567 = CARTESIAN_POINT ( 'NONE',  ( 22.71691810250385046, 8.958010899717418596, 23.34350437797795053 ) ) ;
#568 = LINE ( 'NONE', #2666, #1162 ) ;
#569 = EDGE_LOOP ( 'NONE', ( #362, #4158, #639, #1621 ) ) ;
#570 = CARTESIAN_POINT ( 'NONE',  ( 0.000000000000000000, 2.500000000000000000, 0.000000000000000000 ) ) ;
#571 = EDGE_CURVE ( 'NONE', #4416, #4288, #3107, .T. ) ;
#572 = FACE_BOUND ( 'NONE', #3699, .T. ) ;
#573 = AXIS2_PLACEMENT_3D ( 'NONE', #4082, #3744, #343 ) ;
#574 =( NAMED_UNIT ( * ) SI_UNIT ( $, .STERADIAN. ) SOLID_ANGLE_UNIT ( ) );
#575 = CONTEXT_DEPENDENT_SHAPE_REPRESENTATION ( #11, #1170 ) ;
#576 = PRODUCT_DEFINITION_SHAPE ( 'NONE', 'NONE',  #781 ) ;
#577 = ORIENTED_EDGE ( 'NONE', *, *, #2513, .F. ) ;
#578 = DIRECTION ( 'NONE',  ( -0.3685911383658693197, 0.2688750668918973852, -0.8898577252134356463 ) ) ;
#579 = VERTEX_POINT ( 'NONE', #1071 ) ;
#580 = DIRECTION ( 'NONE',  ( -0.4999999999999999445, 0.000000000000000000, 0.8660254037844385966 ) ) ;
#581 = DIRECTION ( 'NONE',  ( -0.9465601574697366516, -0.2688750668918974407, -0.1781293538267769427 ) ) ;
#582 = DIRECTION ( 'NONE',  ( -0.000000000000000000, -1.000000000000000000, -0.000000000000000000 ) ) ;
#583 = AXIS2_PLACEMENT_3D ( 'NONE', #2639, #954, #3997 ) ;
#584 = PRODUCT_DEFINITION_CONTEXT ( 'detailed design', #1842, 'design' ) ;
#585 = DIRECTION ( 'NONE',  ( 0.000000000000000000, 0.000000000000000000, 1.000000000000000000 ) ) ;
#586 = CIRCLE ( 'NONE', #1728, 5.587999999999997414 ) ;
#587 = ORIENTED_EDGE ( 'NONE', *, *, #2741, .T. ) ;
#588 = VERTEX_POINT ( 'NONE', #336 ) ;
#589 = VERTEX_POINT ( 'NONE', #3150 ) ;
#590 = DIRECTION ( 'NONE',  ( -0.7952755801671477220, -0.2688750668918974407, 0.5433626321285669469 ) ) ;
#591 = AXIS2_PLACEMENT_3D ( 'NONE', #1456, #1782, #2475 ) ;
#592 = EDGE_CURVE ( 'NONE', #3648, #796, #2441, .T. ) ;
#593 = DIRECTION ( 'NONE',  ( -0.000000000000000000, -1.000000000000000000, -0.000000000000000000 ) ) ;
#594 = EDGE_CURVE ( 'NONE', #2781, #2700, #3913, .T. ) ;
#595 = DIRECTION ( 'NONE',  ( 0.000000000000000000, 0.000000000000000000, 1.000000000000000000 ) ) ;
#596 = VECTOR ( 'NONE', #4310, 1000.000000000000000 ) ;
#597 = ORIENTED_EDGE ( 'NONE', *, *, #476, .F. ) ;
#598 = CARTESIAN_POINT ( 'NONE',  ( 31.08104279792519620, 9.442407932967689987, -14.46800991916203927 ) ) ;
#599 = LINE ( 'NONE', #310, #1814 ) ;
#600 = ADVANCED_FACE ( 'NONE', ( #4199 ), #1865, .T. ) ;
#601 = ITEM_DEFINED_TRANSFORMATION ( 'NONE', 'NONE', #3378,  #508 ) ;
#602 = AXIS2_PLACEMENT_3D ( 'NONE', #1899, #2576, #2857 ) ;
#603 = AXIS2_PLACEMENT_3D ( 'NONE', #2668, #222, #2626 ) ;
#604 = ORIENTED_EDGE ( 'NONE', *, *, #1496, .F. ) ;
#605 = CARTESIAN_POINT ( 'NONE',  ( -31.53619376415180042, 8.958010899717429254, -5.934669627739740605 ) ) ;
#606 = ORIENTED_EDGE ( 'NONE', *, *, #677, .T. ) ;
#607 = DIRECTION ( 'NONE',  ( -0.000000000000000000, -1.000000000000000000, -0.000000000000000000 ) ) ;
#608 = VECTOR ( 'NONE', #2122, 1000.000000000000114 ) ;
#609 = AXIS2_PLACEMENT_3D ( 'NONE', #3289, #229, #4298 ) ;
#610 = VECTOR ( 'NONE', #996, 1000.000000000000000 ) ;
#611 = DIRECTION ( 'NONE',  ( -0.000000000000000000, -1.000000000000000000, -0.000000000000000000 ) ) ;
#612 = SPHERICAL_SURFACE ( 'NONE', #3835, 33.78199999999999648 ) ;
#613 = CIRCLE ( 'NONE', #37, 5.588000000000002743 ) ;
#614 = CARTESIAN_POINT ( 'NONE',  ( -1.443375672974065660, 2.500000000000000000, 5.500000000000000000 ) ) ;
#615 = VERTEX_POINT ( 'NONE', #1182 ) ;
#616 = VERTEX_POINT ( 'NONE', #4178 ) ;
#617 = ORIENTED_EDGE ( 'NONE', *, *, #3565, .F. ) ;
#618 = CARTESIAN_POINT ( 'NONE',  ( -19.08191669609814767, 9.442407932967681106, -27.92864557458165109 ) ) ;
#619 = EDGE_CURVE ( 'NONE', #2949, #3909, #916, .T. ) ;
#620 = DIRECTION ( 'NONE',  ( -0.4999999999999949485, 0.000000000000000000, 0.8660254037844415942 ) ) ;
#621 = DIRECTION ( 'NONE',  ( -0.5469441386039889386, 0.000000000000000000, 0.8371691043312220470 ) ) ;
#622 = EDGE_LOOP ( 'NONE', ( #1859, #1718, #2442, #2563 ) ) ;
#623 = CARTESIAN_POINT ( 'NONE',  ( 2.886751345948130876, 47.50000000000000000, 0.000000000000000000 ) ) ;
#624 =( REPRESENTATION_RELATIONSHIP ('NONE','NONE', #2722, #741 ) REPRESENTATION_RELATIONSHIP_WITH_TRANSFORMATION ( #247 )SHAPE_REPRESENTATION_RELATIONSHIP( ) );
#625 = CARTESIAN_POINT ( 'NONE',  ( 1.443375672974094748, -2.500000000000000000, 2.499999999999985345 ) ) ;
#626 = SURFACE_SIDE_STYLE ('',( #3712 ) ) ;
#627 = EDGE_CURVE ( 'NONE', #1889, #646, #460, .T. ) ;
#628 = CARTESIAN_POINT ( 'NONE',  ( 0.000000000000000000, 0.000000000000000000, 0.000000000000000000 ) ) ;
#629 = VERTEX_POINT ( 'NONE', #2575 ) ;
#630 = DIRECTION ( 'NONE',  ( 0.000000000000000000, 0.000000000000000000, 1.000000000000000000 ) ) ;
#631 = EDGE_LOOP ( 'NONE', ( #1351, #2489 ) ) ;
#632 = ORIENTED_EDGE ( 'NONE', *, *, #3804, .T. ) ;
#633 = CARTESIAN_POINT ( 'NONE',  ( -25.13764292422085234, -14.57110604024932066, -46.08549077828940455 ) ) ;
#634 = CARTESIAN_POINT ( 'NONE',  ( -8.032207124372249400E-14, -22.87337795658755013, 27.22723233924255126 ) ) ;
#635 = ADVANCED_FACE ( 'NONE', ( #520 ), #1154, .F. ) ;
#636 = PRODUCT_DEFINITION_CONTEXT ( 'detailed design', #2913, 'design' ) ;
#637 = CARTESIAN_POINT ( 'NONE',  ( 32.20804405287589844, 9.442407932967689987, 11.74718820464855895 ) ) ;
#638 = ORIENTED_EDGE ( 'NONE', *, *, #1853, .F. ) ;
#639 = ORIENTED_EDGE ( 'NONE', *, *, #73, .T. ) ;
#640 = DIRECTION ( 'NONE',  ( 0.000000000000000000, 0.000000000000000000, 1.000000000000000000 ) ) ;
#641 = CARTESIAN_POINT ( 'NONE',  ( 0.000000000000000000, 0.000000000000000000, 0.000000000000000000 ) ) ;
#642 = DIRECTION ( 'NONE',  ( -0.7952755801671477220, -0.2688750668918974407, 0.5433626321285669469 ) ) ;
#643 = CARTESIAN_POINT ( 'NONE',  ( 0.000000000000000000, 2.500000000000000000, -22.00000000000000355 ) ) ;
#644 = DIRECTION ( 'NONE',  ( 0.8256812413987200117, 0.000000000000000000, -0.5641369404694827061 ) ) ;
#645 = PRODUCT_DEFINITION ( 'UNKNOWN', '', #961, #2298 ) ;
#646 = VERTEX_POINT ( 'NONE', #3523 ) ;
#647 = DIRECTION ( 'NONE',  ( 0.4999999999999999445, 0.000000000000000000, -0.8660254037844387076 ) ) ;
#648 = ORIENTED_EDGE ( 'NONE', *, *, #3187, .F. ) ;
#649 = CIRCLE ( 'NONE', #3722, 22.00000000000000355 ) ;
#650 = ORIENTED_EDGE ( 'NONE', *, *, #73, .F. ) ;
#651 = DIRECTION ( 'NONE',  ( 0.4132498499336819120, -0.6550778971785178317, -0.6325326158847149882 ) ) ;
#652 = DIRECTION ( 'NONE',  ( 0.5000000000000011102, 0.000000000000000000, 0.8660254037844379305 ) ) ;
#653 = ADVANCED_FACE ( 'NONE', ( #2839 ), #1896, .F. ) ;
#654 = FACE_OUTER_BOUND ( 'NONE', #2954, .T. ) ;
#655 = EDGE_CURVE ( 'NONE', #4252, #1113, #829, .T. ) ;
#656 = ORIENTED_EDGE ( 'NONE', *, *, #1767, .T. ) ;
#657 = ORIENTED_EDGE ( 'NONE', *, *, #277, .T. ) ;
#658 = CARTESIAN_POINT ( 'NONE',  ( -6.938893903907229955E-15, 0.000000000000000000, -1.387778780781445991E-14 ) ) ;
#659 = STYLED_ITEM ( 'NONE', ( #403 ), #1091 ) ;
#660 = ORIENTED_EDGE ( 'NONE', *, *, #681, .T. ) ;
#661 = DIRECTION ( 'NONE',  ( 0.000000000000000000, 0.000000000000000000, -1.000000000000000000 ) ) ;
#662 = DIRECTION ( 'NONE',  ( 0.000000000000000000, 1.000000000000000000, 0.000000000000000000 ) ) ;
#663 = DIRECTION ( 'NONE',  ( 0.4132498499336824671, -0.6550778971785177207, -0.6325326158847149882 ) ) ;
#664 = PRODUCT_DEFINITION_FORMATION_WITH_SPECIFIED_SOURCE ( 'ANY', '', #4293, .NOT_KNOWN. ) ;
#665 = VECTOR ( 'NONE', #3561, 1000.000000000000000 ) ;
#666 = LINE ( 'NONE', #371, #3142 ) ;
#667 = VECTOR ( 'NONE', #1947, 1000.000000000000114 ) ;
#668 = ORIENTED_EDGE ( 'NONE', *, *, #891, .F. ) ;
#669 = FACE_OUTER_BOUND ( 'NONE', #345, .T. ) ;
#670 = ORIENTED_EDGE ( 'NONE', *, *, #1981, .F. ) ;
#671 = DIRECTION ( 'NONE',  ( 1.000000000000000000, 0.000000000000000000, -1.185353920571666354E-16 ) ) ;
#672 = CIRCLE ( 'NONE', #1036, 5.587999999999997414 ) ;
#673 = AXIS2_PLACEMENT_3D ( 'NONE', #3767, #699, #3427 ) ;
#674 = EDGE_CURVE ( 'NONE', #517, #2131, #3884, .T. ) ;
#675 = AXIS2_PLACEMENT_3D ( 'NONE', #2420, #309, #1346 ) ;
#676 = LINE ( 'NONE', #2045, #3524 ) ;
#677 = EDGE_CURVE ( 'NONE', #1619, #2183, #1783, .T. ) ;
#678 = STYLED_ITEM ( 'NONE', ( #2115 ), #2840 ) ;
#679 = DIRECTION ( 'NONE',  ( -0.9238795325112867385, 0.000000000000000000, -0.3826834323650900593 ) ) ;
#680 = AXIS2_PLACEMENT_3D ( 'NONE', #1800, #780, #3113 ) ;
#681 = EDGE_CURVE ( 'NONE', #192, #3196, #1794, .T. ) ;
#682 = VERTEX_POINT ( 'NONE', #2191 ) ;
#683 = CIRCLE ( 'NONE', #180, 5.587999999999998302 ) ;
#684 = ORIENTED_EDGE ( 'NONE', *, *, #538, .T. ) ;
#685 = DIRECTION ( 'NONE',  ( -0.000000000000000000, -0.8701571414967631535, -0.4927743389241998062 ) ) ;
#686 = AXIS2_PLACEMENT_3D ( 'NONE', #3276, #816, #217 ) ;
#687 = ORIENTED_EDGE ( 'NONE', *, *, #2685, .F. ) ;
#688 = AXIS2_PLACEMENT_3D ( 'NONE', #1617, #2989, #4349 ) ;
#689 = CARTESIAN_POINT ( 'NONE',  ( -43.09824984439815410, 14.57110604024932066, 29.44636935873874961 ) ) ;
#690 = CARTESIAN_POINT ( 'NONE',  ( 18.78307872851554805, -30.19452853545465132, 0.000000000000000000 ) ) ;
#691 = CARTESIAN_POINT ( 'NONE',  ( 31.53619376415175424, 8.958010899717429254, 5.934669627739930675 ) ) ;
#692 = DIRECTION ( 'NONE',  ( -0.6550778971785190530, 0.7555613467006961903, 0.000000000000000000 ) ) ;
#693 = ORIENTED_EDGE ( 'NONE', *, *, #2017, .T. ) ;
#694 = DIRECTION ( 'NONE',  ( 0.5484109764481208682, -0.7555613467006967454, 0.3582910161908169355 ) ) ;
#695 = EDGE_LOOP ( 'NONE', ( #660, #939, #3273, #3431 ) ) ;
#696 = ORIENTED_EDGE ( 'NONE', *, *, #2764, .T. ) ;
#697 = DIRECTION ( 'NONE',  ( 0.000000000000000000, 0.000000000000000000, -1.000000000000000000 ) ) ;
#698 = DIRECTION ( 'NONE',  ( 0.000000000000000000, 1.000000000000000000, -0.000000000000000000 ) ) ;
#699 = DIRECTION ( 'NONE',  ( -0.9465601574697367626, -0.2688750668918974407, -0.1781293538267769705 ) ) ;
#700 = ADVANCED_FACE ( 'NONE', ( #3257 ), #776, .F. ) ;
#701 = DIRECTION ( 'NONE',  ( -0.000000000000000000, -1.000000000000000000, -0.000000000000000000 ) ) ;
#702 = EDGE_CURVE ( 'NONE', #1201, #3280, #484, .T. ) ;
#703 = ORIENTED_EDGE ( 'NONE', *, *, #1260, .F. ) ;
#704 = VERTEX_POINT ( 'NONE', #4216 ) ;
#705 = DIRECTION ( 'NONE',  ( 0.7952755801671441693, -0.2688750668918975517, -0.5433626321285721650 ) ) ;
#706 = CYLINDRICAL_SURFACE ( 'NONE', #675, 5.588000000000000078 ) ;
#707 = DIRECTION ( 'NONE',  ( -0.1781293538267799959, -0.2688750668918974962, 0.9465601574697359855 ) ) ;
#708 = DIRECTION ( 'NONE',  ( -0.3685911383658754814, 0.2688750668918974962, 0.8898577252134330928 ) ) ;
#709 = EDGE_LOOP ( 'NONE', ( #4067, #4, #2403, #2199 ) ) ;
#710 = EDGE_CURVE ( 'NONE', #1222, #1727, #2464, .T. ) ;
#711 = DIRECTION ( 'NONE',  ( 0.5641369404694911438, 0.000000000000000000, 0.8256812413987143495 ) ) ;
#712 = EDGE_LOOP ( 'NONE', ( #1314, #4346, #2196, #3775, #3376, #4276 ) ) ;
#713 = VERTEX_POINT ( 'NONE', #2211 ) ;
#714 = DIRECTION ( 'NONE',  ( 0.9465601574697378728, -0.2688750668918974962, 0.1781293538267705034 ) ) ;
#715 = CARTESIAN_POINT ( 'NONE',  ( -5.484827557301445999, 2.500000000000000000, 1.499999999999999334 ) ) ;
#716 = DIRECTION ( 'NONE',  ( -0.000000000000000000, -1.000000000000000000, -0.000000000000000000 ) ) ;
#717 = CARTESIAN_POINT ( 'NONE',  ( 1.500000000000000000, -91.11999999999997613, -67.26476147320160237 ) ) ;
#718 = DIRECTION ( 'NONE',  ( 0.9827498610153641012, 0.000000000000000000, 0.1849397487677608698 ) ) ;
#719 = ORIENTED_EDGE ( 'NONE', *, *, #3095, .F. ) ;
#720 = PLANE ( 'NONE',  #2190 ) ;
#721 = ADVANCED_FACE ( 'NONE', ( #3169 ), #3566, .F. ) ;
#722 = EDGE_LOOP ( 'NONE', ( #764, #4182, #2819, #2091 ) ) ;
#723 = DIRECTION ( 'NONE',  ( -0.3826834323650941672, 0.000000000000000000, 0.9238795325112850731 ) ) ;
#724 = CARTESIAN_POINT ( 'NONE',  ( 2.629050547790021767E-14, 2.500000000000000000, 2.500000000000000444 ) ) ;
#725 = DIRECTION ( 'NONE',  ( -0.9238795325112865164, 0.000000000000000000, -0.3826834323650902259 ) ) ;
#726 = COLOUR_RGB ( '',0.7921568627450980005, 0.8196078431372548767, 0.9333333333333333481 ) ;
#727 = CIRCLE ( 'NONE', #952, 5.588000000000000966 ) ;
#728 = EDGE_CURVE ( 'NONE', #1359, #2498, #2244, .T. ) ;
#729 = DIRECTION ( 'NONE',  ( 0.9238795325112865164, 0.000000000000000000, 0.3826834323650901148 ) ) ;
#730 = ORIENTED_EDGE ( 'NONE', *, *, #2296, .F. ) ;
#731 = AXIS2_PLACEMENT_3D ( 'NONE', #2197, #425, #65 ) ;
#732 = EDGE_CURVE ( 'NONE', #1113, #1619, #93, .T. ) ;
#733 = CYLINDRICAL_SURFACE ( 'NONE', #451, 5.588000000000000078 ) ;
#734 = CIRCLE ( 'NONE', #3586, 35.56000000000000227 ) ;
#735 = ORIENTED_EDGE ( 'NONE', *, *, #1712, .T. ) ;
#736 = ORIENTED_EDGE ( 'NONE', *, *, #2356, .T. ) ;
#737 = DIRECTION ( 'NONE',  ( 0.7952755801671441693, -0.2688750668918975517, -0.5433626321285721650 ) ) ;
#738 =( NAMED_UNIT ( * ) SI_UNIT ( $, .STERADIAN. ) SOLID_ANGLE_UNIT ( ) );
#739 = CIRCLE ( 'NONE', #4384, 5.588000000000000078 ) ;
#740 = DIRECTION ( 'NONE',  ( -0.1849397487677497398, 0.000000000000000000, 0.9827498610153660996 ) ) ;
#741 = SHAPE_REPRESENTATION ( 'Intake-SideMounting', ( #508 ), #2524 ) ;
#742 = CIRCLE ( 'NONE', #2323, 5.587999999999997414 ) ;
#743 = VECTOR ( 'NONE', #503, 1000.000000000000114 ) ;
#744 = CARTESIAN_POINT ( 'NONE',  ( -27.50862483493834887, -8.958010899717418596, 17.44285310409839695 ) ) ;
#745 = CIRCLE ( 'NONE', #2402, 5.587999999999995637 ) ;
#746 = ORIENTED_EDGE ( 'NONE', *, *, #2581, .T. ) ;
#747 = CARTESIAN_POINT ( 'NONE',  ( 4.763139720814412392, -2.500000000000000000, -2.750000000000000444 ) ) ;
#748 = CIRCLE ( 'NONE', #469, 5.587999999999998302 ) ;
#749 = VERTEX_POINT ( 'NONE', #3641 ) ;
#750 = AXIS2_PLACEMENT_3D ( 'NONE', #4410, #3783, #3444 ) ;
#751 = CARTESIAN_POINT ( 'NONE',  ( 19.97500409654815101, -14.57110604024935974, 48.22392579834550475 ) ) ;
#752 = AXIS2_PLACEMENT_3D ( 'NONE', #77, #3148, #1443 ) ;
#753 = LINE ( 'NONE', #4196, #608 ) ;
#754 = FACE_OUTER_BOUND ( 'NONE', #4134, .T. ) ;
#755 = EDGE_CURVE ( 'NONE', #564, #2005, #2751, .T. ) ;
#756 = AXIS2_PLACEMENT_3D ( 'NONE', #2748, #2435, #1752 ) ;
#757 = DIRECTION ( 'NONE',  ( -0.5000000000000003331, 0.000000000000000000, -0.8660254037844383745 ) ) ;
#758 = DIRECTION ( 'NONE',  ( 0.000000000000000000, 1.000000000000000000, -0.000000000000000000 ) ) ;
#759 = ORIENTED_EDGE ( 'NONE', *, *, #1655, .T. ) ;
#760 = ADVANCED_FACE ( 'NONE', ( #2622, #2595, #4357, #2995, #2008, #1966 ), #1602, .T. ) ;
#761 = ORIENTED_EDGE ( 'NONE', *, *, #3476, .F. ) ;
#762 = CARTESIAN_POINT ( 'NONE',  ( -1.299038105676656230, 2.500000000000000000, 0.7499999999999996669 ) ) ;
#763 = CIRCLE ( 'NONE', #1543, 5.588000000000000078 ) ;
#764 = ORIENTED_EDGE ( 'NONE', *, *, #2387, .F. ) ;
#765 = CARTESIAN_POINT ( 'NONE',  ( -50.36236081840159784, -14.57110604024943967, -14.81236526887604121 ) ) ;
#766 = ADVANCED_FACE ( 'NONE', ( #3349 ), #2973, .F. ) ;
#767 = CARTESIAN_POINT ( 'NONE',  ( -34.69152108516481547, -11.53990820736679268, 5.764728942722280536 ) ) ;
#768 = CIRCLE ( 'NONE', #1828, 5.588000000000000078 ) ;
#769 = EDGE_CURVE ( 'NONE', #564, #3070, #1957, .T. ) ;
#770 = VERTEX_POINT ( 'NONE', #3369 ) ;
#771 = SPHERICAL_SURFACE ( 'NONE', #1337, 35.56000000000000227 ) ;
#772 = CARTESIAN_POINT ( 'NONE',  ( -19.97500409654850273, -14.57110604024939882, 48.22392579834550475 ) ) ;
#773 = LINE ( 'NONE', #4114, #1096 ) ;
#774 = DIRECTION ( 'NONE',  ( 0.5433626321285691674, -0.2688750668918975517, 0.7952755801671461677 ) ) ;
#775 = DIRECTION ( 'NONE',  ( 0.1781293538267804955, -0.2688750668918974962, -0.9465601574697359855 ) ) ;
#776 = CYLINDRICAL_SURFACE ( 'NONE', #2030, 22.00000000000000355 ) ;
#777 = CARTESIAN_POINT ( 'NONE',  ( -9.013887592422929338E-15, -2.500000000000000000, -2.500000000000000444 ) ) ;
#778 = EDGE_LOOP ( 'NONE', ( #1933, #972, #1833, #376 ) ) ;
#779 = EDGE_LOOP ( 'NONE', ( #759, #1367, #3272, #1529 ) ) ;
#780 = DIRECTION ( 'NONE',  ( -0.1781293538267804955, -0.2688750668918974962, 0.9465601574697359855 ) ) ;
#781 = PRODUCT_DEFINITION ( 'UNKNOWN', '', #2090, #3010 ) ;
#782 = EDGE_LOOP ( 'NONE', ( #119, #4306, #3179, #3999 ) ) ;
#783 = DIRECTION ( 'NONE',  ( -0.9999999999999998890, 1.994572817616624429E-16, 5.949746985709796615E-33 ) ) ;
#784 = DIRECTION ( 'NONE',  ( 1.224646799147351975E-16, 0.000000000000000000, -1.000000000000000000 ) ) ;
#785 = EDGE_CURVE ( 'NONE', #1305, #911, #546, .T. ) ;
#786 = AXIS2_PLACEMENT_3D ( 'NONE', #2, #1041, #2066 ) ;
#787 = VERTEX_POINT ( 'NONE', #1278 ) ;
#788 = CARTESIAN_POINT ( 'NONE',  ( -12.28021427642559793, -8.958010899717429254, 29.64705985499429985 ) ) ;
#789 = EDGE_CURVE ( 'NONE', #1571, #517, #965, .T. ) ;
#790 = DIRECTION ( 'NONE',  ( 0.3685911383658634910, 0.2688750668918974962, 0.8898577252134380888 ) ) ;
#791 = FACE_OUTER_BOUND ( 'NONE', #957, .T. ) ;
#792 = CARTESIAN_POINT ( 'NONE',  ( -0.7639757579409879318, 9.442407932967681106, 34.27493068510435137 ) ) ;
#793 = CYLINDRICAL_SURFACE ( 'NONE', #2897, 5.587999999999995637 ) ;
#794 = DIRECTION ( 'NONE',  ( -0.000000000000000000, -1.000000000000000000, -0.000000000000000000 ) ) ;
#795 = LINE ( 'NONE', #3173, #3385 ) ;
#796 = VERTEX_POINT ( 'NONE', #567 ) ;
#797 = ORIENTED_EDGE ( 'NONE', *, *, #2443, .T. ) ;
#798 = CARTESIAN_POINT ( 'NONE',  ( 6.843326313635410839E-16, -35.11819835925530242, -5.588000000000000078 ) ) ;
#799 = AXIS2_PLACEMENT_3D ( 'NONE', #495, #120, #3878 ) ;
#800 = ORIENTED_EDGE ( 'NONE', *, *, #334, .T. ) ;
#801 =( NAMED_UNIT ( * ) PLANE_ANGLE_UNIT ( ) SI_UNIT ( $, .RADIAN. ) );
#802 = AXIS2_PLACEMENT_3D ( 'NONE', #872, #3965, #4222 ) ;
#803 = EDGE_CURVE ( 'NONE', #1222, #2325, #3618, .T. ) ;
#804 = AXIS2_PLACEMENT_3D ( 'NONE', #3464, #2444, #3151 ) ;
#805 = CARTESIAN_POINT ( 'NONE',  ( 18.10689553826960108, -9.442407932967681106, -29.11176508550489928 ) ) ;
#806 = EDGE_CURVE ( 'NONE', #588, #3196, #1940, .T. ) ;
#807 = ORIENTED_EDGE ( 'NONE', *, *, #3362, .F. ) ;
#808 = PRODUCT_DEFINITION_SHAPE ( 'NONE', 'NONE',  #4429 ) ;
#809 =( NAMED_UNIT ( * ) PLANE_ANGLE_UNIT ( ) SI_UNIT ( $, .RADIAN. ) );
#810 = AXIS2_PLACEMENT_3D ( 'NONE', #101, #500, #3232 ) ;
#811 = VECTOR ( 'NONE', #1079, 1000.000000000000000 ) ;
#812 = DIRECTION ( 'NONE',  ( -0.8256812413987159038, 0.000000000000000000, 0.5641369404694887013 ) ) ;
#813 = ORIENTED_EDGE ( 'NONE', *, *, #1066, .T. ) ;
#814 = DIRECTION ( 'NONE',  ( 2.287192253487400220E-15, 0.7555613467006970785, -0.6550778971785179428 ) ) ;
#815 = CARTESIAN_POINT ( 'NONE',  ( 2.165063509461096380, -2.500000000000000000, -1.250000000000002887 ) ) ;
#816 = DIRECTION ( 'NONE',  ( -0.9465601574697367626, -0.2688750668918974407, -0.1781293538267769705 ) ) ;
#817 = VECTOR ( 'NONE', #1639, 1000.000000000000227 ) ;
#818 = CARTESIAN_POINT ( 'NONE',  ( -2.886751345948131320, 2.500000000000000000, 2.016616040823038247E-14 ) ) ;
#819 = AXIS2_PLACEMENT_3D ( 'NONE', #253, #1264, #2316 ) ;
#820 = AXIS2_PLACEMENT_3D ( 'NONE', #1007, #2338, #2754 ) ;
#821 = FACE_BOUND ( 'NONE', #994, .T. ) ;
#822 = ORIENTED_EDGE ( 'NONE', *, *, #3162, .F. ) ;
#823 = DIRECTION ( 'NONE',  ( 0.5000000000000003331, 0.000000000000000000, 0.8660254037844383745 ) ) ;
#824 = AXIS2_PLACEMENT_3D ( 'NONE', #658, #1296, #3749 ) ;
#825 = DIRECTION ( 'NONE',  ( -0.000000000000000000, -1.000000000000000000, -0.000000000000000000 ) ) ;
#826 =( GEOMETRIC_REPRESENTATION_CONTEXT ( 3 ) GLOBAL_UNCERTAINTY_ASSIGNED_CONTEXT ( ( #4393 ) ) GLOBAL_UNIT_ASSIGNED_CONTEXT ( ( #3557, #3945, #160 ) ) REPRESENTATION_CONTEXT ( 'NONE', 'WORKASPACE' ) );
#827 = VERTEX_POINT ( 'NONE', #963 ) ;
#828 = DIRECTION ( 'NONE',  ( 1.000000000000000000, 0.000000000000000000, 0.000000000000000000 ) ) ;
#829 = CIRCLE ( 'NONE', #3342, 5.588000000000000078 ) ;
#830 = ADVANCED_FACE ( 'NONE', ( #3328 ), #3708, .F. ) ;
#831 = CARTESIAN_POINT ( 'NONE',  ( 4.041451884327381450, 2.500000000000000000, 3.999999999999998224 ) ) ;
#832 = EDGE_LOOP ( 'NONE', ( #542, #515, #1195, #1409 ) ) ;
#833 = CARTESIAN_POINT ( 'NONE',  ( -48.22392579834540527, -14.57110604024943967, -19.97500409654910314 ) ) ;
#834 = CARTESIAN_POINT ( 'NONE',  ( 0.000000000000000000, 2.500000000000000000, -5.500000000000001776 ) ) ;
#835 = EDGE_CURVE ( 'NONE', #3338, #2425, #3595, .T. ) ;
#836 = EDGE_LOOP ( 'NONE', ( #2886, #3331, #2697, #1660 ) ) ;
#837 = ORIENTED_EDGE ( 'NONE', *, *, #2656, .T. ) ;
#838 = DIRECTION ( 'NONE',  ( -0.000000000000000000, -1.000000000000000000, -0.000000000000000000 ) ) ;
#839 = LINE ( 'NONE', #815, #1326 ) ;
#840 = VERTEX_POINT ( 'NONE', #1251 ) ;
#841 = CARTESIAN_POINT ( 'NONE',  ( -1.299038105676659560, 2.500000000000000000, -0.7500000000000009992 ) ) ;
#842 = CARTESIAN_POINT ( 'NONE',  ( -6.938893903907229955E-15, 33.31662918123620187, -1.387778780781445991E-14 ) ) ;
#843 = DIRECTION ( 'NONE',  ( -0.000000000000000000, -1.000000000000000000, -0.000000000000000000 ) ) ;
#844 = ORIENTED_EDGE ( 'NONE', *, *, #2184, .T. ) ;
#845 = CARTESIAN_POINT ( 'NONE',  ( -15.14494349071254931, 14.57110604024939882, 50.26334886101980004 ) ) ;
#846 = DIRECTION ( 'NONE',  ( -0.000000000000000000, -0.000000000000000000, 1.000000000000000000 ) ) ;
#847 = EDGE_CURVE ( 'NONE', #2370, #182, #267, .T. ) ;
#848 =( REPRESENTATION_RELATIONSHIP ('NONE','NONE', #2722, #1202 ) REPRESENTATION_RELATIONSHIP_WITH_TRANSFORMATION ( #601 )SHAPE_REPRESENTATION_RELATIONSHIP( ) );
#849 = ADVANCED_FACE ( 'NONE', ( #3983 ), #1297, .T. ) ;
#850 = CARTESIAN_POINT ( 'NONE',  ( 0.000000000000000000, -2.500000000000000000, 5.500000000000000000 ) ) ;
#851 = ORIENTED_EDGE ( 'NONE', *, *, #3630, .F. ) ;
#852 = CYLINDRICAL_SURFACE ( 'NONE', #2695, 2.886751345948131320 ) ;
#853 = CIRCLE ( 'NONE', #929, 5.588000000000002743 ) ;
#854 = CARTESIAN_POINT ( 'NONE',  ( 14.24628908682709927, 21.51218192226900072, -21.80579739880554868 ) ) ;
#855 = EDGE_LOOP ( 'NONE', ( #1052, #80, #4141, #3824 ) ) ;
#856 = CARTESIAN_POINT ( 'NONE',  ( -1.443375672974042123, 47.50000000000000000, 2.500000000000014655 ) ) ;
#857 = DIRECTION ( 'NONE',  ( 0.6550778971785180538, 0.7555613467006971895, 0.000000000000000000 ) ) ;
#858 = ORIENTED_EDGE ( 'NONE', *, *, #4368, .T. ) ;
#859 = EDGE_LOOP ( 'NONE', ( #136, #3126, #736, #1355 ) ) ;
#860 = DIRECTION ( 'NONE',  ( -0.3685911383658700413, 0.2688750668918975517, -0.8898577252134353133 ) ) ;
#861 = EDGE_LOOP ( 'NONE', ( #3388, #3928 ) ) ;
#862 = CARTESIAN_POINT ( 'NONE',  ( 2.886751345948130876, -47.50000000000000000, 0.000000000000000000 ) ) ;
#863 = CARTESIAN_POINT ( 'NONE',  ( 1.500000000000000000, 10.00000000000000000, -10.00000000000000000 ) ) ;
#864 = CYLINDRICAL_SURFACE ( 'NONE', #1880, 22.00000000000000355 ) ;
#865 = EDGE_CURVE ( 'NONE', #2529, #3439, #1518, .T. ) ;
#866 = ORIENTED_EDGE ( 'NONE', *, *, #2806, .F. ) ;
#867 = DIRECTION ( 'NONE',  ( 0.8898577252134366455, 0.2688750668918973852, -0.3685911383658668217 ) ) ;
#868 = DIRECTION ( 'NONE',  ( -0.6550778971785186089, 0.7555613467006966344, 0.000000000000000000 ) ) ;
#869 = EDGE_CURVE ( 'NONE', #410, #2263, #4037, .T. ) ;
#870 = EDGE_CURVE ( 'NONE', #2942, #4097, #4181, .T. ) ;
#871 = ORIENTED_EDGE ( 'NONE', *, *, #3849, .F. ) ;
#872 = CARTESIAN_POINT ( 'NONE',  ( 27.32650910129819977, 37.64850614575340160, 17.85311223758469978 ) ) ;
#873 = ORIENTED_EDGE ( 'NONE', *, *, #1436, .T. ) ;
#874 = CARTESIAN_POINT ( 'NONE',  ( -7.551720354427209030E-14, -28.83333250113610191, 17.60291057975720008 ) ) ;
#875 = CARTESIAN_POINT ( 'NONE',  ( -12.28021427642520003, -8.958010899717429254, -29.64705985499449881 ) ) ;
#876 = VECTOR ( 'NONE', #2458, 1000.000000000000114 ) ;
#877 = CARTESIAN_POINT ( 'NONE',  ( -6.938893903907229955E-15, 35.56000000000000227, -1.387778780781445991E-14 ) ) ;
#878 = VECTOR ( 'NONE', #1303, 1000.000000000000000 ) ;
#879 = EDGE_LOOP ( 'NONE', ( #866, #3090, #3310, #3424 ) ) ;
#880 = EDGE_LOOP ( 'NONE', ( #1235, #3657, #1349, #3772 ) ) ;
#881 = CARTESIAN_POINT ( 'NONE',  ( 1.299038105676654231, 2.500000000000000000, -0.7499999999999993339 ) ) ;
#882 = EDGE_LOOP ( 'NONE', ( #347, #514 ) ) ;
#883 = DIRECTION ( 'NONE',  ( 0.5000000000000001110, 0.000000000000000000, -0.8660254037844385966 ) ) ;
#884 = AXIS2_PLACEMENT_3D ( 'NONE', #2331, #3297, #2927 ) ;
#885 = AXIS2_PLACEMENT_3D ( 'NONE', #1627, #2307, #3665 ) ;
#886 = DIRECTION ( 'NONE',  ( 0.6550778971785190530, 0.7555613467006961903, 0.000000000000000000 ) ) ;
#887 = VECTOR ( 'NONE', #121, 1000.000000000000000 ) ;
#888 = DIRECTION ( 'NONE',  ( -0.6325326158847149882, -0.6550778971785178317, -0.4132498499336819120 ) ) ;
#889 = VERTEX_POINT ( 'NONE', #3088 ) ;
#890 = DIRECTION ( 'NONE',  ( 0.000000000000000000, 0.000000000000000000, 1.000000000000000000 ) ) ;
#891 = EDGE_CURVE ( 'NONE', #1478, #616, #1385, .T. ) ;
#892 = LINE ( 'NONE', #2628, #2111 ) ;
#893 = SHAPE_REPRESENTATION_RELATIONSHIP ( 'NONE' , 'NONE' ,  #741, #3540 ) ;
#894 = SHAPE_DEFINITION_REPRESENTATION ( #1903, #1653 ) ;
#895 = CIRCLE ( 'NONE', #2969, 5.588000000000000078 ) ;
#896 = AXIS2_PLACEMENT_3D ( 'NONE', #1540, #3570, #177 ) ;
#897 = EDGE_CURVE ( 'NONE', #840, #4097, #4157, .T. ) ;
#898 = EDGE_LOOP ( 'NONE', ( #226, #2143, #2405, #4112 ) ) ;
#899 = AXIS2_PLACEMENT_3D ( 'NONE', #4041, #3680, #2589 ) ;
#900 = DIRECTION ( 'NONE',  ( -0.4999999999999949485, 0.000000000000000000, 0.8660254037844415942 ) ) ;
#901 = EDGE_LOOP ( 'NONE', ( #1632, #1330, #1626, #822 ) ) ;
#902 = LINE ( 'NONE', #2219, #1891 ) ;
#903 = CIRCLE ( 'NONE', #2186, 22.00000000000000355 ) ;
#904 = VECTOR ( 'NONE', #4356, 1000.000000000000000 ) ;
#905 = PRODUCT ( 'Hex Shaft', 'Hex Shaft', '', ( #1258 ) ) ;
#906 = CARTESIAN_POINT ( 'NONE',  ( -1.299038105676656230, 2.500000000000000000, 0.7499999999999996669 ) ) ;
#907 = FACE_OUTER_BOUND ( 'NONE', #1501, .T. ) ;
#908 = UNCERTAINTY_MEASURE_WITH_UNIT (LENGTH_MEASURE( 1.000000000000000082E-05 ), #292, 'distance_accuracy_value', 'NONE');
#909 = CARTESIAN_POINT ( 'NONE',  ( -18.10689553826960108, -9.442407932967681106, 29.11176508550489928 ) ) ;
#910 = EDGE_CURVE ( 'NONE', #2131, #1810, #2815, .T. ) ;
#911 = VERTEX_POINT ( 'NONE', #1410 ) ;
#912 = ORIENTED_EDGE ( 'NONE', *, *, #847, .F. ) ;
#913 = LINE ( 'NONE', #3239, #667 ) ;
#914 = ORIENTED_EDGE ( 'NONE', *, *, #2247, .T. ) ;
#915 = FACE_BOUND ( 'NONE', #200, .T. ) ;
#916 = CIRCLE ( 'NONE', #1058, 5.588000000000000078 ) ;
#917 = DIRECTION ( 'NONE',  ( 0.000000000000000000, -1.000000000000000000, 0.000000000000000000 ) ) ;
#918 = CYLINDRICAL_SURFACE ( 'NONE', #1599, 25.00000000000000000 ) ;
#919 = ORIENTED_EDGE ( 'NONE', *, *, #1030, .F. ) ;
#920 = CARTESIAN_POINT ( 'NONE',  ( -39.94585262105459833, 14.57110604024932066, 34.06027613567480472 ) ) ;
#921 = FACE_BOUND ( 'NONE', #2904, .T. ) ;
#922 = APPLICATION_PROTOCOL_DEFINITION ( 'draft international standard', 'automotive_design', 1998, #1161 ) ;
#923 = ORIENTED_EDGE ( 'NONE', *, *, #2657, .F. ) ;
#924 = CARTESIAN_POINT ( 'NONE',  ( 21.82498738512065017, -25.17275721170254954, 0.000000000000000000 ) ) ;
#925 = ORIENTED_EDGE ( 'NONE', *, *, #3988, .F. ) ;
#926 = CARTESIAN_POINT ( 'NONE',  ( 4.678100955002859607, 35.11819835925530242, 3.056323846519069853 ) ) ;
#927 = DIRECTION ( 'NONE',  ( 0.7952755801671441693, -0.2688750668918975517, -0.5433626321285721650 ) ) ;
#928 = CARTESIAN_POINT ( 'NONE',  ( -12.28021427642520003, -8.958010899717429254, -29.64705985499449881 ) ) ;
#929 = AXIS2_PLACEMENT_3D ( 'NONE', #1775, #708, #729 ) ;
#930 = ADVANCED_FACE ( 'NONE', ( #1120 ), #1073, .F. ) ;
#931 = CARTESIAN_POINT ( 'NONE',  ( -1.500000000000000000, 10.00000000000000000, -10.00000000000000000 ) ) ;
#932 = ADVANCED_FACE ( 'NONE', ( #3798 ), #733, .F. ) ;
#933 = EDGE_LOOP ( 'NONE', ( #4228, #252, #657, #3013 ) ) ;
#934 = ORIENTED_EDGE ( 'NONE', *, *, #273, .T. ) ;
#935 = EDGE_LOOP ( 'NONE', ( #443, #4208, #3259, #3153 ) ) ;
#936 = DIRECTION ( 'NONE',  ( -0.7555613467006968564, -0.6550778971785183868, 0.000000000000000000 ) ) ;
#937 = DIRECTION ( 'NONE',  ( -0.1849397487677497398, 0.000000000000000000, 0.9827498610153660996 ) ) ;
#938 = LINE ( 'NONE', #4025, #3231 ) ;
#939 = ORIENTED_EDGE ( 'NONE', *, *, #806, .F. ) ;
#940 = PLANE ( 'NONE',  #885 ) ;
#941 = DIRECTION ( 'NONE',  ( 0.6550778971785186089, 0.7555613467006966344, 0.000000000000000000 ) ) ;
#942 = FILL_AREA_STYLE_COLOUR ( '', #726 ) ;
#943 = CONTEXT_DEPENDENT_SHAPE_REPRESENTATION ( #624, #2210 ) ;
#944 = VERTEX_POINT ( 'NONE', #1717 ) ;
#945 = CARTESIAN_POINT ( 'NONE',  ( -21.94880406764797343, 2.500000000000000000, -1.499999999999999556 ) ) ;
#946 = ORIENTED_EDGE ( 'NONE', *, *, #2443, .F. ) ;
#947 = PLANE ( 'NONE',  #4394 ) ;
#948 = CARTESIAN_POINT ( 'NONE',  ( -27.92864557458160135, 9.442407932967689987, 19.08191669609825070 ) ) ;
#949 = ADVANCED_FACE ( 'NONE', ( #2125, #3131, #58, #2796, #2467, #1428 ), #1449, .T. ) ;
#950 = FILL_AREA_STYLE ('',( #2041 ) ) ;
#951 =( GEOMETRIC_REPRESENTATION_CONTEXT ( 3 ) GLOBAL_UNCERTAINTY_ASSIGNED_CONTEXT ( ( #1984 ) ) GLOBAL_UNIT_ASSIGNED_CONTEXT ( ( #2104, #2168, #4186 ) ) REPRESENTATION_CONTEXT ( 'NONE', 'WORKASPACE' ) );
#952 = AXIS2_PLACEMENT_3D ( 'NONE', #1465, #790, #118 ) ;
#953 = UNCERTAINTY_MEASURE_WITH_UNIT (LENGTH_MEASURE( 1.000000000000000082E-05 ), #1216, 'distance_accuracy_value', 'NONE');
#954 = DIRECTION ( 'NONE',  ( -0.9465601574697367626, -0.2688750668918974407, -0.1781293538267769705 ) ) ;
#955 = AXIS2_PLACEMENT_3D ( 'NONE', #767, #2826, #2887 ) ;
#956 = ORIENTED_EDGE ( 'NONE', *, *, #3974, .F. ) ;
#957 = EDGE_LOOP ( 'NONE', ( #1295, #2701, #3204, #1904 ) ) ;
#958 = EDGE_CURVE ( 'NONE', #704, #4017, #1776, .T. ) ;
#959 = EDGE_LOOP ( 'NONE', ( #107, #2910 ) ) ;
#960 = CARTESIAN_POINT ( 'NONE',  ( 1.500000000000000000, 10.00000000000000000, 40.00000000000000000 ) ) ;
#961 = PRODUCT_DEFINITION_FORMATION_WITH_SPECIFIED_SOURCE ( 'ANY', '', #2937, .NOT_KNOWN. ) ;
#962 = AXIS2_PLACEMENT_3D ( 'NONE', #4009, #338, #3375 ) ;
#963 = CARTESIAN_POINT ( 'NONE',  ( -9.675363928147325154, -2.500000000000000000, 19.75822190527036426 ) ) ;
#964 = CARTESIAN_POINT ( 'NONE',  ( -6.938893903907229955E-15, 0.000000000000000000, -1.387778780781445991E-14 ) ) ;
#965 = CIRCLE ( 'NONE', #23, 5.587999999999995637 ) ;
#966 = ORIENTED_EDGE ( 'NONE', *, *, #835, .F. ) ;
#967 = LINE ( 'NONE', #3281, #2888 ) ;
#968 = DIRECTION ( 'NONE',  ( 0.1849397487677571505, 0.000000000000000000, -0.9827498610153648784 ) ) ;
#969 = VECTOR ( 'NONE', #716, 1000.000000000000000 ) ;
#970 = ORIENTED_EDGE ( 'NONE', *, *, #803, .F. ) ;
#971 = CARTESIAN_POINT ( 'NONE',  ( 1.443375672974063884, 2.500000000000000000, -5.500000000000001776 ) ) ;
#972 = ORIENTED_EDGE ( 'NONE', *, *, #1102, .F. ) ;
#973 = ORIENTED_EDGE ( 'NONE', *, *, #1417, .T. ) ;
#974 = LINE ( 'NONE', #3074, #1680 ) ;
#975 = AXIS2_PLACEMENT_3D ( 'NONE', #1177, #4152, #2552 ) ;
#976 = AXIS2_PLACEMENT_3D ( 'NONE', #1994, #3084, #1648 ) ;
#977 = VECTOR ( 'NONE', #1306, 1000.000000000000227 ) ;
#978 = CYLINDRICAL_SURFACE ( 'NONE', #3171, 5.587999999999999190 ) ;
#979 = MECHANICAL_DESIGN_GEOMETRIC_PRESENTATION_REPRESENTATION (  '', ( #4261 ), #3406 ) ;
#980 = LINE ( 'NONE', #48, #1532 ) ;
#981 = ORIENTED_EDGE ( 'NONE', *, *, #1372, .T. ) ;
#982 =( GEOMETRIC_REPRESENTATION_CONTEXT ( 3 ) GLOBAL_UNCERTAINTY_ASSIGNED_CONTEXT ( ( #2351 ) ) GLOBAL_UNIT_ASSIGNED_CONTEXT ( ( #3290, #1930, #2321 ) ) REPRESENTATION_CONTEXT ( 'NONE', 'WORKASPACE' ) );
#983 = VERTEX_POINT ( 'NONE', #2505 ) ;
#984 = DIRECTION ( 'NONE',  ( 0.4132498499336825226, 0.6550778971785178317, -0.6325326158847147662 ) ) ;
#985 = DIRECTION ( 'NONE',  ( -0.5484109764481208682, -0.7555613467006967454, -0.3582910161908169355 ) ) ;
#986 = DIRECTION ( 'NONE',  ( 0.000000000000000000, 1.000000000000000000, 0.000000000000000000 ) ) ;
#987 = DIRECTION ( 'NONE',  ( 0.3685911383658634910, 0.2688750668918974962, 0.8898577252134380888 ) ) ;
#988 = DIRECTION ( 'NONE',  ( 0.4132498499336825226, 0.6550778971785178317, -0.6325326158847147662 ) ) ;
#989 = FILL_AREA_STYLE ('',( #3373 ) ) ;
#990 = VECTOR ( 'NONE', #2230, 1000.000000000000114 ) ;
#991 = ORIENTED_EDGE ( 'NONE', *, *, #2133, .F. ) ;
#992 = EDGE_CURVE ( 'NONE', #466, #2747, #79, .T. ) ;
#993 = CARTESIAN_POINT ( 'NONE',  ( -2.886751345948130432, 47.50000000000000000, 2.015807690851639259E-14 ) ) ;
#994 = EDGE_LOOP ( 'NONE', ( #4096, #1429 ) ) ;
#995 = ORIENTED_EDGE ( 'NONE', *, *, #125, .T. ) ;
#996 = DIRECTION ( 'NONE',  ( -0.000000000000000000, -1.000000000000000000, -0.000000000000000000 ) ) ;
#997 = EDGE_CURVE ( 'NONE', #3763, #3063, #1053, .T. ) ;
#998 = CARTESIAN_POINT ( 'NONE',  ( 1.443375672974094748, 2.500000000000000000, 2.499999999999985345 ) ) ;
#999 = UNCERTAINTY_MEASURE_WITH_UNIT (LENGTH_MEASURE( 1.000000000000000082E-05 ), #3475, 'distance_accuracy_value', 'NONE');
#1000 = CARTESIAN_POINT ( 'NONE',  ( 1.299038105676657118, 2.500000000000000000, 0.7499999999999993339 ) ) ;
#1001 = ORIENTED_EDGE ( 'NONE', *, *, #2048, .F. ) ;
#1002 = VERTEX_POINT ( 'NONE', #3503 ) ;
#1003 = CARTESIAN_POINT ( 'NONE',  ( 1.500000000000000000, 0.000000000000000000, 2.886751345948131320 ) ) ;
#1004 = ORIENTED_EDGE ( 'NONE', *, *, #4127, .F. ) ;
#1005 = CARTESIAN_POINT ( 'NONE',  ( 51.29679217713410111, 14.57110604024939882, 9.653337267358519824 ) ) ;
#1006 = PLANE ( 'NONE',  #3242 ) ;
#1007 = CARTESIAN_POINT ( 'NONE',  ( 0.000000000000000000, 2.500000000000000000, 0.000000000000000000 ) ) ;
#1008 = FACE_OUTER_BOUND ( 'NONE', #1121, .T. ) ;
#1009 = ORIENTED_EDGE ( 'NONE', *, *, #1358, .F. ) ;
#1010 = CARTESIAN_POINT ( 'NONE',  ( -13.48910454863199959, 8.958010899717418596, -29.64829882466480271 ) ) ;
#1011 = ORIENTED_EDGE ( 'NONE', *, *, #2680, .T. ) ;
#1012 = CIRCLE ( 'NONE', #786, 5.587999999999998302 ) ;
#1013 = EDGE_CURVE ( 'NONE', #589, #770, #436, .T. ) ;
#1014 = CARTESIAN_POINT ( 'NONE',  ( 3.425865699068145057E-13, -33.98793085631999844, -36.86364104838254718 ) ) ;
#1015 = EDGE_CURVE ( 'NONE', #3455, #3477, #795, .T. ) ;
#1016 = CARTESIAN_POINT ( 'NONE',  ( -21.82498738512065017, -25.17275721170254954, 0.000000000000000000 ) ) ;
#1017 = DIRECTION ( 'NONE',  ( -0.8898577252134316495, 0.2688750668918973852, -0.3685911383658788121 ) ) ;
#1018 = ORIENTED_EDGE ( 'NONE', *, *, #3903, .T. ) ;
#1019 = VERTEX_POINT ( 'NONE', #3781 ) ;
#1020 = CARTESIAN_POINT ( 'NONE',  ( 33.78199999999999648, 0.000000000000000000, 0.000000000000000000 ) ) ;
#1021 =( GEOMETRIC_REPRESENTATION_CONTEXT ( 3 ) GLOBAL_UNCERTAINTY_ASSIGNED_CONTEXT ( ( #2705 ) ) GLOBAL_UNIT_ASSIGNED_CONTEXT ( ( #3938, #3646, #1972 ) ) REPRESENTATION_CONTEXT ( 'NONE', 'WORKASPACE' ) );
#1022 = EDGE_LOOP ( 'NONE', ( #587, #1192, #3226, #2454 ) ) ;
#1023 = CARTESIAN_POINT ( 'NONE',  ( 1.500000000000000000, 0.000000000000000000, 0.000000000000000000 ) ) ;
#1024 = CARTESIAN_POINT ( 'NONE',  ( 35.56000000000000227, 0.000000000000000000, 0.000000000000000000 ) ) ;
#1025 = CARTESIAN_POINT ( 'NONE',  ( 5.934669627740060349, 8.958010899717429254, -31.53619376415175424 ) ) ;
#1026 = AXIS2_PLACEMENT_3D ( 'NONE', #2535, #2110, #828 ) ;
#1027 = AXIS2_PLACEMENT_3D ( 'NONE', #288, #986, #595 ) ;
#1028 = FACE_BOUND ( 'NONE', #2491, .T. ) ;
#1029 = CIRCLE ( 'NONE', #1458, 29.99999999999999645 ) ;
#1030 = EDGE_CURVE ( 'NONE', #3006, #749, #742, .T. ) ;
#1031 = EDGE_LOOP ( 'NONE', ( #2852, #2135, #3935, #1098 ) ) ;
#1032 = DIRECTION ( 'NONE',  ( -0.3826834323650941672, 0.000000000000000000, 0.9238795325112850731 ) ) ;
#1033 = ORIENTED_EDGE ( 'NONE', *, *, #755, .F. ) ;
#1034 = CARTESIAN_POINT ( 'NONE',  ( 9.675363928147342918, 2.500000000000000000, 19.75822190527035715 ) ) ;
#1035 = CARTESIAN_POINT ( 'NONE',  ( -12.27344013950064472, 2.500000000000000000, 18.25822190527036071 ) ) ;
#1036 = AXIS2_PLACEMENT_3D ( 'NONE', #3525, #2163, #711 ) ;
#1037 = EDGE_CURVE ( 'NONE', #749, #3006, #672, .T. ) ;
#1038 = CIRCLE ( 'NONE', #3108, 5.588000000000000078 ) ;
#1039 = DIRECTION ( 'NONE',  ( 0.9465601574697382059, -0.2688750668918975517, 0.1781293538267695320 ) ) ;
#1040 = VECTOR ( 'NONE', #607, 1000.000000000000000 ) ;
#1041 = DIRECTION ( 'NONE',  ( 0.8898577252134366455, 0.2688750668918973852, -0.3685911383658668217 ) ) ;
#1042 = EDGE_LOOP ( 'NONE', ( #1084, #1799, #4109, #4264 ) ) ;
#1043 = FACE_BOUND ( 'NONE', #4061, .T. ) ;
#1044 = CIRCLE ( 'NONE', #2696, 5.588000000000000966 ) ;
#1045 = EDGE_CURVE ( 'NONE', #3548, #207, #2079, .T. ) ;
#1046 = VERTEX_POINT ( 'NONE', #4287 ) ;
#1047 = ADVANCED_FACE ( 'NONE', ( #124 ), #3233, .F. ) ;
#1048 = FACE_OUTER_BOUND ( 'NONE', #3359, .T. ) ;
#1049 = CARTESIAN_POINT ( 'NONE',  ( -5.588000000000000078, -35.11819835925530242, -2.519588324565765097E-15 ) ) ;
#1050 = DIRECTION ( 'NONE',  ( -1.000000000000000000, 0.000000000000000000, -0.000000000000000000 ) ) ;
#1051 = CARTESIAN_POINT ( 'NONE',  ( 0.000000000000000000, -2.500000000000000000, -22.00000000000000355 ) ) ;
#1052 = ORIENTED_EDGE ( 'NONE', *, *, #3135, .T. ) ;
#1053 = LINE ( 'NONE', #2142, #1736 ) ;
#1054 = EDGE_LOOP ( 'NONE', ( #3266, #3637 ) ) ;
#1055 = ORIENTED_EDGE ( 'NONE', *, *, #3804, .F. ) ;
#1056 = CYLINDRICAL_SURFACE ( 'NONE', #3247, 22.00000000000000355 ) ;
#1057 = CARTESIAN_POINT ( 'NONE',  ( 0.000000000000000000, 0.000000000000000000, 0.000000000000000000 ) ) ;
#1058 = AXIS2_PLACEMENT_3D ( 'NONE', #3193, #1119, #1844 ) ;
#1059 = CARTESIAN_POINT ( 'NONE',  ( 22.79379771086174955, 22.87337795658755013, 14.89177513835766042 ) ) ;
#1060 = LINE ( 'NONE', #2723, #4326 ) ;
#1061 = EDGE_CURVE ( 'NONE', #4288, #3761, #2624, .T. ) ;
#1062 = CARTESIAN_POINT ( 'NONE',  ( 23.00515553387904788, -26.53395324602110250, 0.000000000000000000 ) ) ;
#1063 = ADVANCED_FACE ( 'NONE', ( #3588 ), #918, .T. ) ;
#1064 = ORIENTED_EDGE ( 'NONE', *, *, #4343, .F. ) ;
#1065 = CARTESIAN_POINT ( 'NONE',  ( 0.000000000000000000, 0.000000000000000000, 0.000000000000000000 ) ) ;
#1066 = EDGE_CURVE ( 'NONE', #3508, #2240, #1488, .T. ) ;
#1067 = ORIENTED_EDGE ( 'NONE', *, *, #3770, .F. ) ;
#1068 = LINE ( 'NONE', #413, #1450 ) ;
#1069 = DIRECTION ( 'NONE',  ( 1.000000000000000000, 0.000000000000000000, 0.000000000000000000 ) ) ;
#1070 = CARTESIAN_POINT ( 'NONE',  ( -19.97500409654774955, -14.57110604024932066, -48.22392579834550475 ) ) ;
#1071 = CARTESIAN_POINT ( 'NONE',  ( 2.886751345948131764, 2.500000000000000000, -2.168404344971008868E-16 ) ) ;
#1072 = ORIENTED_EDGE ( 'NONE', *, *, #454, .F. ) ;
#1073 = CYLINDRICAL_SURFACE ( 'NONE', #804, 5.588000000000002743 ) ;
#1074 = EDGE_LOOP ( 'NONE', ( #2326, #4263, #2306, #3286 ) ) ;
#1075 = VERTEX_POINT ( 'NONE', #3547 ) ;
#1076 = DIRECTION ( 'NONE',  ( -0.6325326158847148772, 0.6550778971785180538, -0.4132498499336820230 ) ) ;
#1077 = DIRECTION ( 'NONE',  ( 1.000000000000000000, 0.000000000000000000, 0.000000000000000000 ) ) ;
#1078 = AXIS2_PLACEMENT_3D ( 'NONE', #2786, #3448, #383 ) ;
#1079 = DIRECTION ( 'NONE',  ( -0.000000000000000000, -1.000000000000000000, -0.000000000000000000 ) ) ;
#1080 = FILL_AREA_STYLE_COLOUR ( '', #2317 ) ;
#1081 = DIRECTION ( 'NONE',  ( -0.3685911383658754814, 0.2688750668918974962, 0.8898577252134330928 ) ) ;
#1082 = ADVANCED_FACE ( 'NONE', ( #3194 ), #864, .F. ) ;
#1083 = FILL_AREA_STYLE ('',( #409 ) ) ;
#1084 = ORIENTED_EDGE ( 'NONE', *, *, #2027, .F. ) ;
#1085 = DIRECTION ( 'NONE',  ( 0.000000000000000000, -1.000000000000000000, 0.000000000000000000 ) ) ;
#1086 = VERTEX_POINT ( 'NONE', #522 ) ;
#1087 = ADVANCED_FACE ( 'NONE', ( #2877 ), #1918, .F. ) ;
#1088 = DIRECTION ( 'NONE',  ( -0.000000000000000000, -1.000000000000000000, -0.000000000000000000 ) ) ;
#1089 = DIRECTION ( 'NONE',  ( -0.8256812413987163479, 0.000000000000000000, 0.5641369404694881462 ) ) ;
#1090 = DIRECTION ( 'NONE',  ( 0.000000000000000000, 1.000000000000000000, -0.000000000000000000 ) ) ;
#1091 = ADVANCED_BREP_SHAPE_REPRESENTATION ( '', ( #4236, #508 ), #951 ) ;
#1092 = VECTOR ( 'NONE', #2129, 999.9999999999998863 ) ;
#1093 = CARTESIAN_POINT ( 'NONE',  ( 2.886751345948130876, -47.50000000000000000, 0.000000000000000000 ) ) ;
#1094 = EDGE_CURVE ( 'NONE', #2325, #2506, #4389, .T. ) ;
#1095 = DIRECTION ( 'NONE',  ( -0.8256812413987163479, 0.000000000000000000, 0.5641369404694881462 ) ) ;
#1096 = VECTOR ( 'NONE', #1088, 1000.000000000000000 ) ;
#1097 = ORIENTED_EDGE ( 'NONE', *, *, #1601, .F. ) ;
#1098 = ORIENTED_EDGE ( 'NONE', *, *, #2660, .T. ) ;
#1099 = LINE ( 'NONE', #2470, #2179 ) ;
#1100 = CARTESIAN_POINT ( 'NONE',  ( -3.056323846519095166, 35.56000000000000227, 4.678100955002859607 ) ) ;
#1101 = CIRCLE ( 'NONE', #88, 22.00000000000000355 ) ;
#1102 = EDGE_CURVE ( 'NONE', #4385, #3978, #199, .T. ) ;
#1103 = ORIENTED_EDGE ( 'NONE', *, *, #3701, .T. ) ;
#1104 = LINE ( 'NONE', #765, #171 ) ;
#1105 = SURFACE_STYLE_FILL_AREA ( #3894 ) ;
#1106 = AXIS2_PLACEMENT_3D ( 'NONE', #3017, #985, #3441 ) ;
#1107 = AXIS2_PLACEMENT_3D ( 'NONE', #1723, #2801, #2065 ) ;
#1108 = CIRCLE ( 'NONE', #3679, 22.00000000000000355 ) ;
#1109 = ORIENTED_EDGE ( 'NONE', *, *, #3515, .T. ) ;
#1110 = SPHERICAL_SURFACE ( 'NONE', #3253, 35.56000000000000227 ) ;
#1111 = VECTOR ( 'NONE', #2892, 1000.000000000000000 ) ;
#1112 = AXIS2_PLACEMENT_3D ( 'NONE', #2128, #3549, #2531 ) ;
#1113 = VERTEX_POINT ( 'NONE', #1537 ) ;
#1114 = AXIS2_PLACEMENT_3D ( 'NONE', #3739, #2347, #671 ) ;
#1115 = DIRECTION ( 'NONE',  ( 0.3826834323651002734, 0.000000000000000000, -0.9238795325112824086 ) ) ;
#1116 = DIRECTION ( 'NONE',  ( -0.9238795325112888479, 0.000000000000000000, 0.3826834323650846748 ) ) ;
#1117 = FACE_OUTER_BOUND ( 'NONE', #3495, .T. ) ;
#1118 = CIRCLE ( 'NONE', #2630, 5.588000000000000966 ) ;
#1119 = DIRECTION ( 'NONE',  ( 0.000000000000000000, -1.000000000000000000, 0.000000000000000000 ) ) ;
#1120 = FACE_OUTER_BOUND ( 'NONE', #2707, .T. ) ;
#1121 = EDGE_LOOP ( 'NONE', ( #4034, #3205, #316, #2797, #1911, #4245, #497, #4018, #3601 ) ) ;
#1122 = ORIENTED_EDGE ( 'NONE', *, *, #2220, .T. ) ;
#1123 = LINE ( 'NONE', #1742, #389 ) ;
#1124 = VECTOR ( 'NONE', #128, 1000.000000000000000 ) ;
#1125 = ADVANCED_FACE ( 'NONE', ( #1206, #2909, #1253 ), #3955, .T. ) ;
#1126 = EDGE_LOOP ( 'NONE', ( #3922, #3089, #3683, #1538 ) ) ;
#1127 = SHAPE_REPRESENTATION_RELATIONSHIP ( 'NONE' , 'NONE' ,  #1653, #553 ) ;
#1128 = ADVANCED_FACE ( 'NONE', ( #1185 ), #3914, .F. ) ;
#1129 = LINE ( 'NONE', #3836, #1252 ) ;
#1130 = ORIENTED_EDGE ( 'NONE', *, *, #1554, .T. ) ;
#1131 = FILL_AREA_STYLE ('',( #4192 ) ) ;
#1132 = CYLINDRICAL_SURFACE ( 'NONE', #4023, 5.588000000000003631 ) ;
#1133 = FACE_BOUND ( 'NONE', #106, .T. ) ;
#1134 = CARTESIAN_POINT ( 'NONE',  ( 0.000000000000000000, -2.500000000000000000, -25.00000000000000000 ) ) ;
#1135 = CARTESIAN_POINT ( 'NONE',  ( -32.20804405287599792, 9.442407932967681106, -11.74718820464836000 ) ) ;
#1136 = DIRECTION ( 'NONE',  ( 0.8660254037844380415, 0.000000000000000000, -0.5000000000000011102 ) ) ;
#1137 = DIRECTION ( 'NONE',  ( 0.7952755801671441693, -0.2688750668918975517, -0.5433626321285721650 ) ) ;
#1138 = EDGE_LOOP ( 'NONE', ( #4374, #2869 ) ) ;
#1139 = EDGE_CURVE ( 'NONE', #221, #1998, #1389, .T. ) ;
#1140 = ORIENTED_EDGE ( 'NONE', *, *, #627, .T. ) ;
#1141 = DIRECTION ( 'NONE',  ( -0.4999999999999949485, 0.000000000000000000, 0.8660254037844415942 ) ) ;
#1142 = DIRECTION ( 'NONE',  ( -0.4999999999999997780, 0.000000000000000000, 0.8660254037844387076 ) ) ;
#1143 = ADVANCED_FACE ( 'NONE', ( #1557 ), #1155, .F. ) ;
#1144 = ORIENTED_EDGE ( 'NONE', *, *, #1638, .F. ) ;
#1145 = DIRECTION ( 'NONE',  ( 0.000000000000000000, 0.000000000000000000, 1.000000000000000000 ) ) ;
#1146 = CARTESIAN_POINT ( 'NONE',  ( 6.843326313635410839E-16, -35.56000000000000227, -5.588000000000000078 ) ) ;
#1147 = ORIENTED_EDGE ( 'NONE', *, *, #674, .T. ) ;
#1148 = DIRECTION ( 'NONE',  ( 0.4132498499336819120, -0.6550778971785178317, -0.6325326158847149882 ) ) ;
#1149 = DIRECTION ( 'NONE',  ( -0.7555613467006968564, 0.6550778971785183868, 0.000000000000000000 ) ) ;
#1150 = ORIENTED_EDGE ( 'NONE', *, *, #2220, .F. ) ;
#1151 = FACE_OUTER_BOUND ( 'NONE', #779, .T. ) ;
#1152 = DIRECTION ( 'NONE',  ( -0.8371691043312220470, 0.000000000000000000, -0.5469441386039890496 ) ) ;
#1153 = LINE ( 'NONE', #1598, #3329 ) ;
#1154 = PLANE ( 'NONE',  #2063 ) ;
#1155 = CYLINDRICAL_SURFACE ( 'NONE', #3885, 5.588000000000000078 ) ;
#1156 = ORIENTED_EDGE ( 'NONE', *, *, #1319, .F. ) ;
#1157 = ORIENTED_EDGE ( 'NONE', *, *, #1309, .T. ) ;
#1158 = CARTESIAN_POINT ( 'NONE',  ( 48.22392579834550475, -14.57110604024935974, -19.97500409654834996 ) ) ;
#1159 = DIRECTION ( 'NONE',  ( 0.000000000000000000, -1.000000000000000000, 0.000000000000000000 ) ) ;
#1160 = EDGE_CURVE ( 'NONE', #1696, #3919, #1963, .T. ) ;
#1161 = APPLICATION_CONTEXT ( 'automotive_design' ) ;
#1162 = VECTOR ( 'NONE', #2305, 999.9999999999998863 ) ;
#1163 = DIRECTION ( 'NONE',  ( -0.8660254037844415942, 0.000000000000000000, -0.4999999999999949485 ) ) ;
#1164 = EDGE_LOOP ( 'NONE', ( #4237, #2846 ) ) ;
#1165 = AXIS2_PLACEMENT_3D ( 'NONE', #4033, #2380, #3737 ) ;
#1166 = ADVANCED_FACE ( 'NONE', ( #2948, #485, #4311, #3887, #821, #2374 ), #1345, .F. ) ;
#1167 = AXIS2_PLACEMENT_3D ( 'NONE', #1226, #917, #2284 ) ;
#1168 = DIRECTION ( 'NONE',  ( 0.000000000000000000, -0.6550778971785180538, 0.7555613467006970785 ) ) ;
#1169 = ORIENTED_EDGE ( 'NONE', *, *, #835, .T. ) ;
#1170 = PRODUCT_DEFINITION_SHAPE ( 'NONE', 'NONE',  #4426 ) ;
#1171 = PLANE ( 'NONE',  #3337 ) ;
#1172 = VECTOR ( 'NONE', #1559, 1000.000000000000227 ) ;
#1173 = CARTESIAN_POINT ( 'NONE',  ( 0.000000000000000000, 47.50000000000000000, 0.000000000000000000 ) ) ;
#1174 = ORIENTED_EDGE ( 'NONE', *, *, #3681, .T. ) ;
#1175 = ORIENTED_EDGE ( 'NONE', *, *, #869, .F. ) ;
#1176 = DIRECTION ( 'NONE',  ( 1.000000000000000000, 0.000000000000000000, -0.000000000000000000 ) ) ;
#1177 = CARTESIAN_POINT ( 'NONE',  ( 18.27120514124170114, 25.17275721170254954, 11.93704892539773965 ) ) ;
#1178 = VECTOR ( 'NONE', #3105, 1000.000000000000227 ) ;
#1179 = EDGE_LOOP ( 'NONE', ( #419, #3346, #1147, #4303 ) ) ;
#1180 = CARTESIAN_POINT ( 'NONE',  ( 5.588000000000000078, -33.31662918123620187, 0.000000000000000000 ) ) ;
#1181 = EDGE_CURVE ( 'NONE', #2700, #2781, #586, .T. ) ;
#1182 = CARTESIAN_POINT ( 'NONE',  ( -14.24628908682698025, 21.51218192226900072, 21.80579739880559842 ) ) ;
#1183 = AXIS2_PLACEMENT_3D ( 'NONE', #2272, #531, #1589 ) ;
#1184 = CIRCLE ( 'NONE', #1398, 5.588000000000000966 ) ;
#1185 = FACE_OUTER_BOUND ( 'NONE', #622, .T. ) ;
#1186 = ORIENTED_EDGE ( 'NONE', *, *, #3001, .T. ) ;
#1187 = CARTESIAN_POINT ( 'NONE',  ( -9.627808763968150885, 28.83333250113610191, 14.73661288367801880 ) ) ;
#1188 = AXIS2_PLACEMENT_3D ( 'NONE', #2299, #1549, #2966 ) ;
#1189 = DIRECTION ( 'NONE',  ( -0.5000000000000067724, 0.000000000000000000, -0.8660254037844345998 ) ) ;
#1190 =( LENGTH_UNIT ( ) NAMED_UNIT ( * ) SI_UNIT ( .MILLI., .METRE. ) );
#1191 = DIRECTION ( 'NONE',  ( -1.000000000000000000, -0.000000000000000000, -0.000000000000000000 ) ) ;
#1192 = ORIENTED_EDGE ( 'NONE', *, *, #681, .F. ) ;
#1193 = DIRECTION ( 'NONE',  ( 0.3685911383658754814, 0.2688750668918974962, -0.8898577252134330928 ) ) ;
#1194 = DIRECTION ( 'NONE',  ( -0.7952755801671480551, -0.2688750668918975517, 0.5433626321285661698 ) ) ;
#1195 = ORIENTED_EDGE ( 'NONE', *, *, #1981, .T. ) ;
#1196 = DIRECTION ( 'NONE',  ( -0.9238795325112867385, 0.000000000000000000, -0.3826834323650900593 ) ) ;
#1197 = VERTEX_POINT ( 'NONE', #4358 ) ;
#1198 = VERTEX_POINT ( 'NONE', #3018 ) ;
#1199 = EDGE_CURVE ( 'NONE', #1761, #3111, #2334, .T. ) ;
#1200 = CYLINDRICAL_SURFACE ( 'NONE', #15, 5.587999999999999190 ) ;
#1201 = VERTEX_POINT ( 'NONE', #1968 ) ;
#1202 = SHAPE_REPRESENTATION ( 'Intake-Ramp', ( #508 ), #3736 ) ;
#1203 = DIRECTION ( 'NONE',  ( -0.6550778971785180538, 0.7555613467006971895, 0.000000000000000000 ) ) ;
#1204 = ADVANCED_FACE ( 'NONE', ( #3690 ), #2358, .F. ) ;
#1205 = DIRECTION ( 'NONE',  ( 0.000000000000000000, -1.000000000000000000, 0.000000000000000000 ) ) ;
#1206 = FACE_OUTER_BOUND ( 'NONE', #4373, .T. ) ;
#1207 = ORIENTED_EDGE ( 'NONE', *, *, #2510, .F. ) ;
#1208 = DIRECTION ( 'NONE',  ( 0.000000000000000000, 1.000000000000000000, -0.000000000000000000 ) ) ;
#1209 = CARTESIAN_POINT ( 'NONE',  ( 4.763139720814412392, 2.500000000000000000, 2.750000000000000444 ) ) ;
#1210 =( NAMED_UNIT ( * ) PLANE_ANGLE_UNIT ( ) SI_UNIT ( $, .RADIAN. ) );
#1211 = DIRECTION ( 'NONE',  ( 0.000000000000000000, -1.000000000000000000, 0.000000000000000000 ) ) ;
#1212 = ORIENTED_EDGE ( 'NONE', *, *, #3356, .F. ) ;
#1213 = CARTESIAN_POINT ( 'NONE',  ( -6.938893903907229955E-15, 0.000000000000000000, -1.387778780781445991E-14 ) ) ;
#1214 = CIRCLE ( 'NONE', #3714, 5.587999999999998302 ) ;
#1215 = CARTESIAN_POINT ( 'NONE',  ( 2.886751345948131764, 2.500000000000000000, -2.168404344971008868E-16 ) ) ;
#1216 =( LENGTH_UNIT ( ) NAMED_UNIT ( * ) SI_UNIT ( .MILLI., .METRE. ) );
#1217 = CARTESIAN_POINT ( 'NONE',  ( 7.117575448752529788, -8.958010899717429254, -31.78549487505045335 ) ) ;
#1218 = ADVANCED_FACE ( 'NONE', ( #1298 ), #1941, .F. ) ;
#1219 = ORIENTED_EDGE ( 'NONE', *, *, #2012, .F. ) ;
#1220 = ORIENTED_EDGE ( 'NONE', *, *, #510, .F. ) ;
#1221 = CARTESIAN_POINT ( 'NONE',  ( 1.443375672974094526, 47.50000000000000000, 2.499999999999984901 ) ) ;
#1222 = VERTEX_POINT ( 'NONE', #2996 ) ;
#1223 = DIRECTION ( 'NONE',  ( -0.5484109764481208682, -0.7555613467006967454, -0.3582910161908169355 ) ) ;
#1224 = PRODUCT_DEFINITION_SHAPE ( 'NONE', 'NONE',  #1843 ) ;
#1225 = EDGE_CURVE ( 'NONE', #2370, #3479, #3096, .T. ) ;
#1226 = CARTESIAN_POINT ( 'NONE',  ( -6.938893903907229955E-15, 33.31662918123620187, -1.387778780781445991E-14 ) ) ;
#1227 = DIRECTION ( 'NONE',  ( -0.000000000000000000, -1.000000000000000000, -0.000000000000000000 ) ) ;
#1228 = ORIENTED_EDGE ( 'NONE', *, *, #218, .T. ) ;
#1229 = FACE_OUTER_BOUND ( 'NONE', #1978, .T. ) ;
#1230 = CARTESIAN_POINT ( 'NONE',  ( 33.38863512561709967, -9.442407932967681106, 7.781617882923570484 ) ) ;
#1231 = SURFACE_STYLE_USAGE ( .BOTH. , #4007 ) ;
#1232 = SHAPE_DEFINITION_REPRESENTATION ( #1939, #1536 ) ;
#1233 = EDGE_LOOP ( 'NONE', ( #42, #2226, #1877, #2652 ) ) ;
#1234 = CARTESIAN_POINT ( 'NONE',  ( 14.81236526887506066, -14.57110604024935974, 50.36236081840159784 ) ) ;
#1235 = ORIENTED_EDGE ( 'NONE', *, *, #3658, .F. ) ;
#1236 = DIRECTION ( 'NONE',  ( -1.000000000000000000, -0.000000000000000000, -0.000000000000000000 ) ) ;
#1237 = EDGE_CURVE ( 'NONE', #2498, #2005, #2953, .T. ) ;
#1238 = VECTOR ( 'NONE', #20, 1000.000000000000114 ) ;
#1239 = DIRECTION ( 'NONE',  ( -0.5641369404694855927, 0.000000000000000000, -0.8256812413987181243 ) ) ;
#1240 = AXIS2_PLACEMENT_3D ( 'NONE', #2774, #3104, #2419 ) ;
#1241 = CYLINDRICAL_SURFACE ( 'NONE', #3185, 5.587999999999995637 ) ;
#1242 = CARTESIAN_POINT ( 'NONE',  ( 0.000000000000000000, 2.500000000000000000, 5.500000000000000000 ) ) ;
#1243 = CIRCLE ( 'NONE', #3743, 5.588000000000000966 ) ;
#1244 = VERTEX_POINT ( 'NONE', #3330 ) ;
#1245 = ORIENTED_EDGE ( 'NONE', *, *, #163, .T. ) ;
#1246 = FACE_BOUND ( 'NONE', #1247, .T. ) ;
#1247 = EDGE_LOOP ( 'NONE', ( #1515, #2281 ) ) ;
#1248 = DIRECTION ( 'NONE',  ( 0.000000000000000000, 0.000000000000000000, 1.000000000000000000 ) ) ;
#1249 = AXIS2_PLACEMENT_3D ( 'NONE', #4049, #4336, #937 ) ;
#1250 = AXIS2_PLACEMENT_3D ( 'NONE', #1509, #64, #4246 ) ;
#1251 = CARTESIAN_POINT ( 'NONE',  ( 1.443375672974060553, -2.500000000000000000, -2.500000000000005773 ) ) ;
#1252 = VECTOR ( 'NONE', #4168, 1000.000000000000000 ) ;
#1253 = FACE_BOUND ( 'NONE', #2507, .T. ) ;
#1254 = ORIENTED_EDGE ( 'NONE', *, *, #1687, .T. ) ;
#1255 = CARTESIAN_POINT ( 'NONE',  ( 2.165063509461096380, 2.500000000000000000, -1.250000000000002887 ) ) ;
#1256 = EDGE_CURVE ( 'NONE', #3978, #1610, #568, .T. ) ;
#1257 = CARTESIAN_POINT ( 'NONE',  ( -50.36236081840159784, -14.57110604024934020, 14.81236526887485994 ) ) ;
#1258 = PRODUCT_CONTEXT ( 'NONE', #4193, 'mechanical' ) ;
#1259 = AXIS2_PLACEMENT_3D ( 'NONE', #3666, #4029, #4405 ) ;
#1260 = EDGE_CURVE ( 'NONE', #1727, #1222, #1659, .T. ) ;
#1261 = VERTEX_POINT ( 'NONE', #4380 ) ;
#1262 = DIRECTION ( 'NONE',  ( 0.9827498610153641012, 0.000000000000000000, 0.1849397487677608698 ) ) ;
#1263 = ORIENTED_EDGE ( 'NONE', *, *, #4392, .T. ) ;
#1264 = DIRECTION ( 'NONE',  ( -0.3582910161908149926, -0.7555613467006969675, 0.5484109764481219784 ) ) ;
#1265 = VECTOR ( 'NONE', #1971, 1000.000000000000000 ) ;
#1266 = EDGE_CURVE ( 'NONE', #983, #3948, #938, .T. ) ;
#1267 = AXIS2_PLACEMENT_3D ( 'NONE', #2355, #3368, #640 ) ;
#1268 = PRODUCT ( 'am-5851 Pollen', 'am-5851 Pollen', '', ( #2649 ) ) ;
#1269 = FACE_OUTER_BOUND ( 'NONE', #3831, .T. ) ;
#1270 = ADVANCED_FACE ( 'NONE', ( #2975 ), #242, .F. ) ;
#1271 = DIRECTION ( 'NONE',  ( 0.8371691043312220470, 0.000000000000000000, 0.5469441386039889386 ) ) ;
#1272 = UNCERTAINTY_MEASURE_WITH_UNIT (LENGTH_MEASURE( 1.000000000000000082E-05 ), #1670, 'distance_accuracy_value', 'NONE');
#1273 = DIRECTION ( 'NONE',  ( -0.3826834323650810665, 0.000000000000000000, -0.9238795325112902912 ) ) ;
#1274 = ORIENTED_EDGE ( 'NONE', *, *, #534, .T. ) ;
#1275 = VERTEX_POINT ( 'NONE', #3663 ) ;
#1276 = VERTEX_POINT ( 'NONE', #2691 ) ;
#1277 = CARTESIAN_POINT ( 'NONE',  ( 0.7639757579409789390, 9.442407932967689987, -34.27493068510435137 ) ) ;
#1278 = CARTESIAN_POINT ( 'NONE',  ( 29.11176508550495257, -9.442407932967689987, -18.10689553826949805 ) ) ;
#1279 = CARTESIAN_POINT ( 'NONE',  ( 7.704800483715829699E-16, 2.500000000000000000, 1.499999999999999556 ) ) ;
#1280 = EDGE_LOOP ( 'NONE', ( #3174, #2758 ) ) ;
#1281 = DIRECTION ( 'NONE',  ( 0.5000000000000009992, 0.000000000000000000, 0.8660254037844380415 ) ) ;
#1282 = FACE_OUTER_BOUND ( 'NONE', #274, .T. ) ;
#1283 = EDGE_CURVE ( 'NONE', #1522, #465, #3517, .T. ) ;
#1284 = ORIENTED_EDGE ( 'NONE', *, *, #2583, .T. ) ;
#1285 = CARTESIAN_POINT ( 'NONE',  ( 13.48910454863175978, 8.958010899717418596, 29.64829882466484889 ) ) ;
#1286 = ORIENTED_EDGE ( 'NONE', *, *, #459, .F. ) ;
#1287 = FACE_OUTER_BOUND ( 'NONE', #1526, .T. ) ;
#1288 = EDGE_CURVE ( 'NONE', #1551, #629, #2009, .T. ) ;
#1289 = PLANE ( 'NONE',  #3746 ) ;
#1290 = FACE_BOUND ( 'NONE', #2078, .T. ) ;
#1291 = CIRCLE ( 'NONE', #2433, 5.588000000000000078 ) ;
#1292 = CARTESIAN_POINT ( 'NONE',  ( -7.963773861235898802E-14, -30.19452853545465132, 18.78307872851554805 ) ) ;
#1293 = EDGE_LOOP ( 'NONE', ( #2667, #3574, #1004, #3800 ) ) ;
#1294 = ORIENTED_EDGE ( 'NONE', *, *, #3597, .T. ) ;
#1295 = ORIENTED_EDGE ( 'NONE', *, *, #330, .F. ) ;
#1296 = DIRECTION ( 'NONE',  ( 0.000000000000000000, -1.000000000000000000, 0.000000000000000000 ) ) ;
#1297 = PLANE ( 'NONE',  #2397 ) ;
#1298 = FACE_OUTER_BOUND ( 'NONE', #2673, .T. ) ;
#1299 = EDGE_LOOP ( 'NONE', ( #4142, #3413, #2941, #3863 ) ) ;
#1300 = CARTESIAN_POINT ( 'NONE',  ( 1.500000000000000000, -91.11999999999997613, -17.26476147320159882 ) ) ;
#1301 = CARTESIAN_POINT ( 'NONE',  ( 0.000000000000000000, -35.11819835925530242, 0.000000000000000000 ) ) ;
#1302 = ORIENTED_EDGE ( 'NONE', *, *, #447, .T. ) ;
#1303 = DIRECTION ( 'NONE',  ( -0.000000000000000000, -1.000000000000000000, -0.000000000000000000 ) ) ;
#1304 = VERTEX_POINT ( 'NONE', #1665 ) ;
#1305 = VERTEX_POINT ( 'NONE', #3043 ) ;
#1306 = DIRECTION ( 'NONE',  ( 0.5000000000000068834, 0.000000000000000000, 0.8660254037844345998 ) ) ;
#1307 = ADVANCED_FACE ( 'NONE', ( #2711 ), #4071, .F. ) ;
#1308 = CYLINDRICAL_SURFACE ( 'NONE', #2173, 5.588000000000000966 ) ;
#1309 = EDGE_CURVE ( 'NONE', #4385, #3467, #3065, .T. ) ;
#1310 = PRESENTATION_LAYER_ASSIGNMENT (  '', '', ( #4162 ) ) ;
#1311 = CIRCLE ( 'NONE', #1587, 5.587999999999999190 ) ;
#1312 = CYLINDRICAL_SURFACE ( 'NONE', #4118, 29.99999999999999645 ) ;
#1313 = AXIS2_PLACEMENT_3D ( 'NONE', #1023, #3642, #661 ) ;
#1314 = ORIENTED_EDGE ( 'NONE', *, *, #2764, .F. ) ;
#1315 = EDGE_LOOP ( 'NONE', ( #3073, #2225, #3915, #3823 ) ) ;
#1316 = ORIENTED_EDGE ( 'NONE', *, *, #3512, .T. ) ;
#1317 = CARTESIAN_POINT ( 'NONE',  ( -11.93704892539756024, 25.17275721170254954, 18.27120514124179707 ) ) ;
#1318 = VECTOR ( 'NONE', #1328, 1000.000000000000000 ) ;
#1319 = EDGE_CURVE ( 'NONE', #3909, #1329, #1590, .T. ) ;
#1320 = DIRECTION ( 'NONE',  ( 1.224646799147351975E-16, 0.000000000000000000, -1.000000000000000000 ) ) ;
#1321 = DIRECTION ( 'NONE',  ( -1.000000000000000000, 0.000000000000000000, -0.000000000000000000 ) ) ;
#1322 = DIRECTION ( 'NONE',  ( 0.5469441386039888275, 0.000000000000000000, -0.8371691043312220470 ) ) ;
#1323 = AXIS2_PLACEMENT_3D ( 'NONE', #1255, #4271, #1281 ) ;
#1324 = EDGE_CURVE ( 'NONE', #3791, #1438, #33, .T. ) ;
#1325 = DIRECTION ( 'NONE',  ( -0.9465601574697367626, -0.2688750668918974407, -0.1781293538267769705 ) ) ;
#1326 = VECTOR ( 'NONE', #2187, 999.9999999999998863 ) ;
#1327 = ORIENTED_EDGE ( 'NONE', *, *, #806, .T. ) ;
#1328 = DIRECTION ( 'NONE',  ( -0.000000000000000000, -1.000000000000000000, -0.000000000000000000 ) ) ;
#1329 = VERTEX_POINT ( 'NONE', #3456 ) ;
#1330 = ORIENTED_EDGE ( 'NONE', *, *, #847, .T. ) ;
#1331 = CARTESIAN_POINT ( 'NONE',  ( 33.24148736899009293, 9.442407932967689987, 6.255581981294700000 ) ) ;
#1332 = CIRCLE ( 'NONE', #1609, 5.588000000000000078 ) ;
#1333 = AXIS2_PLACEMENT_3D ( 'NONE', #3917, #550, #1189 ) ;
#1334 = CIRCLE ( 'NONE', #2477, 22.00000000000000355 ) ;
#1335 = VECTOR ( 'NONE', #3129, 1000.000000000000227 ) ;
#1336 = DIRECTION ( 'NONE',  ( 0.4999999999999949485, 0.000000000000000000, -0.8660254037844415942 ) ) ;
#1337 = AXIS2_PLACEMENT_3D ( 'NONE', #2152, #3496, #1787 ) ;
#1338 = DIRECTION ( 'NONE',  ( -0.3582910161908149371, -0.7555613467006967454, 0.5484109764481218674 ) ) ;
#1339 = ORIENTED_EDGE ( 'NONE', *, *, #1283, .T. ) ;
#1340 = VECTOR ( 'NONE', #582, 1000.000000000000000 ) ;
#1341 = ORIENTED_EDGE ( 'NONE', *, *, #2685, .T. ) ;
#1342 = DIRECTION ( 'NONE',  ( 0.5433626321285691674, -0.2688750668918975517, 0.7952755801671461677 ) ) ;
#1343 = ORIENTED_EDGE ( 'NONE', *, *, #1225, .T. ) ;
#1344 = EDGE_CURVE ( 'NONE', #889, #1798, #3953, .T. ) ;
#1345 = SPHERICAL_SURFACE ( 'NONE', #25, 33.78199999999999648 ) ;
#1346 = DIRECTION ( 'NONE',  ( 0.5469441386039889386, 0.000000000000000000, -0.8371691043312219360 ) ) ;
#1347 = CYLINDRICAL_SURFACE ( 'NONE', #3463, 5.588000000000000966 ) ;
#1348 = EDGE_CURVE ( 'NONE', #289, #749, #2138, .T. ) ;
#1349 = ORIENTED_EDGE ( 'NONE', *, *, #434, .T. ) ;
#1350 = LINE ( 'NONE', #4059, #313 ) ;
#1351 = ORIENTED_EDGE ( 'NONE', *, *, #2189, .T. ) ;
#1352 = DIRECTION ( 'NONE',  ( 0.000000000000000000, 0.000000000000000000, -1.000000000000000000 ) ) ;
#1353 = CARTESIAN_POINT ( 'NONE',  ( 2.165063509461113256, 2.500000000000000000, 1.249999999999992450 ) ) ;
#1354 = CARTESIAN_POINT ( 'NONE',  ( 15.72461319573420191, 30.19452853545465132, 10.27329481549882040 ) ) ;
#1355 = ORIENTED_EDGE ( 'NONE', *, *, #3149, .F. ) ;
#1356 = ORIENTED_EDGE ( 'NONE', *, *, #2073, .T. ) ;
#1357 = CARTESIAN_POINT ( 'NONE',  ( -1.299038105676665111, 2.500000000000000000, 0.7500000000000063283 ) ) ;
#1358 = EDGE_CURVE ( 'NONE', #1329, #3175, #734, .T. ) ;
#1359 = VERTEX_POINT ( 'NONE', #3793 ) ;
#1360 = DIRECTION ( 'NONE',  ( 0.3826834323651004399, 0.000000000000000000, -0.9238795325112822976 ) ) ;
#1361 = CARTESIAN_POINT ( 'NONE',  ( -1.500000000000000000, 0.000000000000000000, 2.886751345948131320 ) ) ;
#1362 = CARTESIAN_POINT ( 'NONE',  ( 23.69582347303400027, 9.442407932967681106, 24.77624835123829783 ) ) ;
#1363 = EDGE_CURVE ( 'NONE', #2147, #2849, #2792, .T. ) ;
#1364 = LINE ( 'NONE', #4091, #1 ) ;
#1365 = VERTEX_POINT ( 'NONE', #2483 ) ;
#1366 = CARTESIAN_POINT ( 'NONE',  ( 0.000000000000000000, 0.000000000000000000, 0.000000000000000000 ) ) ;
#1367 = ORIENTED_EDGE ( 'NONE', *, *, #1554, .F. ) ;
#1368 = AXIS2_PLACEMENT_3D ( 'NONE', #2451, #3806, #4146 ) ;
#1369 = DIRECTION ( 'NONE',  ( 0.000000000000000000, 0.000000000000000000, 1.000000000000000000 ) ) ;
#1370 = CARTESIAN_POINT ( 'NONE',  ( -46.08549077828920559, -14.57110604024943967, -25.13764292422214908 ) ) ;
#1371 = DIRECTION ( 'NONE',  ( 0.000000000000000000, 0.000000000000000000, -1.000000000000000000 ) ) ;
#1372 = EDGE_CURVE ( 'NONE', #127, #3508, #4383, .T. ) ;
#1373 = DIRECTION ( 'NONE',  ( -0.5000000000000001110, 0.000000000000000000, -0.8660254037844385966 ) ) ;
#1374 = VECTOR ( 'NONE', #2659, 1000.000000000000000 ) ;
#1375 = ORIENTED_EDGE ( 'NONE', *, *, #1910, .T. ) ;
#1376 = ORIENTED_EDGE ( 'NONE', *, *, #3120, .T. ) ;
#1377 = VECTOR ( 'NONE', #215, 1000.000000000000000 ) ;
#1378 = CARTESIAN_POINT ( 'NONE',  ( 0.000000000000000000, 0.000000000000000000, 0.000000000000000000 ) ) ;
#1379 = CARTESIAN_POINT ( 'NONE',  ( -6.938893903907229955E-15, 0.000000000000000000, -1.387778780781445991E-14 ) ) ;
#1380 = CARTESIAN_POINT ( 'NONE',  ( 15.00000000000000000, 47.50000000000000000, -4.019237886466838994 ) ) ;
#1381 = AXIS2_PLACEMENT_3D ( 'NONE', #628, #1973, #1995 ) ;
#1382 = CIRCLE ( 'NONE', #2026, 22.00000000000000355 ) ;
#1383 = CARTESIAN_POINT ( 'NONE',  ( 1.443375672974059665, -47.50000000000000000, -2.500000000000004885 ) ) ;
#1384 = ORIENTED_EDGE ( 'NONE', *, *, #3440, .T. ) ;
#1385 = LINE ( 'NONE', #41, #3314 ) ;
#1386 = VERTEX_POINT ( 'NONE', #2074 ) ;
#1387 = ORIENTED_EDGE ( 'NONE', *, *, #1447, .T. ) ;
#1388 = CARTESIAN_POINT ( 'NONE',  ( 0.000000000000000000, 2.500000000000000000, 0.000000000000000000 ) ) ;
#1389 = CIRCLE ( 'NONE', #3315, 5.587999999999998302 ) ;
#1390 = AXIS2_PLACEMENT_3D ( 'NONE', #549, #1970, #1580 ) ;
#1391 = EDGE_CURVE ( 'NONE', #4203, #2924, #4151, .T. ) ;
#1392 = COLOUR_RGB ( '',0.7921568627450980005, 0.8196078431372548767, 0.9333333333333333481 ) ;
#1393 = CARTESIAN_POINT ( 'NONE',  ( 1.443375672974059665, 47.50000000000000000, -2.500000000000004885 ) ) ;
#1394 = APPLICATION_CONTEXT ( 'automotive_design' ) ;
#1395 = ADVANCED_FACE ( 'NONE', ( #1048 ), #3127, .F. ) ;
#1396 = VECTOR ( 'NONE', #2745, 999.9999999999998863 ) ;
#1397 = DIRECTION ( 'NONE',  ( -0.8660254037844387076, 0.000000000000000000, -0.4999999999999999445 ) ) ;
#1398 = AXIS2_PLACEMENT_3D ( 'NONE', #271, #4117, #644 ) ;
#1399 = CIRCLE ( 'NONE', #899, 5.588000000000000078 ) ;
#1400 = ORIENTED_EDGE ( 'NONE', *, *, #910, .F. ) ;
#1401 = DIRECTION ( 'NONE',  ( 1.000000000000000000, 0.000000000000000000, 0.000000000000000000 ) ) ;
#1402 = CIRCLE ( 'NONE', #3896, 5.587999999999995637 ) ;
#1403 = ORIENTED_EDGE ( 'NONE', *, *, #4050, .T. ) ;
#1404 = MECHANICAL_DESIGN_GEOMETRIC_PRESENTATION_REPRESENTATION (  '', ( #3537 ), #982 ) ;
#1405 = CARTESIAN_POINT ( 'NONE',  ( -6.938893903907229955E-15, 0.000000000000000000, -1.387778780781445991E-14 ) ) ;
#1406 = LINE ( 'NONE', #2775, #4111 ) ;
#1407 = CARTESIAN_POINT ( 'NONE',  ( 12.94425671059629934, -9.442407932967689987, 31.25020010556109895 ) ) ;
#1408 = DIRECTION ( 'NONE',  ( 0.5000000000000068834, 0.000000000000000000, 0.8660254037844345998 ) ) ;
#1409 = ORIENTED_EDGE ( 'NONE', *, *, #4343, .T. ) ;
#1410 = CARTESIAN_POINT ( 'NONE',  ( 2.286046085269070665E-13, -28.83333250113610191, -17.60291057975720008 ) ) ;
#1411 = ORIENTED_EDGE ( 'NONE', *, *, #4368, .F. ) ;
#1412 = ORIENTED_EDGE ( 'NONE', *, *, #2209, .F. ) ;
#1413 = CARTESIAN_POINT ( 'NONE',  ( -31.78549487505050308, -8.958010899717418596, 7.117575448752200273 ) ) ;
#1414 = CARTESIAN_POINT ( 'NONE',  ( -1.443375672974065660, 2.500000000000000000, -5.500000000000001776 ) ) ;
#1415 = EDGE_CURVE ( 'NONE', #2371, #455, #773, .T. ) ;
#1416 = DIRECTION ( 'NONE',  ( 0.000000000000000000, -1.000000000000000000, 0.000000000000000000 ) ) ;
#1417 = EDGE_CURVE ( 'NONE', #3143, #840, #55, .T. ) ;
#1418 = CYLINDRICAL_SURFACE ( 'NONE', #1078, 5.587999999999999190 ) ;
#1419 = DIRECTION ( 'NONE',  ( 0.000000000000000000, 1.000000000000000000, -0.000000000000000000 ) ) ;
#1420 = EDGE_LOOP ( 'NONE', ( #2736, #2346, #1826, #4332 ) ) ;
#1421 = FACE_BOUND ( 'NONE', #3293, .T. ) ;
#1422 = EDGE_LOOP ( 'NONE', ( #2251, #528 ) ) ;
#1423 = CARTESIAN_POINT ( 'NONE',  ( -6.938893903907229955E-15, 35.11819835925530242, -1.387778780781445991E-14 ) ) ;
#1424 = CARTESIAN_POINT ( 'NONE',  ( -6.938893903907229955E-15, 35.11819835925530242, -1.387778780781445991E-14 ) ) ;
#1425 = DIRECTION ( 'NONE',  ( -0.3685911383658754814, 0.2688750668918974962, 0.8898577252134330928 ) ) ;
#1426 = ADVANCED_FACE ( 'NONE', ( #3082 ), #3814, .F. ) ;
#1427 = DIRECTION ( 'NONE',  ( 0.000000000000000000, 1.000000000000000000, 0.000000000000000000 ) ) ;
#1428 = FACE_BOUND ( 'NONE', #3854, .T. ) ;
#1429 = ORIENTED_EDGE ( 'NONE', *, *, #2859, .F. ) ;
#1430 = ORIENTED_EDGE ( 'NONE', *, *, #348, .T. ) ;
#1431 = DIRECTION ( 'NONE',  ( 0.5641369404694915879, 0.000000000000000000, 0.8256812413987140165 ) ) ;
#1432 = LINE ( 'NONE', #4221, #1092 ) ;
#1433 = VERTEX_POINT ( 'NONE', #2053 ) ;
#1434 = CARTESIAN_POINT ( 'NONE',  ( 18.10301132556779891, 8.958010899717418596, 26.49590160132139971 ) ) ;
#1435 = DIRECTION ( 'NONE',  ( -1.994572817616624429E-16, -0.9999999999999998890, 6.014814193564582973E-17 ) ) ;
#1436 = EDGE_CURVE ( 'NONE', #523, #4017, #2160, .T. ) ;
#1437 = SURFACE_SIDE_STYLE ('',( #3788 ) ) ;
#1438 = VERTEX_POINT ( 'NONE', #3480 ) ;
#1439 = FACE_BOUND ( 'NONE', #1138, .T. ) ;
#1440 = CARTESIAN_POINT ( 'NONE',  ( -21.94880406764797343, -2.500000000000000000, 1.500000000000001776 ) ) ;
#1441 = CARTESIAN_POINT ( 'NONE',  ( -4.763139720814413280, 2.500000000000000000, 2.750000000000000444 ) ) ;
#1442 = CARTESIAN_POINT ( 'NONE',  ( 0.000000000000000000, 2.500000000000000000, 0.000000000000000000 ) ) ;
#1443 = DIRECTION ( 'NONE',  ( 0.4132498499336823561, 0.6550778971785180538, -0.6325326158847146552 ) ) ;
#1444 = COLOUR_RGB ( '',0.7921568627450980005, 0.8196078431372548767, 0.9333333333333333481 ) ;
#1445 = EDGE_CURVE ( 'NONE', #564, #3696, #1068, .T. ) ;
#1446 = FACE_BOUND ( 'NONE', #2791, .T. ) ;
#1447 = EDGE_CURVE ( 'NONE', #2725, #1198, #2237, .T. ) ;
#1448 = AXIS2_PLACEMENT_3D ( 'NONE', #2148, #3833, #3138 ) ;
#1449 = SPHERICAL_SURFACE ( 'NONE', #3881, 35.56000000000000227 ) ;
#1450 = VECTOR ( 'NONE', #1772, 1000.000000000000000 ) ;
#1451 = ORIENTED_EDGE ( 'NONE', *, *, #592, .T. ) ;
#1452 = EDGE_LOOP ( 'NONE', ( #2193, #2824, #1992, #3728, #3250, #471, #687, #1786, #991 ) ) ;
#1453 = LINE ( 'NONE', #4160, #3181 ) ;
#1454 = VECTOR ( 'NONE', #4296, 1000.000000000000000 ) ;
#1455 = ORIENTED_EDGE ( 'NONE', *, *, #674, .F. ) ;
#1456 = CARTESIAN_POINT ( 'NONE',  ( 0.000000000000000000, 0.000000000000000000, 0.000000000000000000 ) ) ;
#1457 = AXIS2_PLACEMENT_3D ( 'NONE', #641, #1320, #4379 ) ;
#1458 = AXIS2_PLACEMENT_3D ( 'NONE', #3702, #4080, #1371 ) ;
#1459 = AXIS2_PLACEMENT_3D ( 'NONE', #1424, #3481, #2459 ) ;
#1460 = DIRECTION ( 'NONE',  ( -0.9238795325112891810, 0.000000000000000000, 0.3826834323650840641 ) ) ;
#1461 = ORIENTED_EDGE ( 'NONE', *, *, #2604, .F. ) ;
#1462 = CARTESIAN_POINT ( 'NONE',  ( 1.299038105676657118, 2.500000000000000000, 0.7499999999999992228 ) ) ;
#1463 = CIRCLE ( 'NONE', #3604, 5.588000000000000078 ) ;
#1464 = CIRCLE ( 'NONE', #3971, 5.587999999999999190 ) ;
#1465 = CARTESIAN_POINT ( 'NONE',  ( -12.94425671059609861, -9.442407932967689987, -31.25020010556119843 ) ) ;
#1466 = EDGE_CURVE ( 'NONE', #1998, #4324, #431, .T. ) ;
#1467 = DIRECTION ( 'NONE',  ( 0.5469441386039889386, 0.000000000000000000, -0.8371691043312219360 ) ) ;
#1468 = AXIS2_PLACEMENT_3D ( 'NONE', #1070, #3459, #2439 ) ;
#1469 = CARTESIAN_POINT ( 'NONE',  ( -1.443375672974042123, -47.50000000000000000, 2.500000000000014655 ) ) ;
#1470 = CARTESIAN_POINT ( 'NONE',  ( 7.117575448752309519, -8.958010899717418596, 31.78549487505050308 ) ) ;
#1471 = EDGE_CURVE ( 'NONE', #2126, #4148, #2808, .T. ) ;
#1472 = DIRECTION ( 'NONE',  ( 0.8898577252134290960, 0.2688750668918974962, 0.3685911383658849738 ) ) ;
#1473 = EDGE_CURVE ( 'NONE', #221, #3014, #1729, .T. ) ;
#1474 = CARTESIAN_POINT ( 'NONE',  ( -6.938893903907229955E-15, 0.000000000000000000, -1.387778780781445991E-14 ) ) ;
#1475 = ORIENTED_EDGE ( 'NONE', *, *, #1415, .F. ) ;
#1476 = ORIENTED_EDGE ( 'NONE', *, *, #1517, .T. ) ;
#1477 = FACE_OUTER_BOUND ( 'NONE', #2993, .T. ) ;
#1478 = VERTEX_POINT ( 'NONE', #2871 ) ;
#1479 = SURFACE_SIDE_STYLE ('',( #1105 ) ) ;
#1480 = ORIENTED_EDGE ( 'NONE', *, *, #3187, .T. ) ;
#1481 = CARTESIAN_POINT ( 'NONE',  ( -17.85311223758455057, 37.64850614575360055, 27.32650910129849819 ) ) ;
#1482 = ORIENTED_EDGE ( 'NONE', *, *, #2462, .F. ) ;
#1483 = DIRECTION ( 'NONE',  ( -0.3826834323650816216, 0.000000000000000000, -0.9238795325112901802 ) ) ;
#1484 = CYLINDRICAL_SURFACE ( 'NONE', #521, 22.00000000000000355 ) ;
#1485 = PLANE ( 'NONE',  #184 ) ;
#1486 = ADVANCED_FACE ( 'NONE', ( #791 ), #2521, .T. ) ;
#1487 = DIRECTION ( 'NONE',  ( 0.000000000000000000, -0.8701571414967631535, -0.4927743389241998617 ) ) ;
#1488 = LINE ( 'NONE', #174, #4239 ) ;
#1489 = ORIENTED_EDGE ( 'NONE', *, *, #2716, .F. ) ;
#1490 = EDGE_CURVE ( 'NONE', #3978, #59, #2155, .T. ) ;
#1491 = ORIENTED_EDGE ( 'NONE', *, *, #1850, .T. ) ;
#1492 = LINE ( 'NONE', #762, #2891 ) ;
#1493 = ORIENTED_EDGE ( 'NONE', *, *, #1687, .F. ) ;
#1494 = SURFACE_STYLE_USAGE ( .BOTH. , #1479 ) ;
#1495 = DIRECTION ( 'NONE',  ( -0.4999999999999949485, 0.000000000000000000, 0.8660254037844415942 ) ) ;
#1496 = EDGE_CURVE ( 'NONE', #2591, #3505, #3163, .T. ) ;
#1497 = CIRCLE ( 'NONE', #1719, 22.00000000000000355 ) ;
#1498 = ORIENTED_EDGE ( 'NONE', *, *, #3353, .F. ) ;
#1499 = DIRECTION ( 'NONE',  ( -1.000000000000000000, -0.000000000000000000, -0.000000000000000000 ) ) ;
#1500 = ORIENTED_EDGE ( 'NONE', *, *, #1288, .T. ) ;
#1501 = EDGE_LOOP ( 'NONE', ( #1737, #3584, #1430, #3518 ) ) ;
#1502 = PLANE ( 'NONE',  #1952 ) ;
#1503 = DIRECTION ( 'NONE',  ( 0.000000000000000000, 1.000000000000000000, 0.000000000000000000 ) ) ;
#1504 = EDGE_LOOP ( 'NONE', ( #871, #1175, #1674, #1341 ) ) ;
#1505 = FACE_OUTER_BOUND ( 'NONE', #3560, .T. ) ;
#1506 = DIRECTION ( 'NONE',  ( 1.000000000000000000, 0.000000000000000000, 0.000000000000000000 ) ) ;
#1507 = DIRECTION ( 'NONE',  ( 1.000000000000000000, 0.000000000000000000, 0.000000000000000000 ) ) ;
#1508 = ORIENTED_EDGE ( 'NONE', *, *, #8, .T. ) ;
#1509 = CARTESIAN_POINT ( 'NONE',  ( -6.938893903907229955E-15, 0.000000000000000000, -1.387778780781445991E-14 ) ) ;
#1510 = DIRECTION ( 'NONE',  ( -0.4999999999999949485, 0.000000000000000000, 0.8660254037844415942 ) ) ;
#1511 =( NAMED_UNIT ( * ) PLANE_ANGLE_UNIT ( ) SI_UNIT ( $, .RADIAN. ) );
#1512 = PRODUCT_RELATED_PRODUCT_CATEGORY ( 'part', '', ( #2937 ) ) ;
#1513 = EDGE_CURVE ( 'NONE', #213, #1825, #3470, .T. ) ;
#1514 = CARTESIAN_POINT ( 'NONE',  ( 11.42627585109389976, 8.958010899717418596, -30.50275044803750291 ) ) ;
#1515 = ORIENTED_EDGE ( 'NONE', *, *, #1887, .F. ) ;
#1516 = CIRCLE ( 'NONE', #1165, 5.587999999999999190 ) ;
#1517 = EDGE_CURVE ( 'NONE', #1305, #3322, #3740, .T. ) ;
#1518 = CIRCLE ( 'NONE', #381, 5.588000000000000966 ) ;
#1519 = VECTOR ( 'NONE', #1868, 1000.000000000000000 ) ;
#1520 = DIRECTION ( 'NONE',  ( 0.000000000000000000, -0.6550778971785189420, 0.7555613467006961903 ) ) ;
#1521 = EDGE_CURVE ( 'NONE', #1571, #1810, #2185, .T. ) ;
#1522 = VERTEX_POINT ( 'NONE', #1913 ) ;
#1523 = CIRCLE ( 'NONE', #2465, 5.587999999999999190 ) ;
#1524 = DIRECTION ( 'NONE',  ( 0.9238795325112917345, 0.000000000000000000, -0.3826834323650777359 ) ) ;
#1525 = ORIENTED_EDGE ( 'NONE', *, *, #2048, .T. ) ;
#1526 = EDGE_LOOP ( 'NONE', ( #1937, #746, #1294, #2642 ) ) ;
#1527 = DIRECTION ( 'NONE',  ( -0.5000000000000006661, 0.000000000000000000, -0.8660254037844381525 ) ) ;
#1528 = CIRCLE ( 'NONE', #2471, 5.588000000000000078 ) ;
#1529 = ORIENTED_EDGE ( 'NONE', *, *, #2383, .T. ) ;
#1530 = FACE_OUTER_BOUND ( 'NONE', #2280, .T. ) ;
#1531 = CIRCLE ( 'NONE', #179, 5.588000000000003631 ) ;
#1532 = VECTOR ( 'NONE', #1373, 1000.000000000000000 ) ;
#1533 = DIRECTION ( 'NONE',  ( 0.000000000000000000, 0.000000000000000000, 1.000000000000000000 ) ) ;
#1534 = AXIS2_PLACEMENT_3D ( 'NONE', #1854, #3921, #3944 ) ;
#1535 = CIRCLE ( 'NONE', #4048, 5.588000000000000966 ) ;
#1536 = SHAPE_REPRESENTATION ( 'Hex Shaft', ( #508 ), #951 ) ;
#1537 = CARTESIAN_POINT ( 'NONE',  ( -3.056323846519095166, 33.31662918123620187, 4.678100955002859607 ) ) ;
#1538 = ORIENTED_EDGE ( 'NONE', *, *, #997, .F. ) ;
#1539 = DIRECTION ( 'NONE',  ( 0.000000000000000000, 0.000000000000000000, 1.000000000000000000 ) ) ;
#1540 = CARTESIAN_POINT ( 'NONE',  ( -17.85311223758455057, 37.64850614575360055, 27.32650910129849819 ) ) ;
#1541 =( LENGTH_UNIT ( ) NAMED_UNIT ( * ) SI_UNIT ( .MILLI., .METRE. ) );
#1542 = LINE ( 'NONE', #850, #379 ) ;
#1543 = AXIS2_PLACEMENT_3D ( 'NONE', #928, #2297, #3784 ) ;
#1544 = ORIENTED_EDGE ( 'NONE', *, *, #4050, .F. ) ;
#1545 = CARTESIAN_POINT ( 'NONE',  ( 19.25920545329794820, 26.53395324602110250, 12.58253497692823863 ) ) ;
#1546 = ADVANCED_FACE ( 'NONE', ( #456, #2501, #4212 ), #3543, .F. ) ;
#1547 = EDGE_CURVE ( 'NONE', #1275, #3682, #445, .T. ) ;
#1548 = DIRECTION ( 'NONE',  ( 3.605555036969171420E-15, -0.000000000000000000, 1.000000000000000000 ) ) ;
#1549 = DIRECTION ( 'NONE',  ( 2.287192253487400614E-15, 0.7555613467006971895, -0.6550778971785180538 ) ) ;
#1550 = ORIENTED_EDGE ( 'NONE', *, *, #3681, .F. ) ;
#1551 = VERTEX_POINT ( 'NONE', #166 ) ;
#1552 = CARTESIAN_POINT ( 'NONE',  ( -4.041451884327383226, -2.500000000000000000, 3.999999999999996447 ) ) ;
#1553 = EDGE_LOOP ( 'NONE', ( #2573, #2715, #4362, #3704 ) ) ;
#1554 = EDGE_CURVE ( 'NONE', #4297, #418, #2902, .T. ) ;
#1555 = DIRECTION ( 'NONE',  ( -0.4999999999999997780, 0.000000000000000000, 0.8660254037844387076 ) ) ;
#1556 = CARTESIAN_POINT ( 'NONE',  ( 3.419022372754510249E-13, -41.30908143518715292, -28.41948743765554752 ) ) ;
#1557 = FACE_OUTER_BOUND ( 'NONE', #2373, .T. ) ;
#1558 = EDGE_LOOP ( 'NONE', ( #3669, #3155 ) ) ;
#1559 = DIRECTION ( 'NONE',  ( -0.000000000000000000, -0.8701571414967631535, -0.4927743389241998062 ) ) ;
#1560 = ADVANCED_FACE ( 'NONE', ( #3252 ), #1200, .F. ) ;
#1561 = CARTESIAN_POINT ( 'NONE',  ( -4.041451884327383226, 2.500000000000000000, 3.999999999999996447 ) ) ;
#1562 =( LENGTH_UNIT ( ) NAMED_UNIT ( * ) SI_UNIT ( .MILLI., .METRE. ) );
#1563 = APPLICATION_PROTOCOL_DEFINITION ( 'draft international standard', 'automotive_design', 1998, #390 ) ;
#1564 = ORIENTED_EDGE ( 'NONE', *, *, #2027, .T. ) ;
#1565 = CARTESIAN_POINT ( 'NONE',  ( -5.934669627740070119, 8.958010899717429254, 31.53619376415175424 ) ) ;
#1566 = ORIENTED_EDGE ( 'NONE', *, *, #2698, .F. ) ;
#1567 = CARTESIAN_POINT ( 'NONE',  ( 15.00000000000000000, -47.50000000000000000, 25.98076211353315657 ) ) ;
#1568 = CARTESIAN_POINT ( 'NONE',  ( -1.443375672974065660, -2.500000000000000000, 5.500000000000000000 ) ) ;
#1569 = PRESENTATION_STYLE_ASSIGNMENT (( #3606 ) ) ;
#1570 = DIRECTION ( 'NONE',  ( 0.000000000000000000, 1.000000000000000000, 0.000000000000000000 ) ) ;
#1571 = VERTEX_POINT ( 'NONE', #3857 ) ;
#1572 = ORIENTED_EDGE ( 'NONE', *, *, #1415, .T. ) ;
#1573 = LINE ( 'NONE', #2550, #2525 ) ;
#1574 = EDGE_LOOP ( 'NONE', ( #1686, #1550, #164, #837 ) ) ;
#1575 = CYLINDRICAL_SURFACE ( 'NONE', #686, 5.588000000000000078 ) ;
#1576 = PRODUCT ( 'Intake-Example', 'Intake-Example', '', ( #2235 ) ) ;
#1577 = CARTESIAN_POINT ( 'NONE',  ( -19.08191669609814767, 9.442407932967681106, -27.92864557458165109 ) ) ;
#1578 = DIRECTION ( 'NONE',  ( -0.9827498610153641012, 0.000000000000000000, -0.1849397487677608698 ) ) ;
#1579 = EDGE_LOOP ( 'NONE', ( #85, #3582, #1585, #2038 ) ) ;
#1580 = DIRECTION ( 'NONE',  ( 0.000000000000000000, 0.000000000000000000, 1.000000000000000000 ) ) ;
#1581 = CARTESIAN_POINT ( 'NONE',  ( -9.675363928147325154, 2.500000000000000000, 19.75822190527036426 ) ) ;
#1582 = ADVANCED_FACE ( 'NONE', ( #1151 ), #1502, .F. ) ;
#1583 = PRODUCT_CONTEXT ( 'NONE', #2001, 'mechanical' ) ;
#1584 = EDGE_CURVE ( 'NONE', #3477, #827, #1573, .T. ) ;
#1585 = ORIENTED_EDGE ( 'NONE', *, *, #1015, .T. ) ;
#1586 = DIRECTION ( 'NONE',  ( 1.000000000000000000, 0.000000000000000000, 0.000000000000000000 ) ) ;
#1587 = AXIS2_PLACEMENT_3D ( 'NONE', #2807, #4172, #1858 ) ;
#1588 = ORIENTED_EDGE ( 'NONE', *, *, #4398, .T. ) ;
#1589 = DIRECTION ( 'NONE',  ( 0.000000000000000000, -0.000000000000000000, -1.000000000000000000 ) ) ;
#1590 = CIRCLE ( 'NONE', #1874, 5.588000000000000078 ) ;
#1591 =( NAMED_UNIT ( * ) SI_UNIT ( $, .STERADIAN. ) SOLID_ANGLE_UNIT ( ) );
#1592 = VECTOR ( 'NONE', #3433, 999.9999999999998863 ) ;
#1593 = DIRECTION ( 'NONE',  ( 0.8371691043312220470, 0.000000000000000000, 0.5469441386039888275 ) ) ;
#1594 = AXIS2_PLACEMENT_3D ( 'NONE', #251, #488, #2585 ) ;
#1595 = ORIENTED_EDGE ( 'NONE', *, *, #3387, .T. ) ;
#1596 = ORIENTED_EDGE ( 'NONE', *, *, #4069, .T. ) ;
#1597 = ORIENTED_EDGE ( 'NONE', *, *, #3219, .F. ) ;
#1598 = CARTESIAN_POINT ( 'NONE',  ( -12.27344013950064827, 2.500000000000000000, -18.25822190527036071 ) ) ;
#1599 = AXIS2_PLACEMENT_3D ( 'NONE', #146, #1227, #501 ) ;
#1600 = CIRCLE ( 'NONE', #673, 5.588000000000000078 ) ;
#1601 = EDGE_CURVE ( 'NONE', #331, #3718, #2164, .T. ) ;
#1602 = SPHERICAL_SURFACE ( 'NONE', #3170, 35.56000000000000227 ) ;
#1603 = CARTESIAN_POINT ( 'NONE',  ( -29.64705985499420038, -8.958010899717429254, -12.28021427642589813 ) ) ;
#1604 = ORIENTED_EDGE ( 'NONE', *, *, #2884, .T. ) ;
#1605 = CARTESIAN_POINT ( 'NONE',  ( 1.500000000000000000, -114.1007621135331362, -33.43889075917171283 ) ) ;
#1606 = FACE_BOUND ( 'NONE', #3081, .T. ) ;
#1607 = ADVANCED_FACE ( 'NONE', ( #516 ), #2227, .T. ) ;
#1608 = ITEM_DEFINED_TRANSFORMATION ( 'NONE', 'NONE', #1795,  #508 ) ;
#1609 = AXIS2_PLACEMENT_3D ( 'NONE', #1878, #3629, #3241 ) ;
#1610 = VERTEX_POINT ( 'NONE', #1552 ) ;
#1611 = CARTESIAN_POINT ( 'NONE',  ( 21.94880406764797343, -2.500000000000000000, 1.499999999999988010 ) ) ;
#1612 = ORIENTED_EDGE ( 'NONE', *, *, #1199, .T. ) ;
#1613 = DIRECTION ( 'NONE',  ( 0.000000000000000000, 0.000000000000000000, 1.000000000000000000 ) ) ;
#1614 = VECTOR ( 'NONE', #4238, 1000.000000000000000 ) ;
#1615 = VECTOR ( 'NONE', #4020, 1000.000000000000000 ) ;
#1616 = LINE ( 'NONE', #3009, #319 ) ;
#1617 = CARTESIAN_POINT ( 'NONE',  ( 15.00000000000000000, 47.50000000000000000, 25.98076211353315657 ) ) ;
#1618 = CARTESIAN_POINT ( 'NONE',  ( -8.032207124372259497E-14, -26.53395324602110250, 23.00515553387904788 ) ) ;
#1619 = VERTEX_POINT ( 'NONE', #3274 ) ;
#1620 = EDGE_LOOP ( 'NONE', ( #377, #372 ) ) ;
#1621 = ORIENTED_EDGE ( 'NONE', *, *, #702, .T. ) ;
#1622 = FACE_OUTER_BOUND ( 'NONE', #31, .T. ) ;
#1623 = VECTOR ( 'NONE', #4268, 1000.000000000000000 ) ;
#1624 = CARTESIAN_POINT ( 'NONE',  ( 46.25064706774190171, 14.57110604024935974, -24.83246258180254884 ) ) ;
#1625 = DIRECTION ( 'NONE',  ( -0.3685911383658754814, 0.2688750668918974962, 0.8898577252134330928 ) ) ;
#1626 = ORIENTED_EDGE ( 'NONE', *, *, #2495, .T. ) ;
#1627 = CARTESIAN_POINT ( 'NONE',  ( 1.443375672974059665, 47.50000000000000000, -2.500000000000004885 ) ) ;
#1628 = EDGE_CURVE ( 'NONE', #4203, #2371, #2923, .T. ) ;
#1629 = DIRECTION ( 'NONE',  ( 0.4999999999999949485, 0.000000000000000000, -0.8660254037844415942 ) ) ;
#1630 = SHAPE_DEFINITION_REPRESENTATION ( #1224, #1202 ) ;
#1631 = ADVANCED_FACE ( 'NONE', ( #3613, #1133, #3980, #1246, #2617, #4305 ), #206, .F. ) ;
#1632 = ORIENTED_EDGE ( 'NONE', *, *, #1225, .F. ) ;
#1633 = DIRECTION ( 'NONE',  ( -0.8371691043312220470, 0.000000000000000000, -0.5469441386039888275 ) ) ;
#1634 = ORIENTED_EDGE ( 'NONE', *, *, #755, .T. ) ;
#1635 = ORIENTED_EDGE ( 'NONE', *, *, #958, .T. ) ;
#1636 = DIRECTION ( 'NONE',  ( -0.6550778971785186089, 0.7555613467006966344, 0.000000000000000000 ) ) ;
#1637 = CARTESIAN_POINT ( 'NONE',  ( -1.139674124251499882E-13, -37.64850614575345134, 32.64156424301894788 ) ) ;
#1638 = EDGE_CURVE ( 'NONE', #3568, #1817, #913, .T. ) ;
#1639 = DIRECTION ( 'NONE',  ( -0.1781293538267799959, -0.2688750668918974962, 0.9465601574697359855 ) ) ;
#1640 = ADVANCED_FACE ( 'NONE', ( #4275 ), #2217, .F. ) ;
#1641 = EDGE_LOOP ( 'NONE', ( #3403, #2006, #143, #1976 ) ) ;
#1642 = ORIENTED_EDGE ( 'NONE', *, *, #1283, .F. ) ;
#1643 = ORIENTED_EDGE ( 'NONE', *, *, #3221, .F. ) ;
#1644 = DIRECTION ( 'NONE',  ( -1.000000000000000000, -0.000000000000000000, -0.000000000000000000 ) ) ;
#1645 = DIRECTION ( 'NONE',  ( -0.3826834323650940006, 0.000000000000000000, 0.9238795325112849621 ) ) ;
#1646 = DIRECTION ( 'NONE',  ( -0.5641369404694860368, 0.000000000000000000, -0.8256812413987176802 ) ) ;
#1647 = DIRECTION ( 'NONE',  ( -0.000000000000000000, -1.000000000000000000, -0.000000000000000000 ) ) ;
#1648 = DIRECTION ( 'NONE',  ( 0.5469441386039889386, 0.000000000000000000, -0.8371691043312219360 ) ) ;
#1649 = ORIENTED_EDGE ( 'NONE', *, *, #2627, .T. ) ;
#1650 = DIRECTION ( 'NONE',  ( -0.6325326158847149882, -0.6550778971785178317, -0.4132498499336819120 ) ) ;
#1651 = ORIENTED_EDGE ( 'NONE', *, *, #3610, .T. ) ;
#1652 = CARTESIAN_POINT ( 'NONE',  ( 1.500000000000000000, -88.11999999999997613, -48.43889075917171283 ) ) ;
#1653 = SHAPE_REPRESENTATION ( 'am-5851 Pollen', ( #508 ), #4226 ) ;
#1654 = CARTESIAN_POINT ( 'NONE',  ( 50.26334886101989952, 14.57110604024939882, 15.14494349071240009 ) ) ;
#1655 = EDGE_CURVE ( 'NONE', #3726, #418, #4251, .T. ) ;
#1656 = DIRECTION ( 'NONE',  ( 0.000000000000000000, 1.000000000000000000, -0.000000000000000000 ) ) ;
#1657 = CARTESIAN_POINT ( 'NONE',  ( -1.500000000000000000, -91.11999999999997613, -67.26476147320160237 ) ) ;
#1658 = ADVANCED_FACE ( 'NONE', ( #3573, #2195 ), #4323, .T. ) ;
#1659 = CIRCLE ( 'NONE', #1313, 2.886751345948131320 ) ;
#1660 = ORIENTED_EDGE ( 'NONE', *, *, #1785, .T. ) ;
#1661 = EDGE_LOOP ( 'NONE', ( #650, #70 ) ) ;
#1662 = CARTESIAN_POINT ( 'NONE',  ( -9.013887592422929338E-15, 2.500000000000000000, -2.500000000000000444 ) ) ;
#1663 = AXIS2_PLACEMENT_3D ( 'NONE', #924, #2239, #2270 ) ;
#1664 = ORIENTED_EDGE ( 'NONE', *, *, #3046, .T. ) ;
#1665 = CARTESIAN_POINT ( 'NONE',  ( -17.60291057975720008, -28.83333250113610191, -2.155734809717669786E-15 ) ) ;
#1666 = VECTOR ( 'NONE', #3211, 1000.000000000000000 ) ;
#1667 = PLANE ( 'NONE',  #4248 ) ;
#1668 = AXIS2_PLACEMENT_3D ( 'NONE', #2911, #4289, #2337 ) ;
#1669 = CARTESIAN_POINT ( 'NONE',  ( 14.46800991916189894, 9.442407932967681106, 31.08104279792524949 ) ) ;
#1670 =( LENGTH_UNIT ( ) NAMED_UNIT ( * ) SI_UNIT ( .MILLI., .METRE. ) );
#1671 = AXIS2_PLACEMENT_3D ( 'NONE', #4088, #3710, #1693 ) ;
#1672 = ORIENTED_EDGE ( 'NONE', *, *, #3192, .T. ) ;
#1673 = DIRECTION ( 'NONE',  ( 0.4132498499336824671, -0.6550778971785177207, -0.6325326158847149882 ) ) ;
#1674 = ORIENTED_EDGE ( 'NONE', *, *, #4074, .T. ) ;
#1675 = ORIENTED_EDGE ( 'NONE', *, *, #785, .F. ) ;
#1676 = FACE_OUTER_BOUND ( 'NONE', #778, .T. ) ;
#1677 = AXIS2_PLACEMENT_3D ( 'NONE', #2241, #3967, #2564 ) ;
#1678 = AXIS2_PLACEMENT_3D ( 'NONE', #439, #3801, #823 ) ;
#1679 = AXIS2_PLACEMENT_3D ( 'NONE', #2706, #4130, #3428 ) ;
#1680 = VECTOR ( 'NONE', #298, 1000.000000000000000 ) ;
#1681 = AXIS2_PLACEMENT_3D ( 'NONE', #2283, #566, #2945 ) ;
#1682 = FACE_OUTER_BOUND ( 'NONE', #782, .T. ) ;
#1683 = EDGE_CURVE ( 'NONE', #423, #3718, #3990, .T. ) ;
#1684 = AXIS2_PLACEMENT_3D ( 'NONE', #3855, #3790, #4149 ) ;
#1685 = CARTESIAN_POINT ( 'NONE',  ( 0.000000000000000000, 2.500000000000000000, 0.000000000000000000 ) ) ;
#1686 = ORIENTED_EDGE ( 'NONE', *, *, #4108, .F. ) ;
#1687 = EDGE_CURVE ( 'NONE', #1522, #3175, #3956, .T. ) ;
#1688 = CIRCLE ( 'NONE', #2827, 5.588000000000000078 ) ;
#1689 = ORIENTED_EDGE ( 'NONE', *, *, #2089, .F. ) ;
#1690 = LINE ( 'NONE', #4335, #3056 ) ;
#1691 = ORIENTED_EDGE ( 'NONE', *, *, #305, .F. ) ;
#1692 = DIRECTION ( 'NONE',  ( 0.1849397487677571505, 0.000000000000000000, -0.9827498610153648784 ) ) ;
#1693 = DIRECTION ( 'NONE',  ( -0.4999999999999999445, 0.000000000000000000, -0.8660254037844385966 ) ) ;
#1694 = CARTESIAN_POINT ( 'NONE',  ( -4.041451884327381450, 2.500000000000000000, -4.000000000000000000 ) ) ;
#1695 = CARTESIAN_POINT ( 'NONE',  ( -29.76973335001824950, 0.000000000000000000, -19.44933356875785080 ) ) ;
#1696 = VERTEX_POINT ( 'NONE', #529 ) ;
#1697 = EDGE_CURVE ( 'NONE', #3338, #3877, #181, .T. ) ;
#1698 = CARTESIAN_POINT ( 'NONE',  ( 48.22392579834540527, -14.57110604024939882, 19.97500409654870168 ) ) ;
#1699 = ORIENTED_EDGE ( 'NONE', *, *, #3365, .T. ) ;
#1700 = VERTEX_POINT ( 'NONE', #1514 ) ;
#1701 = DIRECTION ( 'NONE',  ( -0.000000000000000000, -1.000000000000000000, -0.000000000000000000 ) ) ;
#1702 = SURFACE_STYLE_USAGE ( .BOTH. , #561 ) ;
#1703 = DIRECTION ( 'NONE',  ( -0.7555613467006968564, 0.6550778971785183868, 0.000000000000000000 ) ) ;
#1704 = CARTESIAN_POINT ( 'NONE',  ( -4.763139720814413280, 2.500000000000000000, -2.750000000000000444 ) ) ;
#1705 = ORIENTED_EDGE ( 'NONE', *, *, #3849, .T. ) ;
#1706 = LINE ( 'NONE', #1003, #904 ) ;
#1707 = PRODUCT_DEFINITION ( 'UNKNOWN', '', #664, #584 ) ;
#1708 = ORIENTED_EDGE ( 'NONE', *, *, #17, .T. ) ;
#1709 = CARTESIAN_POINT ( 'NONE',  ( 1.443375672974059665, 47.50000000000000000, -2.500000000000004885 ) ) ;
#1710 = DIRECTION ( 'NONE',  ( 0.8660254037844347108, 0.000000000000000000, -0.5000000000000067724 ) ) ;
#1711 = DIRECTION ( 'NONE',  ( 0.000000000000000000, 0.000000000000000000, 1.000000000000000000 ) ) ;
#1712 = EDGE_CURVE ( 'NONE', #2915, #28, #1542, .T. ) ;
#1713 = EDGE_CURVE ( 'NONE', #2036, #4019, #739, .T. ) ;
#1714 = DIRECTION ( 'NONE',  ( -0.000000000000000000, -1.000000000000000000, -0.000000000000000000 ) ) ;
#1715 = ORIENTED_EDGE ( 'NONE', *, *, #1319, .T. ) ;
#1716 = ADVANCED_FACE ( 'NONE', ( #2607 ), #3552, .F. ) ;
#1717 = CARTESIAN_POINT ( 'NONE',  ( 4.041451884327381450, -2.500000000000000000, 3.999999999999998224 ) ) ;
#1718 = ORIENTED_EDGE ( 'NONE', *, *, #2051, .T. ) ;
#1719 = AXIS2_PLACEMENT_3D ( 'NONE', #301, #1656, #3033 ) ;
#1720 = VERTEX_POINT ( 'NONE', #1611 ) ;
#1721 = FACE_OUTER_BOUND ( 'NONE', #327, .T. ) ;
#1722 = DIRECTION ( 'NONE',  ( 0.000000000000000000, 0.000000000000000000, 1.000000000000000000 ) ) ;
#1723 = CARTESIAN_POINT ( 'NONE',  ( 31.25020010556105277, -9.442407932967681106, -12.94425671059642013 ) ) ;
#1724 = CLOSED_SHELL ( 'NONE', ( #2959, #1546, #1125, #653, #50, #1758, #2845, #1965, #2361, #1607 ) ) ;
#1725 = DIRECTION ( 'NONE',  ( -0.4999999999999999445, 0.000000000000000000, 0.8660254037844387076 ) ) ;
#1726 = ORIENTED_EDGE ( 'NONE', *, *, #1199, .F. ) ;
#1727 = VERTEX_POINT ( 'NONE', #2934 ) ;
#1728 = AXIS2_PLACEMENT_3D ( 'NONE', #1603, #3394, #1360 ) ;
#1729 = LINE ( 'NONE', #2205, #2022 ) ;
#1730 = DIRECTION ( 'NONE',  ( 0.9238795325112917345, 0.000000000000000000, -0.3826834323650777359 ) ) ;
#1731 = DIRECTION ( 'NONE',  ( -0.9238795325112890700, 0.000000000000000000, 0.3826834323650840641 ) ) ;
#1732 = DIRECTION ( 'NONE',  ( -0.5000000000000003331, 0.000000000000000000, -0.8660254037844383745 ) ) ;
#1733 = AXIS2_PLACEMENT_3D ( 'NONE', #3627, #1211, #1876 ) ;
#1734 = ADVANCED_FACE ( 'NONE', ( #1905 ), #2634, .F. ) ;
#1735 = DIRECTION ( 'NONE',  ( -0.1781293538267804955, -0.2688750668918974962, 0.9465601574697359855 ) ) ;
#1736 = VECTOR ( 'NONE', #2424, 1000.000000000000114 ) ;
#1737 = ORIENTED_EDGE ( 'NONE', *, *, #2581, .F. ) ;
#1738 = DIRECTION ( 'NONE',  ( 0.4999999999999949485, 0.000000000000000000, -0.8660254037844415942 ) ) ;
#1739 = ORIENTED_EDGE ( 'NONE', *, *, #2149, .T. ) ;
#1740 = EDGE_CURVE ( 'NONE', #3899, #2315, #3234, .T. ) ;
#1741 = EDGE_LOOP ( 'NONE', ( #486, #1207, #400, #437 ) ) ;
#1742 = CARTESIAN_POINT ( 'NONE',  ( -1.443375672974076984, 47.50000000000000000, -2.499999999999994671 ) ) ;
#1743 = AXIS2_PLACEMENT_3D ( 'NONE', #2527, #2596, #888 ) ;
#1744 = VECTOR ( 'NONE', #2599, 1000.000000000000000 ) ;
#1745 = CIRCLE ( 'NONE', #2341, 33.78199999999999648 ) ;
#1746 = LINE ( 'NONE', #22, #811 ) ;
#1747 = CIRCLE ( 'NONE', #102, 5.588000000000000966 ) ;
#1748 = CARTESIAN_POINT ( 'NONE',  ( 15.00000000000000000, 47.50000000000000000, 25.98076211353315657 ) ) ;
#1749 = CIRCLE ( 'NONE', #3608, 5.587999999999998302 ) ;
#1750 = SURFACE_STYLE_USAGE ( .BOTH. , #1437 ) ;
#1751 = ORIENTED_EDGE ( 'NONE', *, *, #1344, .F. ) ;
#1752 = DIRECTION ( 'NONE',  ( 0.000000000000000000, 0.6550778971785183868, 0.7555613467006968564 ) ) ;
#1753 = ORIENTED_EDGE ( 'NONE', *, *, #163, .F. ) ;
#1754 = DIRECTION ( 'NONE',  ( -0.000000000000000000, -1.000000000000000000, -0.000000000000000000 ) ) ;
#1755 = DIRECTION ( 'NONE',  ( 0.000000000000000000, 0.000000000000000000, -1.000000000000000000 ) ) ;
#1756 = CARTESIAN_POINT ( 'NONE',  ( 19.97500409654850273, -14.57110604024939882, -48.22392579834550475 ) ) ;
#1757 = CARTESIAN_POINT ( 'NONE',  ( -23.69582347303419922, 9.442407932967681106, -24.77624835123815217 ) ) ;
#1758 = ADVANCED_FACE ( 'NONE', ( #1851 ), #3216, .F. ) ;
#1759 = DIRECTION ( 'NONE',  ( 0.000000000000000000, 0.000000000000000000, 1.000000000000000000 ) ) ;
#1760 = ORIENTED_EDGE ( 'NONE', *, *, #3551, .T. ) ;
#1761 = VERTEX_POINT ( 'NONE', #3265 ) ;
#1762 = CARTESIAN_POINT ( 'NONE',  ( 2.416505463625310132E-13, -22.87337795658755013, -27.22723233924255126 ) ) ;
#1763 = DIRECTION ( 'NONE',  ( 1.000000000000000000, 0.000000000000000000, 0.000000000000000000 ) ) ;
#1764 = ORIENTED_EDGE ( 'NONE', *, *, #571, .T. ) ;
#1765 = DIRECTION ( 'NONE',  ( -0.8371691043312220470, 0.000000000000000000, -0.5469441386039890496 ) ) ;
#1766 = DIRECTION ( 'NONE',  ( 1.000000000000000000, 0.000000000000000000, 0.000000000000000000 ) ) ;
#1767 = EDGE_CURVE ( 'NONE', #770, #3548, #2885, .T. ) ;
#1768 = ORIENTED_EDGE ( 'NONE', *, *, #1348, .F. ) ;
#1769 = FACE_OUTER_BOUND ( 'NONE', #4355, .T. ) ;
#1770 = EDGE_CURVE ( 'NONE', #314, #4313, #1925, .T. ) ;
#1771 = DIRECTION ( 'NONE',  ( 0.4132498499336824671, 0.6550778971785177207, -0.6325326158847149882 ) ) ;
#1772 = DIRECTION ( 'NONE',  ( 0.6550778971785186089, 0.7555613467006966344, 0.000000000000000000 ) ) ;
#1773 = CARTESIAN_POINT ( 'NONE',  ( 0.000000000000000000, -2.500000000000000000, 0.000000000000000000 ) ) ;
#1774 = DIRECTION ( 'NONE',  ( -0.7555613467006970785, 0.6550778971785180538, 0.000000000000000000 ) ) ;
#1775 = CARTESIAN_POINT ( 'NONE',  ( 12.94425671059651783, -9.442407932967689987, -31.25020010556100303 ) ) ;
#1776 = LINE ( 'NONE', #2488, #2532 ) ;
#1777 = VERTEX_POINT ( 'NONE', #3762 ) ;
#1778 = EDGE_LOOP ( 'NONE', ( #2577, #438, #2800, #477, #1764, #3664 ) ) ;
#1779 = CYLINDRICAL_SURFACE ( 'NONE', #3116, 5.587999999999999190 ) ;
#1780 = VERTEX_POINT ( 'NONE', #2983 ) ;
#1781 = DIRECTION ( 'NONE',  ( 1.000000000000000000, 0.000000000000000000, -0.000000000000000000 ) ) ;
#1782 = DIRECTION ( 'NONE',  ( 0.000000000000000000, 0.000000000000000000, 1.000000000000000000 ) ) ;
#1783 = CIRCLE ( 'NONE', #3453, 5.588000000000000078 ) ;
#1784 = DIRECTION ( 'NONE',  ( -0.9465601574697366516, -0.2688750668918974407, -0.1781293538267769427 ) ) ;
#1785 = EDGE_CURVE ( 'NONE', #4295, #1438, #2461, .T. ) ;
#1786 = ORIENTED_EDGE ( 'NONE', *, *, #3016, .F. ) ;
#1787 = DIRECTION ( 'NONE',  ( 1.000000000000000000, 0.000000000000000000, 0.000000000000000000 ) ) ;
#1788 = EDGE_CURVE ( 'NONE', #1201, #3217, #1350, .T. ) ;
#1789 = PLANE ( 'NONE',  #2742 ) ;
#1790 = CARTESIAN_POINT ( 'NONE',  ( -1.139674124251499882E-13, -33.98793085631990607, 36.86364104838245481 ) ) ;
#1791 = CARTESIAN_POINT ( 'NONE',  ( 2.286046085269070665E-13, -25.17275721170254954, -21.82498738512069991 ) ) ;
#1792 = CARTESIAN_POINT ( 'NONE',  ( 9.675363928147342918, -2.500000000000000000, 19.75822190527035715 ) ) ;
#1793 =( GEOMETRIC_REPRESENTATION_CONTEXT ( 3 ) GLOBAL_UNCERTAINTY_ASSIGNED_CONTEXT ( ( #231 ) ) GLOBAL_UNIT_ASSIGNED_CONTEXT ( ( #1190, #83, #738 ) ) REPRESENTATION_CONTEXT ( 'NONE', 'WORKASPACE' ) );
#1794 = LINE ( 'NONE', #435, #248 ) ;
#1795 = AXIS2_PLACEMENT_3D ( 'NONE', #3851, #115, #1804 ) ;
#1796 = CARTESIAN_POINT ( 'NONE',  ( -1.443375672974042567, 2.500000000000000000, 2.500000000000015987 ) ) ;
#1797 = AXIS2_PLACEMENT_3D ( 'NONE', #1861, #3519, #2254 ) ;
#1798 = VERTEX_POINT ( 'NONE', #2059 ) ;
#1799 = ORIENTED_EDGE ( 'NONE', *, *, #2209, .T. ) ;
#1800 = CARTESIAN_POINT ( 'NONE',  ( 6.255581981294829674, 9.442407932967689987, -33.24148736899009293 ) ) ;
#1801 =( LENGTH_UNIT ( ) NAMED_UNIT ( * ) SI_UNIT ( .MILLI., .METRE. ) );
#1802 = VECTOR ( 'NONE', #611, 1000.000000000000000 ) ;
#1803 = EDGE_LOOP ( 'NONE', ( #3845, #3656, #2727, #1643 ) ) ;
#1804 = DIRECTION ( 'NONE',  ( 1.000000000000000000, 0.000000000000000000, 0.000000000000000000 ) ) ;
#1805 = AXIS2_PLACEMENT_3D ( 'NONE', #3502, #1506, #2526 ) ;
#1806 = AXIS2_PLACEMENT_3D ( 'NONE', #2428, #1416, #3446 ) ;
#1807 = MECHANICAL_DESIGN_GEOMETRIC_PRESENTATION_REPRESENTATION (  '', ( #3750 ), #2965 ) ;
#1808 = EDGE_CURVE ( 'NONE', #3919, #1696, #3309, .T. ) ;
#1809 = CARTESIAN_POINT ( 'NONE',  ( 15.00000000000000000, -47.50000000000000000, 25.98076211353315657 ) ) ;
#1810 = VERTEX_POINT ( 'NONE', #1010 ) ;
#1811 = AXIS2_PLACEMENT_3D ( 'NONE', #877, #2250, #3271 ) ;
#1812 = CARTESIAN_POINT ( 'NONE',  ( 17.85311223758465005, 37.64850614575345134, -27.32650910129829924 ) ) ;
#1813 = AXIS2_PLACEMENT_3D ( 'NONE', #3269, #156, #2917 ) ;
#1814 = VECTOR ( 'NONE', #1629, 1000.000000000000000 ) ;
#1815 = DIRECTION ( 'NONE',  ( 0.000000000000000000, 0.000000000000000000, 1.000000000000000000 ) ) ;
#1816 = EDGE_CURVE ( 'NONE', #1433, #4060, #239, .T. ) ;
#1817 = VERTEX_POINT ( 'NONE', #1285 ) ;
#1818 = DIRECTION ( 'NONE',  ( -1.000000000000000000, -0.000000000000000000, 0.000000000000000000 ) ) ;
#1819 = AXIS2_PLACEMENT_3D ( 'NONE', #2523, #498, #1864 ) ;
#1820 = DIRECTION ( 'NONE',  ( 0.5469441386039889386, 0.000000000000000000, -0.8371691043312220470 ) ) ;
#1821 = DIRECTION ( 'NONE',  ( 0.9827498610153641012, 0.000000000000000000, 0.1849397487677608698 ) ) ;
#1822 = VECTOR ( 'NONE', #3900, 1000.000000000000000 ) ;
#1823 = DIRECTION ( 'NONE',  ( 0.4999999999999999445, 0.000000000000000000, -0.8660254037844387076 ) ) ;
#1824 = DIRECTION ( 'NONE',  ( 0.000000000000000000, 0.000000000000000000, -1.000000000000000000 ) ) ;
#1825 = VERTEX_POINT ( 'NONE', #3025 ) ;
#1826 = ORIENTED_EDGE ( 'NONE', *, *, #1490, .T. ) ;
#1827 = CARTESIAN_POINT ( 'NONE',  ( -6.255581981294850102, 9.442407932967689987, 33.24148736899009293 ) ) ;
#1828 = AXIS2_PLACEMENT_3D ( 'NONE', #2463, #1735, #2077 ) ;
#1829 = EDGE_CURVE ( 'NONE', #4416, #302, #2717, .T. ) ;
#1830 = ORIENTED_EDGE ( 'NONE', *, *, #46, .F. ) ;
#1831 = AXIS2_PLACEMENT_3D ( 'NONE', #2161, #1472, #2814 ) ;
#1832 = CARTESIAN_POINT ( 'NONE',  ( 23.34350437797785105, 8.958010899717429254, -22.71691810250394994 ) ) ;
#1833 = ORIENTED_EDGE ( 'NONE', *, *, #2604, .T. ) ;
#1834 = LINE ( 'NONE', #137, #1822 ) ;
#1835 = DIRECTION ( 'NONE',  ( 0.3582910161908110513, -0.7555613467006971895, -0.5484109764481240878 ) ) ;
#1836 = ORIENTED_EDGE ( 'NONE', *, *, #3834, .F. ) ;
#1837 = ORIENTED_EDGE ( 'NONE', *, *, #870, .T. ) ;
#1838 = CARTESIAN_POINT ( 'NONE',  ( -12.58253497692806100, 26.53395324602110250, 19.25920545329810096 ) ) ;
#1839 = LINE ( 'NONE', #3147, #2174 ) ;
#1840 = EDGE_LOOP ( 'NONE', ( #970, #3941, #2456, #2282 ) ) ;
#1841 = LINE ( 'NONE', #1915, #394 ) ;
#1842 = APPLICATION_CONTEXT ( 'automotive_design' ) ;
#1843 = PRODUCT_DEFINITION ( 'UNKNOWN', '', #4100, #636 ) ;
#1844 = DIRECTION ( 'NONE',  ( 0.5469441386039889386, 0.000000000000000000, -0.8371691043312219360 ) ) ;
#1845 = CARTESIAN_POINT ( 'NONE',  ( -5.484827557301445999, 2.500000000000000000, 1.499999999999999334 ) ) ;
#1846 = EDGE_CURVE ( 'NONE', #3948, #1777, #2651, .T. ) ;
#1847 = ORIENTED_EDGE ( 'NONE', *, *, #1999, .T. ) ;
#1848 = DIRECTION ( 'NONE',  ( 0.000000000000000000, 0.000000000000000000, -1.000000000000000000 ) ) ;
#1849 = EDGE_CURVE ( 'NONE', #1761, #2567, #2699, .T. ) ;
#1850 = EDGE_CURVE ( 'NONE', #391, #2301, #2813, .T. ) ;
#1851 = FACE_OUTER_BOUND ( 'NONE', #2436, .T. ) ;
#1852 = ORIENTED_EDGE ( 'NONE', *, *, #2276, .F. ) ;
#1853 = EDGE_CURVE ( 'NONE', #3877, #523, #1382, .T. ) ;
#1854 = CARTESIAN_POINT ( 'NONE',  ( 1.500000000000000000, -91.11999999999997613, -67.26476147320160237 ) ) ;
#1855 = CIRCLE ( 'NONE', #573, 5.587999999999999190 ) ;
#1856 = ORIENTED_EDGE ( 'NONE', *, *, #619, .F. ) ;
#1857 = SURFACE_SIDE_STYLE ('',( #2200 ) ) ;
#1858 = DIRECTION ( 'NONE',  ( 0.3826834323651002734, 0.000000000000000000, -0.9238795325112824086 ) ) ;
#1859 = ORIENTED_EDGE ( 'NONE', *, *, #4081, .F. ) ;
#1860 = ORIENTED_EDGE ( 'NONE', *, *, #897, .F. ) ;
#1861 = CARTESIAN_POINT ( 'NONE',  ( 2.409662137311675325E-13, -26.53395324602110250, -23.00515553387904788 ) ) ;
#1862 = CARTESIAN_POINT ( 'NONE',  ( 0.000000000000000000, -2.500000000000000000, 0.000000000000000000 ) ) ;
#1863 = ORIENTED_EDGE ( 'NONE', *, *, #3140, .T. ) ;
#1864 = DIRECTION ( 'NONE',  ( 0.5641369404694911438, 0.000000000000000000, 0.8256812413987143495 ) ) ;
#1865 = CYLINDRICAL_SURFACE ( 'NONE', #2278, 25.00000000000000000 ) ;
#1866 = CARTESIAN_POINT ( 'NONE',  ( -1.500000000000000000, 0.000000000000000000, 0.000000000000000000 ) ) ;
#1867 = ORIENTED_EDGE ( 'NONE', *, *, #3411, .T. ) ;
#1868 = DIRECTION ( 'NONE',  ( -0.000000000000000000, -1.000000000000000000, -0.000000000000000000 ) ) ;
#1869 = EDGE_CURVE ( 'NONE', #3696, #2126, #3876, .T. ) ;
#1870 = DIRECTION ( 'NONE',  ( -0.9238795325112890700, 0.000000000000000000, 0.3826834323650840641 ) ) ;
#1871 = AXIS2_PLACEMENT_3D ( 'NONE', #3891, #3198, #3848 ) ;
#1872 = AXIS2_PLACEMENT_3D ( 'NONE', #2569, #3924, #1524 ) ;
#1873 =( GEOMETRIC_REPRESENTATION_CONTEXT ( 3 ) GLOBAL_UNCERTAINTY_ASSIGNED_CONTEXT ( ( #1931 ) ) GLOBAL_UNIT_ASSIGNED_CONTEXT ( ( #3218, #3492, #3509 ) ) REPRESENTATION_CONTEXT ( 'NONE', 'WORKASPACE' ) );
#1874 = AXIS2_PLACEMENT_3D ( 'NONE', #1423, #349, #1467 ) ;
#1875 = EDGE_CURVE ( 'NONE', #616, #4083, #2735, .T. ) ;
#1876 = DIRECTION ( 'NONE',  ( 0.000000000000000000, 0.000000000000000000, -1.000000000000000000 ) ) ;
#1877 = ORIENTED_EDGE ( 'NONE', *, *, #1788, .T. ) ;
#1878 = CARTESIAN_POINT ( 'NONE',  ( 6.255581981294829674, 9.442407932967689987, -33.24148736899009293 ) ) ;
#1879 = AXIS2_PLACEMENT_3D ( 'NONE', #3929, #860, #2943 ) ;
#1880 = AXIS2_PLACEMENT_3D ( 'NONE', #3212, #3567, #2262 ) ;
#1881 = AXIS2_PLACEMENT_3D ( 'NONE', #3936, #4360, #4027 ) ;
#1882 = FACE_OUTER_BOUND ( 'NONE', #901, .T. ) ;
#1883 = ORIENTED_EDGE ( 'NONE', *, *, #3943, .T. ) ;
#1884 = SURFACE_STYLE_FILL_AREA ( #2248 ) ;
#1885 = CIRCLE ( 'NONE', #1459, 5.588000000000000078 ) ;
#1886 = CARTESIAN_POINT ( 'NONE',  ( 2.886751345948131764, -2.500000000000000000, -2.168404344971008868E-16 ) ) ;
#1887 = EDGE_CURVE ( 'NONE', #3063, #2619, #513, .T. ) ;
#1888 = VERTEX_POINT ( 'NONE', #2037 ) ;
#1889 = VERTEX_POINT ( 'NONE', #4094 ) ;
#1890 = CARTESIAN_POINT ( 'NONE',  ( 1.500000000000000000, -88.11999999999997613, -18.43889075917171638 ) ) ;
#1891 = VECTOR ( 'NONE', #2609, 999.9999999999998863 ) ;
#1892 = ORIENTED_EDGE ( 'NONE', *, *, #1445, .T. ) ;
#1893 = FACE_OUTER_BOUND ( 'NONE', #1914, .T. ) ;
#1894 = VECTOR ( 'NONE', #1510, 999.9999999999998863 ) ;
#1895 = AXIS2_PLACEMENT_3D ( 'NONE', #1000, #1397, #1725 ) ;
#1896 = PLANE ( 'NONE',  #4063 ) ;
#1897 = CIRCLE ( 'NONE', #462, 5.588000000000000078 ) ;
#1898 = AXIS2_PLACEMENT_3D ( 'NONE', #1407, #2485, #1731 ) ;
#1899 = CARTESIAN_POINT ( 'NONE',  ( -1.500000000000000000, 0.000000000000000000, 0.000000000000000000 ) ) ;
#1900 = ORIENTED_EDGE ( 'NONE', *, *, #3466, .F. ) ;
#1901 = DIRECTION ( 'NONE',  ( 2.287192253487400614E-15, 0.7555613467006971895, -0.6550778971785180538 ) ) ;
#1902 = DIRECTION ( 'NONE',  ( 0.000000000000000000, 1.000000000000000000, 0.000000000000000000 ) ) ;
#1903 = PRODUCT_DEFINITION_SHAPE ( 'NONE', 'NONE',  #4092 ) ;
#1904 = ORIENTED_EDGE ( 'NONE', *, *, #1846, .T. ) ;
#1905 = FACE_OUTER_BOUND ( 'NONE', #1504, .T. ) ;
#1906 = ORIENTED_EDGE ( 'NONE', *, *, #2462, .T. ) ;
#1907 = CARTESIAN_POINT ( 'NONE',  ( 31.78549487505050308, -8.958010899717418596, -7.117575448752419653 ) ) ;
#1908 = CARTESIAN_POINT ( 'NONE',  ( 3.419022372754510249E-13, -37.64850614575360055, -32.64156424301904735 ) ) ;
#1909 = DIRECTION ( 'NONE',  ( -0.5469441386039889386, 0.000000000000000000, 0.8371691043312220470 ) ) ;
#1910 = EDGE_CURVE ( 'NONE', #3188, #588, #1997, .T. ) ;
#1911 = ORIENTED_EDGE ( 'NONE', *, *, #1471, .T. ) ;
#1912 = ORIENTED_EDGE ( 'NONE', *, *, #3243, .F. ) ;
#1913 = CARTESIAN_POINT ( 'NONE',  ( -22.79379771086179929, 22.87337795658749684, -14.89177513835769950 ) ) ;
#1914 = EDGE_LOOP ( 'NONE', ( #3345, #2710, #1664, #2970 ) ) ;
#1915 = CARTESIAN_POINT ( 'NONE',  ( -1.299038105676659560, -2.500000000000000000, -0.7500000000000009992 ) ) ;
#1916 = EDGE_CURVE ( 'NONE', #2301, #391, #2169, .T. ) ;
#1917 = CARTESIAN_POINT ( 'NONE',  ( 12.27344013950064294, 2.500000000000000000, -18.25822190527036426 ) ) ;
#1918 = PLANE ( 'NONE',  #3811 ) ;
#1919 = VERTEX_POINT ( 'NONE', #3052 ) ;
#1920 = CARTESIAN_POINT ( 'NONE',  ( 0.000000000000000000, 2.500000000000000000, -22.00000000000000355 ) ) ;
#1921 = DIRECTION ( 'NONE',  ( -0.8660254037844385966, 0.000000000000000000, -0.5000000000000001110 ) ) ;
#1922 = SURFACE_STYLE_FILL_AREA ( #4316 ) ;
#1923 = ITEM_DEFINED_TRANSFORMATION ( 'NONE', 'NONE', #1026,  #508 ) ;
#1924 = EDGE_LOOP ( 'NONE', ( #4353, #1475, #2058, #2353 ) ) ;
#1925 = LINE ( 'NONE', #3285, #2878 ) ;
#1926 = ORIENTED_EDGE ( 'NONE', *, *, #2946, .T. ) ;
#1927 = DIRECTION ( 'NONE',  ( 0.000000000000000000, 1.000000000000000000, -0.000000000000000000 ) ) ;
#1928 = CARTESIAN_POINT ( 'NONE',  ( -1.443375672974077206, 2.500000000000000000, -2.499999999999995115 ) ) ;
#1929 = EDGE_CURVE ( 'NONE', #4150, #3791, #1516, .T. ) ;
#1930 =( NAMED_UNIT ( * ) PLANE_ANGLE_UNIT ( ) SI_UNIT ( $, .RADIAN. ) );
#1931 = UNCERTAINTY_MEASURE_WITH_UNIT (LENGTH_MEASURE( 1.000000000000000082E-05 ), #3218, 'distance_accuracy_value', 'NONE');
#1932 = DIRECTION ( 'NONE',  ( 0.000000000000000000, 0.000000000000000000, -1.000000000000000000 ) ) ;
#1933 = ORIENTED_EDGE ( 'NONE', *, *, #1490, .F. ) ;
#1934 = AXIS2_PLACEMENT_3D ( 'NONE', #2113, #1081, #3818 ) ;
#1935 = ORIENTED_EDGE ( 'NONE', *, *, #1770, .T. ) ;
#1936 = ADVANCED_FACE ( 'NONE', ( #669 ), #3402, .F. ) ;
#1937 = ORIENTED_EDGE ( 'NONE', *, *, #1916, .F. ) ;
#1938 = LINE ( 'NONE', #841, #2044 ) ;
#1939 = PRODUCT_DEFINITION_SHAPE ( 'NONE', 'NONE',  #4280 ) ;
#1940 = LINE ( 'NONE', #1917, #2172 ) ;
#1941 = CYLINDRICAL_SURFACE ( 'NONE', #2092, 5.588000000000003631 ) ;
#1942 = VERTEX_POINT ( 'NONE', #971 ) ;
#1943 = DIRECTION ( 'NONE',  ( 0.5484109764481208682, -0.7555613467006967454, 0.3582910161908169355 ) ) ;
#1944 = CARTESIAN_POINT ( 'NONE',  ( -17.44285310409864920, -8.958010899717418596, 27.50862483493819965 ) ) ;
#1945 = SHAPE_DEFINITION_REPRESENTATION ( #576, #2722 ) ;
#1946 = ORIENTED_EDGE ( 'NONE', *, *, #426, .F. ) ;
#1947 = DIRECTION ( 'NONE',  ( -0.5433626321285639493, -0.2688750668918974407, -0.7952755801671497204 ) ) ;
#1948 = AXIS2_PLACEMENT_3D ( 'NONE', #4371, #232, #3291 ) ;
#1949 = ORIENTED_EDGE ( 'NONE', *, *, #3162, .T. ) ;
#1950 = DIRECTION ( 'NONE',  ( -0.9238795325112865164, 0.000000000000000000, -0.3826834323650901148 ) ) ;
#1951 =( GEOMETRIC_REPRESENTATION_CONTEXT ( 3 ) GLOBAL_UNCERTAINTY_ASSIGNED_CONTEXT ( ( #1272 ) ) GLOBAL_UNIT_ASSIGNED_CONTEXT ( ( #1670, #2714, #4030 ) ) REPRESENTATION_CONTEXT ( 'NONE', 'WORKASPACE' ) );
#1952 = AXIS2_PLACEMENT_3D ( 'NONE', #2853, #2572, #1176 ) ;
#1953 = CARTESIAN_POINT ( 'NONE',  ( -0.4430634043862075044, 8.958010899717418596, 32.56963708026599846 ) ) ;
#1954 = AXIS2_PLACEMENT_3D ( 'NONE', #2014, #4077, #1673 ) ;
#1955 = CARTESIAN_POINT ( 'NONE',  ( 0.000000000000000000, 0.000000000000000000, 0.000000000000000000 ) ) ;
#1956 = LINE ( 'NONE', #1242, #3975 ) ;
#1957 = CIRCLE ( 'NONE', #4171, 5.587999999999998302 ) ;
#1958 = EDGE_CURVE ( 'NONE', #2425, #704, #3032, .T. ) ;
#1959 = EDGE_LOOP ( 'NONE', ( #4359, #2511 ) ) ;
#1960 = VERTEX_POINT ( 'NONE', #3358 ) ;
#1961 = ORIENTED_EDGE ( 'NONE', *, *, #3068, .T. ) ;
#1962 = LINE ( 'NONE', #3348, #3614 ) ;
#1963 = CIRCLE ( 'NONE', #1743, 5.588000000000002743 ) ;
#1964 = VECTOR ( 'NONE', #2930, 1000.000000000000114 ) ;
#1965 = ADVANCED_FACE ( 'NONE', ( #3361 ), #3652, .F. ) ;
#1966 = FACE_BOUND ( 'NONE', #3809, .T. ) ;
#1967 = PRESENTATION_LAYER_ASSIGNMENT (  '', '', ( #3750 ) ) ;
#1968 = CARTESIAN_POINT ( 'NONE',  ( 1.500000000000000000, -88.11999999999997613, -18.43889075917171638 ) ) ;
#1969 = ORIENTED_EDGE ( 'NONE', *, *, #3512, .F. ) ;
#1970 = DIRECTION ( 'NONE',  ( 0.000000000000000000, 1.000000000000000000, -0.000000000000000000 ) ) ;
#1971 = DIRECTION ( 'NONE',  ( 1.000000000000000000, 0.000000000000000000, -3.819473744064258553E-16 ) ) ;
#1972 =( NAMED_UNIT ( * ) SI_UNIT ( $, .STERADIAN. ) SOLID_ANGLE_UNIT ( ) );
#1973 = DIRECTION ( 'NONE',  ( 0.000000000000000000, 0.000000000000000000, 1.000000000000000000 ) ) ;
#1974 = AXIS2_PLACEMENT_3D ( 'NONE', #537, #2938, #559 ) ;
#1975 = CIRCLE ( 'NONE', #4042, 5.588000000000002743 ) ;
#1976 = ORIENTED_EDGE ( 'NONE', *, *, #3210, .T. ) ;
#1977 = CARTESIAN_POINT ( 'NONE',  ( 12.27344013950065715, 2.500000000000000000, 18.25822190527035715 ) ) ;
#1978 = EDGE_LOOP ( 'NONE', ( #1489, #3472, #2643, #973 ) ) ;
#1979 = CARTESIAN_POINT ( 'NONE',  ( 1.500000000000000000, 0.000000000000000000, 0.000000000000000000 ) ) ;
#1980 = VECTOR ( 'NONE', #1644, 1000.000000000000000 ) ;
#1981 = EDGE_CURVE ( 'NONE', #2469, #1276, #1101, .T. ) ;
#1982 = PRESENTATION_LAYER_ASSIGNMENT (  '', '', ( #3830 ) ) ;
#1983 = DIRECTION ( 'NONE',  ( 0.000000000000000000, 1.000000000000000000, -0.000000000000000000 ) ) ;
#1984 = UNCERTAINTY_MEASURE_WITH_UNIT (LENGTH_MEASURE( 1.000000000000000082E-05 ), #2104, 'distance_accuracy_value', 'NONE');
#1985 = CARTESIAN_POINT ( 'NONE',  ( 29.64829882466484889, 8.958010899717429254, -13.48910454863190012 ) ) ;
#1986 = EDGE_LOOP ( 'NONE', ( #1753, #3451, #3725, #2778 ) ) ;
#1987 = ORIENTED_EDGE ( 'NONE', *, *, #3882, .T. ) ;
#1988 = ORIENTED_EDGE ( 'NONE', *, *, #1958, .F. ) ;
#1989 = DIRECTION ( 'NONE',  ( 0.8256812413987200117, 0.000000000000000000, -0.5641369404694827061 ) ) ;
#1990 = DIRECTION ( 'NONE',  ( 0.000000000000000000, 0.000000000000000000, 1.000000000000000000 ) ) ;
#1991 = DIRECTION ( 'NONE',  ( 0.8371691043312220470, 0.000000000000000000, 0.5469441386039889386 ) ) ;
#1992 = ORIENTED_EDGE ( 'NONE', *, *, #1808, .F. ) ;
#1993 = LINE ( 'NONE', #3622, #1744 ) ;
#1994 = CARTESIAN_POINT ( 'NONE',  ( -6.938893903907229955E-15, 35.11819835925530242, -1.387778780781445991E-14 ) ) ;
#1995 = DIRECTION ( 'NONE',  ( 1.000000000000000000, 0.000000000000000000, 0.000000000000000000 ) ) ;
#1996 = ORIENTED_EDGE ( 'NONE', *, *, #255, .T. ) ;
#1997 = LINE ( 'NONE', #2672, #4103 ) ;
#1998 = VERTEX_POINT ( 'NONE', #634 ) ;
#1999 = EDGE_CURVE ( 'NONE', #796, #1817, #1243, .T. ) ;
#2000 = DIRECTION ( 'NONE',  ( -0.5000000000000003331, 0.000000000000000000, -0.8660254037844383745 ) ) ;
#2001 = APPLICATION_CONTEXT ( 'automotive_design' ) ;
#2002 = EDGE_CURVE ( 'NONE', #2921, #2749, #2721, .T. ) ;
#2003 = CARTESIAN_POINT ( 'NONE',  ( -35.56000000000000227, 0.000000000000000000, -4.354844017767984771E-15 ) ) ;
#2004 = DIRECTION ( 'NONE',  ( 0.3685911383658754814, 0.2688750668918974962, -0.8898577252134330928 ) ) ;
#2005 = VERTEX_POINT ( 'NONE', #2003 ) ;
#2006 = ORIENTED_EDGE ( 'NONE', *, *, #3268, .F. ) ;
#2007 = DIRECTION ( 'NONE',  ( 0.3582910161908110513, -0.7555613467006971895, -0.5484109764481240878 ) ) ;
#2008 = FACE_BOUND ( 'NONE', #502, .T. ) ;
#2009 = LINE ( 'NONE', #3370, #3805 ) ;
#2010 = CARTESIAN_POINT ( 'NONE',  ( -12.94425671059609861, -9.442407932967689987, -31.25020010556119843 ) ) ;
#2011 = PLANE ( 'NONE',  #2692 ) ;
#2012 = EDGE_CURVE ( 'NONE', #325, #3442, #342, .T. ) ;
#2013 = VERTEX_POINT ( 'NONE', #3031 ) ;
#2014 = CARTESIAN_POINT ( 'NONE',  ( 12.58253497692818001, 26.53395324602110250, -19.25920545329805122 ) ) ;
#2015 = EDGE_LOOP ( 'NONE', ( #3979, #1595 ) ) ;
#2016 = LINE ( 'NONE', #4125, #3607 ) ;
#2017 = EDGE_CURVE ( 'NONE', #713, #579, #4391, .T. ) ;
#2018 = EDGE_CURVE ( 'NONE', #289, #2570, #446, .T. ) ;
#2019 = DIRECTION ( 'NONE',  ( 2.287192253487400614E-15, 0.7555613467006971895, -0.6550778971785180538 ) ) ;
#2020 = MECHANICAL_DESIGN_GEOMETRIC_PRESENTATION_REPRESENTATION (  '', ( #2313 ), #1951 ) ;
#2021 = FACE_OUTER_BOUND ( 'NONE', #1042, .T. ) ;
#2022 = VECTOR ( 'NONE', #814, 1000.000000000000114 ) ;
#2023 = EDGE_LOOP ( 'NONE', ( #3366, #2144 ) ) ;
#2024 = ORIENTED_EDGE ( 'NONE', *, *, #1013, .F. ) ;
#2025 = DIRECTION ( 'NONE',  ( -0.5641369404694857037, 0.000000000000000000, -0.8256812413987179022 ) ) ;
#2026 = AXIS2_PLACEMENT_3D ( 'NONE', #2363, #354, #3715 ) ;
#2027 = EDGE_CURVE ( 'NONE', #3536, #2662, #1029, .T. ) ;
#2028 = EDGE_LOOP ( 'NONE', ( #3527, #3797, #175, #1455 ) ) ;
#2029 = DIRECTION ( 'NONE',  ( 0.5000000000000008882, 0.000000000000000000, 0.8660254037844382635 ) ) ;
#2030 = AXIS2_PLACEMENT_3D ( 'NONE', #3861, #3546, #4241 ) ;
#2031 = DIRECTION ( 'NONE',  ( 1.000000000000000000, 0.000000000000000000, 0.000000000000000000 ) ) ;
#2032 = AXIS2_PLACEMENT_3D ( 'NONE', #1016, #258, #1703 ) ;
#2033 = DIRECTION ( 'NONE',  ( -0.5000000000000009992, 0.000000000000000000, -0.8660254037844380415 ) ) ;
#2034 = DIRECTION ( 'NONE',  ( -1.000000000000000000, 0.000000000000000000, 3.455323577095457587E-15 ) ) ;
#2035 = AXIS2_PLACEMENT_3D ( 'NONE', #1773, #4235, #4213 ) ;
#2036 = VERTEX_POINT ( 'NONE', #1953 ) ;
#2037 = CARTESIAN_POINT ( 'NONE',  ( 14.73661288367789979, 28.83333250113610191, 9.627808763968321415 ) ) ;
#2038 = ORIENTED_EDGE ( 'NONE', *, *, #1584, .T. ) ;
#2039 = LINE ( 'NONE', #2702, #2545 ) ;
#2040 = AXIS2_PLACEMENT_3D ( 'NONE', #1567, #1927, #3287 ) ;
#2041 = FILL_AREA_STYLE_COLOUR ( '', #2981 ) ;
#2042 = AXIS2_PLACEMENT_3D ( 'NONE', #2560, #1902, #3237 ) ;
#2043 = CIRCLE ( 'NONE', #467, 22.00000000000000355 ) ;
#2044 = VECTOR ( 'NONE', #238, 999.9999999999998863 ) ;
#2045 = CARTESIAN_POINT ( 'NONE',  ( 21.94880406764797343, 2.500000000000000000, -1.500000000000010880 ) ) ;
#2046 = AXIS2_PLACEMENT_3D ( 'NONE', #4415, #266, #936 ) ;
#2047 = CARTESIAN_POINT ( 'NONE',  ( 17.44285310409849998, -8.958010899717429254, 27.50862483493834887 ) ) ;
#2048 = EDGE_CURVE ( 'NONE', #713, #3548, #2319, .T. ) ;
#2049 = EDGE_LOOP ( 'NONE', ( #2080, #1912, #4070, #250 ) ) ;
#2050 = LINE ( 'NONE', #960, #1980 ) ;
#2051 = EDGE_CURVE ( 'NONE', #3439, #889, #2366, .T. ) ;
#2052 = ORIENTED_EDGE ( 'NONE', *, *, #1712, .F. ) ;
#2053 = CARTESIAN_POINT ( 'NONE',  ( 21.80579739880549894, 21.51218192226900072, 14.24628908682714012 ) ) ;
#2054 = CARTESIAN_POINT ( 'NONE',  ( 29.11176508550480335, -9.442407932967689987, 18.10689553826970055 ) ) ;
#2055 = EDGE_CURVE ( 'NONE', #589, #713, #1616, .T. ) ;
#2056 = FACE_OUTER_BOUND ( 'NONE', #2072, .T. ) ;
#2057 = DIRECTION ( 'NONE',  ( 0.000000000000000000, 0.000000000000000000, 1.000000000000000000 ) ) ;
#2058 = ORIENTED_EDGE ( 'NONE', *, *, #1628, .F. ) ;
#2059 = CARTESIAN_POINT ( 'NONE',  ( 27.50862483493814992, -8.958010899717429254, 17.44285310409874867 ) ) ;
#2060 = EDGE_LOOP ( 'NONE', ( #2292, #1097 ) ) ;
#2061 = ORIENTED_EDGE ( 'NONE', *, *, #2720, .F. ) ;
#2062 = CARTESIAN_POINT ( 'NONE',  ( 12.27344013950064294, -2.500000000000000000, -18.25822190527036426 ) ) ;
#2063 = AXIS2_PLACEMENT_3D ( 'NONE', #145, #1136, #2487 ) ;
#2064 = CARTESIAN_POINT ( 'NONE',  ( -6.938893903907229955E-15, 0.000000000000000000, -1.387778780781445991E-14 ) ) ;
#2065 = DIRECTION ( 'NONE',  ( 0.3826834323650876168, 0.000000000000000000, 0.9238795325112876267 ) ) ;
#2066 = DIRECTION ( 'NONE',  ( -0.3826834323650810665, 0.000000000000000000, -0.9238795325112902912 ) ) ;
#2067 = ADVANCED_FACE ( 'NONE', ( #321 ), #1289, .T. ) ;
#2068 =( NAMED_UNIT ( * ) PLANE_ANGLE_UNIT ( ) SI_UNIT ( $, .RADIAN. ) );
#2069 = CIRCLE ( 'NONE', #3203, 22.00000000000000355 ) ;
#2070 = ORIENTED_EDGE ( 'NONE', *, *, #3068, .F. ) ;
#2071 = FACE_BOUND ( 'NONE', #1422, .T. ) ;
#2072 = EDGE_LOOP ( 'NONE', ( #1144, #1544, #1451, #1847 ) ) ;
#2073 = EDGE_CURVE ( 'NONE', #3696, #1304, #3386, .T. ) ;
#2074 = CARTESIAN_POINT ( 'NONE',  ( -17.44285310409830103, -8.958010899717429254, -27.50862483493845190 ) ) ;
#2075 = DIRECTION ( 'NONE',  ( 0.5000000000000001110, 0.000000000000000000, -0.8660254037844385966 ) ) ;
#2076 = FACE_OUTER_BOUND ( 'NONE', #3005, .T. ) ;
#2077 = DIRECTION ( 'NONE',  ( -0.9827498610153641012, 0.000000000000000000, -0.1849397487677608698 ) ) ;
#2078 = EDGE_LOOP ( 'NONE', ( #1400, #355 ) ) ;
#2079 = LINE ( 'NONE', #374, #3673 ) ;
#2080 = ORIENTED_EDGE ( 'NONE', *, *, #2089, .T. ) ;
#2081 = EDGE_LOOP ( 'NONE', ( #4008, #4032, #1726, #3581 ) ) ;
#2082 = CARTESIAN_POINT ( 'NONE',  ( -15.72461319573415039, 30.19452853545470461, -10.27329481549882040 ) ) ;
#2083 = LINE ( 'NONE', #3445, #4021 ) ;
#2084 = CARTESIAN_POINT ( 'NONE',  ( 9.653337267358701013, 14.57110604024939882, -51.29679217713410111 ) ) ;
#2085 = LINE ( 'NONE', #3122, #2894 ) ;
#2086 = CARTESIAN_POINT ( 'NONE',  ( 0.000000000000000000, 0.000000000000000000, 0.000000000000000000 ) ) ;
#2087 = VERTEX_POINT ( 'NONE', #2988 ) ;
#2088 = FACE_BOUND ( 'NONE', #1620, .T. ) ;
#2089 = EDGE_CURVE ( 'NONE', #28, #3671, #4013, .T. ) ;
#2090 = PRODUCT_DEFINITION_FORMATION_WITH_SPECIFIED_SOURCE ( 'ANY', '', #1576, .NOT_KNOWN. ) ;
#2091 = ORIENTED_EDGE ( 'NONE', *, *, #534, .F. ) ;
#2092 = AXIS2_PLACEMENT_3D ( 'NONE', #4087, #1625, #3299 ) ;
#2093 = CARTESIAN_POINT ( 'NONE',  ( 29.64705985499429985, -8.958010899717429254, 12.28021427642569918 ) ) ;
#2094 = DIRECTION ( 'NONE',  ( -1.000000000000000000, 0.000000000000000000, 1.051620219116008581E-14 ) ) ;
#2095 = CYLINDRICAL_SURFACE ( 'NONE', #1468, 5.588000000000000966 ) ;
#2096 = AXIS2_PLACEMENT_3D ( 'NONE', #3994, #4348, #300 ) ;
#2097 = DIRECTION ( 'NONE',  ( -0.000000000000000000, -1.000000000000000000, -0.000000000000000000 ) ) ;
#2098 = VECTOR ( 'NONE', #4122, 1000.000000000000000 ) ;
#2099 = VERTEX_POINT ( 'NONE', #280 ) ;
#2100 = CARTESIAN_POINT ( 'NONE',  ( 0.000000000000000000, -35.56000000000000227, 0.000000000000000000 ) ) ;
#2101 = ORIENTED_EDGE ( 'NONE', *, *, #3988, .T. ) ;
#2102 = ORIENTED_EDGE ( 'NONE', *, *, #3993, .T. ) ;
#2103 = FACE_OUTER_BOUND ( 'NONE', #193, .T. ) ;
#2104 =( LENGTH_UNIT ( ) NAMED_UNIT ( * ) SI_UNIT ( .MILLI., .METRE. ) );
#2105 = AXIS2_PLACEMENT_3D ( 'NONE', #4381, #3396, #290 ) ;
#2106 = ADVANCED_FACE ( 'NONE', ( #1682 ), #1308, .F. ) ;
#2107 = ORIENTED_EDGE ( 'NONE', *, *, #2055, .F. ) ;
#2108 = AXIS2_PLACEMENT_3D ( 'NONE', #3520, #2793, #457 ) ;
#2109 = CARTESIAN_POINT ( 'NONE',  ( 34.27493068510435137, 9.442407932967681106, 0.7639757579408469335 ) ) ;
#2110 = DIRECTION ( 'NONE',  ( 0.000000000000000000, 0.000000000000000000, 1.000000000000000000 ) ) ;
#2111 = VECTOR ( 'NONE', #941, 1000.000000000000000 ) ;
#2112 = EDGE_CURVE ( 'NONE', #4078, #3389, #676, .T. ) ;
#2113 = CARTESIAN_POINT ( 'NONE',  ( 12.94425671059651783, -9.442407932967689987, -31.25020010556100303 ) ) ;
#2114 = CIRCLE ( 'NONE', #1267, 35.56000000000000227 ) ;
#2115 = PRESENTATION_STYLE_ASSIGNMENT (( #4190 ) ) ;
#2116 = ORIENTED_EDGE ( 'NONE', *, *, #1015, .F. ) ;
#2117 = FACE_BOUND ( 'NONE', #2646, .T. ) ;
#2118 = CIRCLE ( 'NONE', #688, 29.99999999999999645 ) ;
#2119 = ORIENTED_EDGE ( 'NONE', *, *, #2017, .F. ) ;
#2120 = CIRCLE ( 'NONE', #4057, 35.56000000000000227 ) ;
#2121 = DIRECTION ( 'NONE',  ( -0.3685911383658693197, 0.2688750668918973852, -0.8898577252134356463 ) ) ;
#2122 = DIRECTION ( 'NONE',  ( 0.5000000000000067724, 0.000000000000000000, 0.8660254037844347108 ) ) ;
#2123 = DIRECTION ( 'NONE',  ( 0.3685911383658754814, 0.2688750668918974962, -0.8898577252134330928 ) ) ;
#2124 = CARTESIAN_POINT ( 'NONE',  ( -2.886751345948130432, 47.50000000000000000, 2.015807690851639259E-14 ) ) ;
#2125 = FACE_OUTER_BOUND ( 'NONE', #2635, .T. ) ;
#2126 = VERTEX_POINT ( 'NONE', #4421 ) ;
#2127 = EDGE_LOOP ( 'NONE', ( #1412, #4281, #3367, #147 ) ) ;
#2128 = CARTESIAN_POINT ( 'NONE',  ( 43.09824984439845252, 14.57110604024935974, -29.44636935873855066 ) ) ;
#2129 = DIRECTION ( 'NONE',  ( -0.5000000000000001110, 0.000000000000000000, 0.8660254037844387076 ) ) ;
#2130 = ADVANCED_FACE ( 'NONE', ( #4039 ), #978, .F. ) ;
#2131 = VERTEX_POINT ( 'NONE', #2132 ) ;
#2132 = CARTESIAN_POINT ( 'NONE',  ( -22.71691810250404941, 8.958010899717418596, -23.34350437797780131 ) ) ;
#2133 = EDGE_CURVE ( 'NONE', #2183, #4252, #4243, .T. ) ;
#2134 = LINE ( 'NONE', #3853, #254 ) ;
#2135 = ORIENTED_EDGE ( 'NONE', *, *, #1517, .F. ) ;
#2136 = CYLINDRICAL_SURFACE ( 'NONE', #1684, 5.588000000000002743 ) ;
#2137 = ORIENTED_EDGE ( 'NONE', *, *, #2146, .T. ) ;
#2138 = LINE ( 'NONE', #97, #876 ) ;
#2139 = PLANE ( 'NONE',  #2822 ) ;
#2140 = FACE_OUTER_BOUND ( 'NONE', #2023, .T. ) ;
#2141 = CARTESIAN_POINT ( 'NONE',  ( 1.500000000000000000, -88.11999999999997613, -18.43889075917171638 ) ) ;
#2142 = CARTESIAN_POINT ( 'NONE',  ( 50.36236081840159784, -14.57110604024935974, -14.81236526887525962 ) ) ;
#2143 = ORIENTED_EDGE ( 'NONE', *, *, #3421, .T. ) ;
#2144 = ORIENTED_EDGE ( 'NONE', *, *, #4055, .T. ) ;
#2145 = CARTESIAN_POINT ( 'NONE',  ( -5.484827557301445111, 2.500000000000000000, -1.500000000000000888 ) ) ;
#2146 = EDGE_CURVE ( 'NONE', #3467, #1610, #4144, .T. ) ;
#2147 = VERTEX_POINT ( 'NONE', #1393 ) ;
#2148 = CARTESIAN_POINT ( 'NONE',  ( -35.95158735239690628, 15.75448125020987433, -52.71143446412535383 ) ) ;
#2149 = EDGE_CURVE ( 'NONE', #2263, #1919, #249, .T. ) ;
#2150 = PLANE ( 'NONE',  #1534 ) ;
#2151 = ORIENTED_EDGE ( 'NONE', *, *, #4294, .T. ) ;
#2152 = CARTESIAN_POINT ( 'NONE',  ( 0.000000000000000000, 0.000000000000000000, 0.000000000000000000 ) ) ;
#2153 = FACE_OUTER_BOUND ( 'NONE', #1741, .T. ) ;
#2154 = AXIS2_PLACEMENT_3D ( 'NONE', #4231, #3202, #1815 ) ;
#2155 = LINE ( 'NONE', #3583, #665 ) ;
#2156 = DIRECTION ( 'NONE',  ( -0.3685911383658700413, 0.2688750668918975517, -0.8898577252134353133 ) ) ;
#2157 = CARTESIAN_POINT ( 'NONE',  ( 0.000000000000000000, 2.500000000000000000, 0.000000000000000000 ) ) ;
#2158 = EDGE_CURVE ( 'NONE', #787, #2619, #2784, .T. ) ;
#2159 = COLOUR_RGB ( '',0.7921568627450980005, 0.8196078431372548767, 0.9333333333333333481 ) ;
#2160 = CIRCLE ( 'NONE', #4166, 22.00000000000000355 ) ;
#2161 = CARTESIAN_POINT ( 'NONE',  ( -29.64705985499420038, -8.958010899717429254, -12.28021427642589813 ) ) ;
#2162 = ORIENTED_EDGE ( 'NONE', *, *, #3365, .F. ) ;
#2163 = DIRECTION ( 'NONE',  ( 0.7952755801671441693, -0.2688750668918975517, -0.5433626321285721650 ) ) ;
#2164 = CIRCLE ( 'NONE', #1879, 5.588000000000000078 ) ;
#2165 = ORIENTED_EDGE ( 'NONE', *, *, #1816, .T. ) ;
#2166 = ORIENTED_EDGE ( 'NONE', *, *, #3534, .F. ) ;
#2167 = CYLINDRICAL_SURFACE ( 'NONE', #324, 5.588000000000000966 ) ;
#2168 =( NAMED_UNIT ( * ) PLANE_ANGLE_UNIT ( ) SI_UNIT ( $, .RADIAN. ) );
#2169 = CIRCLE ( 'NONE', #1954, 5.588000000000003631 ) ;
#2170 = EDGE_LOOP ( 'NONE', ( #3964, #2162, #91, #541 ) ) ;
#2171 =( NAMED_UNIT ( * ) SI_UNIT ( $, .STERADIAN. ) SOLID_ANGLE_UNIT ( ) );
#2172 = VECTOR ( 'NONE', #593, 1000.000000000000000 ) ;
#2173 = AXIS2_PLACEMENT_3D ( 'NONE', #1637, #2019, #3408 ) ;
#2174 = VECTOR ( 'NONE', #98, 1000.000000000000114 ) ;
#2175 = CARTESIAN_POINT ( 'NONE',  ( 43.09824984439845252, 14.57110604024935974, -29.44636935873855066 ) ) ;
#2176 = ORIENTED_EDGE ( 'NONE', *, *, #1030, .T. ) ;
#2177 =( NAMED_UNIT ( * ) PLANE_ANGLE_UNIT ( ) SI_UNIT ( $, .RADIAN. ) );
#2178 = CIRCLE ( 'NONE', #2690, 33.78200000000000358 ) ;
#2179 = VECTOR ( 'NONE', #3825, 1000.000000000000000 ) ;
#2180 = FACE_OUTER_BOUND ( 'NONE', #2858, .T. ) ;
#2181 = CIRCLE ( 'NONE', #326, 33.78199999999999648 ) ;
#2182 = ORIENTED_EDGE ( 'NONE', *, *, #1260, .T. ) ;
#2183 = VERTEX_POINT ( 'NONE', #2559 ) ;
#2184 = EDGE_CURVE ( 'NONE', #4060, #2842, #452, .T. ) ;
#2185 = LINE ( 'NONE', #3907, #4308 ) ;
#2186 = AXIS2_PLACEMENT_3D ( 'NONE', #2157, #1090, #415 ) ;
#2187 = DIRECTION ( 'NONE',  ( -0.5000000000000009992, 0.000000000000000000, -0.8660254037844381525 ) ) ;
#2188 = CARTESIAN_POINT ( 'NONE',  ( 4.041451884327380562, 2.500000000000000000, -4.000000000000001776 ) ) ;
#2189 = EDGE_CURVE ( 'NONE', #3763, #787, #2245, .T. ) ;
#2190 = AXIS2_PLACEMENT_3D ( 'NONE', #1462, #2417, #411 ) ;
#2191 = CARTESIAN_POINT ( 'NONE',  ( 32.56963708026599846, 8.958010899717429254, 0.4430634043860735005 ) ) ;
#2192 = DIRECTION ( 'NONE',  ( -1.036597073128637395E-14, 0.000000000000000000, -1.000000000000000000 ) ) ;
#2193 = ORIENTED_EDGE ( 'NONE', *, *, #677, .F. ) ;
#2194 = DIRECTION ( 'NONE',  ( 0.5000000000000011102, 0.000000000000000000, 0.8660254037844379305 ) ) ;
#2195 = FACE_BOUND ( 'NONE', #1558, .T. ) ;
#2196 = ORIENTED_EDGE ( 'NONE', *, *, #3001, .F. ) ;
#2197 = CARTESIAN_POINT ( 'NONE',  ( -34.69152108516480837, 8.460091792633212648, 5.764728942722280536 ) ) ;
#2198 = DIRECTION ( 'NONE',  ( 0.5000000000000003331, 0.000000000000000000, 0.8660254037844383745 ) ) ;
#2199 = ORIENTED_EDGE ( 'NONE', *, *, #1102, .T. ) ;
#2200 = SURFACE_STYLE_FILL_AREA ( #2918 ) ;
#2201 = DIRECTION ( 'NONE',  ( -1.000000000000000000, 0.000000000000000000, 0.000000000000000000 ) ) ;
#2202 = EDGE_CURVE ( 'NONE', #1889, #589, #3094, .T. ) ;
#2203 = ORIENTED_EDGE ( 'NONE', *, *, #2202, .F. ) ;
#2204 = EDGE_LOOP ( 'NONE', ( #283, #297, #4399, #1612 ) ) ;
#2205 = CARTESIAN_POINT ( 'NONE',  ( -1.132830797937863813E-13, -41.30908143518705344, 28.41948743765545160 ) ) ;
#2206 = CARTESIAN_POINT ( 'NONE',  ( -1.443375672974076984, -47.50000000000000000, -2.499999999999994671 ) ) ;
#2207 = ORIENTED_EDGE ( 'NONE', *, *, #997, .T. ) ;
#2208 = LINE ( 'NONE', #3564, #4187 ) ;
#2209 = EDGE_CURVE ( 'NONE', #3536, #3312, #424, .T. ) ;
#2210 = PRODUCT_DEFINITION_SHAPE ( 'NONE', 'NONE',  #4427 ) ;
#2211 = CARTESIAN_POINT ( 'NONE',  ( 1.443375672974094748, 2.500000000000000000, 2.499999999999985345 ) ) ;
#2212 = DIRECTION ( 'NONE',  ( 0.3685911383658754814, 0.2688750668918974962, -0.8898577252134329818 ) ) ;
#2213 = ORIENTED_EDGE ( 'NONE', *, *, #255, .F. ) ;
#2214 = CARTESIAN_POINT ( 'NONE',  ( 26.04706419048415000, -21.51218192226900072, 0.000000000000000000 ) ) ;
#2215 = PLANE ( 'NONE',  #2042 ) ;
#2216 = SHAPE_REPRESENTATION_RELATIONSHIP ( 'NONE' , 'NONE' ,  #3484, #3707 ) ;
#2217 = PLANE ( 'NONE',  #2528 ) ;
#2218 = VERTEX_POINT ( 'NONE', #1187 ) ;
#2219 = CARTESIAN_POINT ( 'NONE',  ( -1.443375672974076984, -47.50000000000000000, -2.499999999999994671 ) ) ;
#2220 = EDGE_CURVE ( 'NONE', #1817, #796, #3963, .T. ) ;
#2221 = PLANE ( 'NONE',  #1813 ) ;
#2222 = ORIENTED_EDGE ( 'NONE', *, *, #1601, .T. ) ;
#2223 =( NAMED_UNIT ( * ) SI_UNIT ( $, .STERADIAN. ) SOLID_ANGLE_UNIT ( ) );
#2224 = LINE ( 'NONE', #614, #1374 ) ;
#2225 = ORIENTED_EDGE ( 'NONE', *, *, #627, .F. ) ;
#2226 = ORIENTED_EDGE ( 'NONE', *, *, #702, .F. ) ;
#2227 = PLANE ( 'NONE',  #2610 ) ;
#2228 = VERTEX_POINT ( 'NONE', #2109 ) ;
#2229 = CARTESIAN_POINT ( 'NONE',  ( 17.60291057975720008, -28.83333250113610191, 0.000000000000000000 ) ) ;
#2230 = DIRECTION ( 'NONE',  ( -0.5433626321285639493, -0.2688750668918974407, -0.7952755801671497204 ) ) ;
#2231 = CARTESIAN_POINT ( 'NONE',  ( -8.032207124372259497E-14, -26.53395324602110250, 23.00515553387904788 ) ) ;
#2232 = ORIENTED_EDGE ( 'NONE', *, *, #463, .T. ) ;
#2233 = CARTESIAN_POINT ( 'NONE',  ( -1.500000000000000000, 3.535250795749692346E-16, -2.886751345948131320 ) ) ;
#2234 = PLANE ( 'NONE',  #3820 ) ;
#2235 = PRODUCT_CONTEXT ( 'NONE', #1394, 'mechanical' ) ;
#2236 = ORIENTED_EDGE ( 'NONE', *, *, #149, .F. ) ;
#2237 = CIRCLE ( 'NONE', #2744, 5.587999999999999190 ) ;
#2238 = EDGE_LOOP ( 'NONE', ( #3643, #3981, #2207, #2256 ) ) ;
#2239 = DIRECTION ( 'NONE',  ( -0.6550778971785180538, 0.7555613467006971895, 0.000000000000000000 ) ) ;
#2240 = VERTEX_POINT ( 'NONE', #3473 ) ;
#2241 = CARTESIAN_POINT ( 'NONE',  ( 0.000000000000000000, 47.50000000000000000, 0.000000000000000000 ) ) ;
#2242 = AXIS2_PLACEMENT_3D ( 'NONE', #1366, #3004, #3339 ) ;
#2243 = EDGE_CURVE ( 'NONE', #3284, #4019, #380, .T. ) ;
#2244 = CIRCLE ( 'NONE', #3745, 35.56000000000000227 ) ;
#2245 = CIRCLE ( 'NONE', #1107, 5.588000000000001855 ) ;
#2246 = FACE_OUTER_BOUND ( 'NONE', #1299, .T. ) ;
#2247 = EDGE_CURVE ( 'NONE', #2584, #3280, #519, .T. ) ;
#2248 = FILL_AREA_STYLE ('',( #3873 ) ) ;
#2249 = VECTOR ( 'NONE', #2075, 1000.000000000000000 ) ;
#2250 = DIRECTION ( 'NONE',  ( 0.000000000000000000, -1.000000000000000000, 0.000000000000000000 ) ) ;
#2251 = ORIENTED_EDGE ( 'NONE', *, *, #197, .T. ) ;
#2252 = ORIENTED_EDGE ( 'NONE', *, *, #1372, .F. ) ;
#2253 = AXIS2_PLACEMENT_3D ( 'NONE', #1704, #2352, #3786 ) ;
#2254 = DIRECTION ( 'NONE',  ( 0.000000000000000000, -0.6550778971785189420, 0.7555613467006961903 ) ) ;
#2255 = AXIS2_PLACEMENT_3D ( 'NONE', #1908, #3245, #1168 ) ;
#2256 = ORIENTED_EDGE ( 'NONE', *, *, #1887, .T. ) ;
#2257 = CARTESIAN_POINT ( 'NONE',  ( -21.80579739880549894, 21.51218192226900072, -14.24628908682716144 ) ) ;
#2258 = VECTOR ( 'NONE', #3506, 1000.000000000000000 ) ;
#2259 = AXIS2_PLACEMENT_3D ( 'NONE', #2681, #3655, #3579 ) ;
#2260 = DIRECTION ( 'NONE',  ( -6.861576760462197109E-15, 0.7555613467006966344, 0.6550778971785186089 ) ) ;
#2261 = VECTOR ( 'NONE', #144, 1000.000000000000000 ) ;
#2262 = DIRECTION ( 'NONE',  ( 0.000000000000000000, 0.000000000000000000, -1.000000000000000000 ) ) ;
#2263 = VERTEX_POINT ( 'NONE', #1059 ) ;
#2264 = CARTESIAN_POINT ( 'NONE',  ( -30.86110135886194783, 33.98793085631985633, -20.16235239901415000 ) ) ;
#2265 = CARTESIAN_POINT ( 'NONE',  ( 3.061616997868383043E-15, -2.500000000000000000, 25.00000000000000000 ) ) ;
#2266 = APPLICATION_PROTOCOL_DEFINITION ( 'draft international standard', 'automotive_design', 1998, #1842 ) ;
#2267 = PRODUCT_DEFINITION_SHAPE ( 'NONE', 'NONE',  #4423 ) ;
#2268 = EDGE_CURVE ( 'NONE', #3791, #4150, #4320, .T. ) ;
#2269 = EDGE_LOOP ( 'NONE', ( #3054, #1001, #693, #216 ) ) ;
#2270 = DIRECTION ( 'NONE',  ( -0.7555613467006968564, -0.6550778971785183868, 0.000000000000000000 ) ) ;
#2271 = ORIENTED_EDGE ( 'NONE', *, *, #769, .T. ) ;
#2272 = CARTESIAN_POINT ( 'NONE',  ( 15.00000000000000000, -47.50000000000000000, 25.98076211353315657 ) ) ;
#2273 = ADVANCED_FACE ( 'NONE', ( #3785 ), #406, .F. ) ;
#2274 = VECTOR ( 'NONE', #1408, 1000.000000000000227 ) ;
#2275 = FACE_OUTER_BOUND ( 'NONE', #1031, .T. ) ;
#2276 = EDGE_CURVE ( 'NONE', #682, #3442, #1600, .T. ) ;
#2277 = CYLINDRICAL_SURFACE ( 'NONE', #470, 5.588000000000002743 ) ;
#2278 = AXIS2_PLACEMENT_3D ( 'NONE', #3587, #794, #123 ) ;
#2279 = CARTESIAN_POINT ( 'NONE',  ( 0.000000000000000000, -2.500000000000000000, 0.000000000000000000 ) ) ;
#2280 = EDGE_LOOP ( 'NONE', ( #604, #165 ) ) ;
#2281 = ORIENTED_EDGE ( 'NONE', *, *, #4407, .F. ) ;
#2282 = ORIENTED_EDGE ( 'NONE', *, *, #1094, .F. ) ;
#2283 = CARTESIAN_POINT ( 'NONE',  ( 12.28021427642559793, -8.958010899717429254, -29.64705985499429985 ) ) ;
#2284 = DIRECTION ( 'NONE',  ( 0.5469441386039889386, 0.000000000000000000, -0.8371691043312219360 ) ) ;
#2285 = DIRECTION ( 'NONE',  ( 0.000000000000000000, 0.000000000000000000, -1.000000000000000000 ) ) ;
#2286 = ORIENTED_EDGE ( 'NONE', *, *, #728, .F. ) ;
#2287 = CYLINDRICAL_SURFACE ( 'NONE', #1668, 5.588000000000000966 ) ;
#2288 = FACE_BOUND ( 'NONE', #2204, .T. ) ;
#2289 = CONTEXT_DEPENDENT_SHAPE_REPRESENTATION ( #72, #3617 ) ;
#2290 = ORIENTED_EDGE ( 'NONE', *, *, #2987, .F. ) ;
#2291 = CARTESIAN_POINT ( 'NONE',  ( 9.675363928147326931, 2.500000000000000000, -19.75822190527036426 ) ) ;
#2292 = ORIENTED_EDGE ( 'NONE', *, *, #2656, .F. ) ;
#2293 = PLANE ( 'NONE',  #1677 ) ;
#2294 = EDGE_CURVE ( 'NONE', #3111, #1720, #1746, .T. ) ;
#2295 = DIRECTION ( 'NONE',  ( 0.8256812413987200117, 0.000000000000000000, -0.5641369404694827061 ) ) ;
#2296 = EDGE_CURVE ( 'NONE', #1198, #2700, #1104, .T. ) ;
#2297 = DIRECTION ( 'NONE',  ( 0.3685911383658630469, 0.2688750668918975517, 0.8898577252134383109 ) ) ;
#2298 = PRODUCT_DEFINITION_CONTEXT ( 'detailed design', #390, 'design' ) ;
#2299 = CARTESIAN_POINT ( 'NONE',  ( -7.620153617563559628E-14, -25.17275721170254954, 21.82498738512065017 ) ) ;
#2300 = EDGE_LOOP ( 'NONE', ( #4086, #2686 ) ) ;
#2301 = VERTEX_POINT ( 'NONE', #2449 ) ;
#2302 = ORIENTED_EDGE ( 'NONE', *, *, #3534, .T. ) ;
#2303 = LINE ( 'NONE', #3414, #3121 ) ;
#2304 = CARTESIAN_POINT ( 'NONE',  ( -23.00515553387904788, -26.53395324602110250, 0.000000000000000000 ) ) ;
#2305 = DIRECTION ( 'NONE',  ( 0.5000000000000001110, 0.000000000000000000, 0.8660254037844387076 ) ) ;
#2306 = ORIENTED_EDGE ( 'NONE', *, *, #3221, .T. ) ;
#2307 = DIRECTION ( 'NONE',  ( 3.455323577095457982E-15, -0.000000000000000000, 1.000000000000000000 ) ) ;
#2308 = EDGE_CURVE ( 'NONE', #2567, #1720, #3832, .T. ) ;
#2309 = FACE_OUTER_BOUND ( 'NONE', #1164, .T. ) ;
#2310 = APPLICATION_PROTOCOL_DEFINITION ( 'draft international standard', 'automotive_design', 1998, #2913 ) ;
#2311 = CLOSED_SHELL ( 'NONE', ( #3771, #4272, #1560, #104, #2790, #1128, #3383, #3802, #344, #3741, #2413, #2324, #1204, #4227, #533, #1631, #4177, #3787, #932, #3866, #2106, #3168, #2889, #1218, #509, #1936, #1426, #421, #370, #3720, #69 ) ) ;
#2312 = EDGE_LOOP ( 'NONE', ( #1245, #1689, #2052, #1863 ) ) ;
#2313 = STYLED_ITEM ( 'NONE', ( #3048 ), #4038 ) ;
#2314 = DIRECTION ( 'NONE',  ( 0.3826834323650866176, 0.000000000000000000, 0.9238795325112880708 ) ) ;
#2315 = VERTEX_POINT ( 'NONE', #2214 ) ;
#2316 = DIRECTION ( 'NONE',  ( 0.4132498499336824671, -0.6550778971785177207, -0.6325326158847149882 ) ) ;
#2317 = COLOUR_RGB ( '',0.7921568627450980005, 0.8196078431372548767, 0.9333333333333333481 ) ;
#2318 = AXIS2_PLACEMENT_3D ( 'NONE', #964, #621, #4052 ) ;
#2319 = LINE ( 'NONE', #998, #3454 ) ;
#2320 = VECTOR ( 'NONE', #825, 1000.000000000000000 ) ;
#2321 =( NAMED_UNIT ( * ) SI_UNIT ( $, .STERADIAN. ) SOLID_ANGLE_UNIT ( ) );
#2322 = DIRECTION ( 'NONE',  ( 1.000000000000000000, 0.000000000000000000, 0.000000000000000000 ) ) ;
#2323 = AXIS2_PLACEMENT_3D ( 'NONE', #4200, #1137, #3862 ) ;
#2324 = ADVANCED_FACE ( 'NONE', ( #201 ), #2287, .F. ) ;
#2325 = VERTEX_POINT ( 'NONE', #2233 ) ;
#2326 = ORIENTED_EDGE ( 'NONE', *, *, #2243, .F. ) ;
#2327 = ORIENTED_EDGE ( 'NONE', *, *, #2513, .T. ) ;
#2328 = CARTESIAN_POINT ( 'NONE',  ( -1.443375672974077206, -2.500000000000000000, -2.499999999999995115 ) ) ;
#2329 = CIRCLE ( 'NONE', #3035, 25.00000000000000000 ) ;
#2330 = EDGE_CURVE ( 'NONE', #4035, #1086, #3644, .T. ) ;
#2331 = CARTESIAN_POINT ( 'NONE',  ( 15.00000000000000000, 47.50000000000000000, 25.98076211353315657 ) ) ;
#2332 = EDGE_CURVE ( 'NONE', #2570, #3006, #3260, .T. ) ;
#2333 = AXIS2_PLACEMENT_3D ( 'NONE', #350, #1710, #3083 ) ;
#2334 = LINE ( 'NONE', #1279, #2677 ) ;
#2335 = CIRCLE ( 'NONE', #1259, 5.587999999999998302 ) ;
#2336 = ORIENTED_EDGE ( 'NONE', *, *, #2112, .F. ) ;
#2337 = DIRECTION ( 'NONE',  ( -0.7555613467006970785, -0.6550778971785180538, 0.000000000000000000 ) ) ;
#2338 = DIRECTION ( 'NONE',  ( 0.000000000000000000, 1.000000000000000000, -0.000000000000000000 ) ) ;
#2339 = EDGE_CURVE ( 'NONE', #3505, #2591, #3316, .T. ) ;
#2340 = APPLICATION_PROTOCOL_DEFINITION ( 'draft international standard', 'automotive_design', 1998, #4193 ) ;
#2341 = AXIS2_PLACEMENT_3D ( 'NONE', #2086, #784, #2830 ) ;
#2342 = AXIS2_PLACEMENT_3D ( 'NONE', #2644, #590, #2025 ) ;
#2343 = ORIENTED_EDGE ( 'NONE', *, *, #96, .T. ) ;
#2344 = DIRECTION ( 'NONE',  ( 0.000000000000000000, 1.000000000000000000, -0.000000000000000000 ) ) ;
#2345 = EDGE_LOOP ( 'NONE', ( #1055, #1856, #4397, #2232, #2920, #2879 ) ) ;
#2346 = ORIENTED_EDGE ( 'NONE', *, *, #1256, .F. ) ;
#2347 = DIRECTION ( 'NONE',  ( 1.185353920571666354E-16, -0.000000000000000000, 1.000000000000000000 ) ) ;
#2348 = CIRCLE ( 'NONE', #2046, 5.587999999999998302 ) ;
#2349 = COLOUR_RGB ( '',0.7921568627450980005, 0.8196078431372548767, 0.9333333333333333481 ) ;
#2350 = CARTESIAN_POINT ( 'NONE',  ( -51.29679217713440664, 14.57110604024943967, -9.653337267358219620 ) ) ;
#2351 = UNCERTAINTY_MEASURE_WITH_UNIT (LENGTH_MEASURE( 1.000000000000000082E-05 ), #3290, 'distance_accuracy_value', 'NONE');
#2352 = DIRECTION ( 'NONE',  ( 0.8660254037844387076, -0.000000000000000000, 0.5000000000000000000 ) ) ;
#2353 = ORIENTED_EDGE ( 'NONE', *, *, #1391, .T. ) ;
#2354 = EDGE_LOOP ( 'NONE', ( #617, #16, #1122, #530 ) ) ;
#2355 = CARTESIAN_POINT ( 'NONE',  ( 0.000000000000000000, 0.000000000000000000, 0.000000000000000000 ) ) ;
#2356 = EDGE_CURVE ( 'NONE', #1438, #4295, #2537, .T. ) ;
#2357 = DIRECTION ( 'NONE',  ( 0.5433626321285691674, -0.2688750668918975517, 0.7952755801671461677 ) ) ;
#2358 = CYLINDRICAL_SURFACE ( 'NONE', #3447, 5.588000000000000078 ) ;
#2359 = PLANE ( 'NONE',  #1671 ) ;
#2360 = DIRECTION ( 'NONE',  ( 0.3582910161908115509, -0.7555613467006961903, -0.5484109764481250870 ) ) ;
#2361 = ADVANCED_FACE ( 'NONE', ( #3986 ), #2950, .F. ) ;
#2362 = ORIENTED_EDGE ( 'NONE', *, *, #2732, .F. ) ;
#2363 = CARTESIAN_POINT ( 'NONE',  ( 0.000000000000000000, -2.500000000000000000, 0.000000000000000000 ) ) ;
#2364 = EDGE_LOOP ( 'NONE', ( #3012, #2866, #3930 ) ) ;
#2365 = FACE_OUTER_BOUND ( 'NONE', #832, .T. ) ;
#2366 = LINE ( 'NONE', #3076, #2682 ) ;
#2367 = ADVANCED_FACE ( 'NONE', ( #1229 ), #3958, .T. ) ;
#2368 = VECTOR ( 'NONE', #757, 1000.000000000000114 ) ;
#2369 = LINE ( 'NONE', #360, #1396 ) ;
#2370 = VERTEX_POINT ( 'NONE', #598 ) ;
#2371 = VERTEX_POINT ( 'NONE', #623 ) ;
#2372 = LINE ( 'NONE', #3325, #2481 ) ;
#2373 = EDGE_LOOP ( 'NONE', ( #4058, #276, #2738, #428 ) ) ;
#2374 = FACE_BOUND ( 'NONE', #882, .T. ) ;
#2375 = DIRECTION ( 'NONE',  ( -5.136533655810554776E-16, 0.000000000000000000, -1.000000000000000000 ) ) ;
#2376 = CARTESIAN_POINT ( 'NONE',  ( 0.000000000000000000, 47.50000000000000000, 0.000000000000000000 ) ) ;
#2377 = FACE_BOUND ( 'NONE', #2757, .T. ) ;
#2378 = PRODUCT_RELATED_PRODUCT_CATEGORY ( 'part', '', ( #4293 ) ) ;
#2379 = ORIENTED_EDGE ( 'NONE', *, *, #131, .F. ) ;
#2380 = DIRECTION ( 'NONE',  ( 0.9465601574697382059, -0.2688750668918975517, 0.1781293538267695320 ) ) ;
#2381 = ORIENTED_EDGE ( 'NONE', *, *, #191, .T. ) ;
#2382 = CARTESIAN_POINT ( 'NONE',  ( -1.500000000000000000, -91.11999999999997613, -17.26476147320159882 ) ) ;
#2383 = EDGE_CURVE ( 'NONE', #1942, #3726, #1993, .T. ) ;
#2384 = AXIS2_PLACEMENT_3D ( 'NONE', #430, #3145, #2482 ) ;
#2385 = DIRECTION ( 'NONE',  ( -0.000000000000000000, -1.000000000000000000, -0.000000000000000000 ) ) ;
#2386 = PRESENTATION_LAYER_ASSIGNMENT (  '', '', ( #3303 ) ) ;
#2387 = EDGE_CURVE ( 'NONE', #1046, #337, #2329, .T. ) ;
#2388 = CARTESIAN_POINT ( 'NONE',  ( -19.97500409654850273, -14.57110604024939882, 48.22392579834550475 ) ) ;
#2389 = EDGE_CURVE ( 'NONE', #1522, #3919, #2977, .T. ) ;
#2390 = AXIS2_PLACEMENT_3D ( 'NONE', #479, #1818, #3189 ) ;
#2391 = EDGE_LOOP ( 'NONE', ( #597, #1836, #1480, #3213 ) ) ;
#2392 = EDGE_LOOP ( 'NONE', ( #3235, #4169 ) ) ;
#2393 = CARTESIAN_POINT ( 'NONE',  ( -34.27493068510435137, 9.442407932967681106, -0.7639757579406359911 ) ) ;
#2394 = VECTOR ( 'NONE', #1336, 999.9999999999998863 ) ;
#2395 = EDGE_LOOP ( 'NONE', ( #4043, #3615, #4121, #1375 ) ) ;
#2396 = DIRECTION ( 'NONE',  ( -0.000000000000000000, -1.000000000000000000, -0.000000000000000000 ) ) ;
#2397 = AXIS2_PLACEMENT_3D ( 'NONE', #2665, #3688, #620 ) ;
#2398 = LINE ( 'NONE', #643, #3529 ) ;
#2399 = AXIS2_PLACEMENT_3D ( 'NONE', #3137, #1039, #740 ) ;
#2400 = CARTESIAN_POINT ( 'NONE',  ( -4.763139720814413280, -2.500000000000000000, -2.750000000000000444 ) ) ;
#2401 = DIRECTION ( 'NONE',  ( 0.3826834323650876724, 0.000000000000000000, 0.9238795325112876267 ) ) ;
#2402 = AXIS2_PLACEMENT_3D ( 'NONE', #4174, #774, #1089 ) ;
#2403 = ORIENTED_EDGE ( 'NONE', *, *, #1309, .F. ) ;
#2404 = CARTESIAN_POINT ( 'NONE',  ( 0.000000000000000000, 2.500000000000000000, 0.000000000000000000 ) ) ;
#2405 = ORIENTED_EDGE ( 'NONE', *, *, #2330, .T. ) ;
#2406 = CYLINDRICAL_SURFACE ( 'NONE', #3687, 22.00000000000000355 ) ;
#2407 = CIRCLE ( 'NONE', #3684, 5.588000000000000078 ) ;
#2408 = DIRECTION ( 'NONE',  ( -1.000000000000000000, 0.000000000000000000, -1.224646799147351728E-16 ) ) ;
#2409 = VECTOR ( 'NONE', #3261, 1000.000000000000000 ) ;
#2410 = EDGE_CURVE ( 'NONE', #1086, #3136, #967, .T. ) ;
#2411 = CIRCLE ( 'NONE', #1681, 5.588000000000000966 ) ;
#2412 = CARTESIAN_POINT ( 'NONE',  ( 15.00000000000000000, 47.50000000000000000, -4.019237886466838994 ) ) ;
#2413 = ADVANCED_FACE ( 'NONE', ( #2578 ), #3591, .F. ) ;
#2414 = MECHANICAL_DESIGN_GEOMETRIC_PRESENTATION_REPRESENTATION (  '', ( #3830 ), #113 ) ;
#2415 = DIRECTION ( 'NONE',  ( -0.000000000000000000, -1.000000000000000000, -0.000000000000000000 ) ) ;
#2416 = ORIENTED_EDGE ( 'NONE', *, *, #3610, .F. ) ;
#2417 = DIRECTION ( 'NONE',  ( 0.8660254037844387076, -0.000000000000000000, 0.4999999999999999445 ) ) ;
#2418 = ORIENTED_EDGE ( 'NONE', *, *, #865, .F. ) ;
#2419 = DIRECTION ( 'NONE',  ( -0.9238795325112865164, 0.000000000000000000, -0.3826834323650901148 ) ) ;
#2420 = CARTESIAN_POINT ( 'NONE',  ( -6.938893903907229955E-15, 35.56000000000000227, -1.387778780781445991E-14 ) ) ;
#2421 = CARTESIAN_POINT ( 'NONE',  ( 0.000000000000000000, 0.000000000000000000, 0.000000000000000000 ) ) ;
#2422 = DIRECTION ( 'NONE',  ( 0.000000000000000000, -1.000000000000000000, 0.000000000000000000 ) ) ;
#2423 = ORIENTED_EDGE ( 'NONE', *, *, #992, .F. ) ;
#2424 = DIRECTION ( 'NONE',  ( -0.8898577252134342030, 0.2688750668918975517, 0.3685911383658724838 ) ) ;
#2425 = VERTEX_POINT ( 'NONE', #1920 ) ;
#2426 = CARTESIAN_POINT ( 'NONE',  ( 0.000000000000000000, 2.500000000000000000, 0.000000000000000000 ) ) ;
#2427 = CARTESIAN_POINT ( 'NONE',  ( -5.729210616096397690E-16, -2.500000000000000000, -1.500000000000002665 ) ) ;
#2428 = CARTESIAN_POINT ( 'NONE',  ( -6.938893903907229955E-15, 33.31662918123620187, -1.387778780781445991E-14 ) ) ;
#2429 = EDGE_CURVE ( 'NONE', #2663, #3284, #3812, .T. ) ;
#2430 = FACE_OUTER_BOUND ( 'NONE', #2170, .T. ) ;
#2431 = ADVANCED_FACE ( 'NONE', ( #4005 ), #940, .F. ) ;
#2432 = DIRECTION ( 'NONE',  ( -0.6550778971785190530, 0.7555613467006961903, 0.000000000000000000 ) ) ;
#2433 = AXIS2_PLACEMENT_3D ( 'NONE', #2733, #1427, #3461 ) ;
#2434 = VERTEX_POINT ( 'NONE', #3332 ) ;
#2435 = DIRECTION ( 'NONE',  ( 2.287192253487400614E-15, 0.7555613467006971895, -0.6550778971785180538 ) ) ;
#2436 = EDGE_LOOP ( 'NONE', ( #60, #205, #2984, #4284 ) ) ;
#2437 = DIRECTION ( 'NONE',  ( 0.8371691043312220470, 0.000000000000000000, 0.5469441386039890496 ) ) ;
#2438 = CARTESIAN_POINT ( 'NONE',  ( 0.000000000000000000, 47.50000000000000000, 0.000000000000000000 ) ) ;
#2439 = DIRECTION ( 'NONE',  ( 0.9238795325112917345, 0.000000000000000000, -0.3826834323650777359 ) ) ;
#2440 = ADVANCED_FACE ( 'NONE', ( #270 ), #2998, .F. ) ;
#2441 = LINE ( 'NONE', #2556, #990 ) ;
#2442 = ORIENTED_EDGE ( 'NONE', *, *, #1344, .T. ) ;
#2443 = EDGE_CURVE ( 'NONE', #4218, #2434, #1523, .T. ) ;
#2444 = DIRECTION ( 'NONE',  ( -0.5484109764481208682, -0.7555613467006967454, -0.3582910161908169355 ) ) ;
#2445 = ORIENTED_EDGE ( 'NONE', *, *, #404, .F. ) ;
#2446 = EDGE_LOOP ( 'NONE', ( #3957, #2024, #3563, #1525 ) ) ;
#2447 = CARTESIAN_POINT ( 'NONE',  ( 9.675363928147326931, 2.500000000000000000, -19.75822190527036426 ) ) ;
#2448 = DIRECTION ( 'NONE',  ( 1.000000000000000000, 0.000000000000000000, -3.819473744064258553E-16 ) ) ;
#2449 = CARTESIAN_POINT ( 'NONE',  ( 10.27329481549876000, 30.19452853545470461, -15.72461319573424987 ) ) ;
#2450 = VECTOR ( 'NONE', #2415, 1000.000000000000000 ) ;
#2451 = CARTESIAN_POINT ( 'NONE',  ( 27.92864557458170083, 9.442407932967689987, -19.08191669609804819 ) ) ;
#2452 = COLOUR_RGB ( '',0.7921568627450980005, 0.8196078431372548767, 0.9333333333333333481 ) ;
#2453 = AXIS2_PLACEMENT_3D ( 'NONE', #3875, #492, #812 ) ;
#2454 = ORIENTED_EDGE ( 'NONE', *, *, #4321, .T. ) ;
#2455 = DIRECTION ( 'NONE',  ( -0.5469441386039889386, 0.000000000000000000, 0.8371691043312220470 ) ) ;
#2456 = ORIENTED_EDGE ( 'NONE', *, *, #4104, .T. ) ;
#2457 = VECTOR ( 'NONE', #3755, 1000.000000000000000 ) ;
#2458 = DIRECTION ( 'NONE',  ( 0.7952755801671440583, -0.2688750668918975517, -0.5433626321285720540 ) ) ;
#2459 = DIRECTION ( 'NONE',  ( 0.5469441386039889386, 0.000000000000000000, -0.8371691043312219360 ) ) ;
#2460 = CYLINDRICAL_SURFACE ( 'NONE', #3533, 5.588000000000000078 ) ;
#2461 = CIRCLE ( 'NONE', #2679, 5.587999999999999190 ) ;
#2462 = EDGE_CURVE ( 'NONE', #2662, #1244, #2693, .T. ) ;
#2463 = CARTESIAN_POINT ( 'NONE',  ( 5.934669627740060349, 8.958010899717429254, -31.53619376415175424 ) ) ;
#2464 = CIRCLE ( 'NONE', #1805, 2.886751345948131320 ) ;
#2465 = AXIS2_PLACEMENT_3D ( 'NONE', #3692, #867, #4418 ) ;
#2466 = ADVANCED_FACE ( 'NONE', ( #3794 ), #2359, .F. ) ;
#2467 = FACE_BOUND ( 'NONE', #3530, .T. ) ;
#2468 = VERTEX_POINT ( 'NONE', #1049 ) ;
#2469 = VERTEX_POINT ( 'NONE', #3777 ) ;
#2470 = CARTESIAN_POINT ( 'NONE',  ( -23.79191684373440197, 41.30908143518695397, -15.54387207615535083 ) ) ;
#2471 = AXIS2_PLACEMENT_3D ( 'NONE', #368, #662, #333 ) ;
#2472 = ORIENTED_EDGE ( 'NONE', *, *, #1181, .F. ) ;
#2473 = VECTOR ( 'NONE', #3631, 1000.000000000000000 ) ;
#2474 = DIRECTION ( 'NONE',  ( 0.8898577252134290960, 0.2688750668918974962, 0.3685911383658849738 ) ) ;
#2475 = DIRECTION ( 'NONE',  ( 1.000000000000000000, 0.000000000000000000, 0.000000000000000000 ) ) ;
#2476 = VECTOR ( 'NONE', #1848, 1000.000000000000000 ) ;
#2477 = AXIS2_PLACEMENT_3D ( 'NONE', #2426, #4388, #1369 ) ;
#2478 =( NAMED_UNIT ( * ) SI_UNIT ( $, .STERADIAN. ) SOLID_ANGLE_UNIT ( ) );
#2479 = EDGE_LOOP ( 'NONE', ( #2534, #1150 ) ) ;
#2480 = CARTESIAN_POINT ( 'NONE',  ( -33.38863512561720626, -9.442407932967681106, 7.781617882923109519 ) ) ;
#2481 = VECTOR ( 'NONE', #3661, 1000.000000000000000 ) ;
#2482 = DIRECTION ( 'NONE',  ( 0.000000000000000000, 0.000000000000000000, 1.000000000000000000 ) ) ;
#2483 = CARTESIAN_POINT ( 'NONE',  ( 1.500000000000000000, 10.00000000000000000, -10.00000000000000000 ) ) ;
#2484 = CARTESIAN_POINT ( 'NONE',  ( 27.50862483493824939, -8.958010899717418596, -17.44285310409859946 ) ) ;
#2485 = DIRECTION ( 'NONE',  ( -0.3685911383658693197, 0.2688750668918973852, -0.8898577252134356463 ) ) ;
#2486 = ADVANCED_FACE ( 'NONE', ( #2712 ), #1667, .T. ) ;
#2487 = DIRECTION ( 'NONE',  ( -0.5000000000000011102, 0.000000000000000000, -0.8660254037844380415 ) ) ;
#2488 = CARTESIAN_POINT ( 'NONE',  ( -9.675363928147334036, 2.500000000000000000, -19.75822190527036071 ) ) ;
#2489 = ORIENTED_EDGE ( 'NONE', *, *, #4229, .T. ) ;
#2490 = EDGE_CURVE ( 'NONE', #3846, #3899, #4390, .T. ) ;
#2491 = EDGE_LOOP ( 'NONE', ( #4333, #1751 ) ) ;
#2492 = LINE ( 'NONE', #2145, #2258 ) ;
#2493 = ORIENTED_EDGE ( 'NONE', *, *, #2516, .F. ) ;
#2494 = PRESENTATION_STYLE_ASSIGNMENT (( #1494 ) ) ;
#2495 = EDGE_CURVE ( 'NONE', #182, #2843, #4175, .T. ) ;
#2496 = PRESENTATION_STYLE_ASSIGNMENT (( #1750 ) ) ;
#2497 = EDGE_CURVE ( 'NONE', #2842, #4060, #2539, .T. ) ;
#2498 = VERTEX_POINT ( 'NONE', #1024 ) ;
#2499 = SURFACE_SIDE_STYLE ('',( #4110 ) ) ;
#2500 = DIRECTION ( 'NONE',  ( -0.5433626321285639493, -0.2688750668918974407, -0.7952755801671497204 ) ) ;
#2501 = FACE_OUTER_BOUND ( 'NONE', #898, .T. ) ;
#2502 = FACE_OUTER_BOUND ( 'NONE', #3660, .T. ) ;
#2503 = CARTESIAN_POINT ( 'NONE',  ( -1.580471894095557686E-16, 2.500000000000000000, -1.500000000000001776 ) ) ;
#2504 = DIRECTION ( 'NONE',  ( 0.000000000000000000, -0.4927743389241998617, 0.8701571414967631535 ) ) ;
#2505 = CARTESIAN_POINT ( 'NONE',  ( 4.041451884327381450, 2.500000000000000000, 3.999999999999998224 ) ) ;
#2506 = VERTEX_POINT ( 'NONE', #1361 ) ;
#2507 = EDGE_LOOP ( 'NONE', ( #1384, #914 ) ) ;
#2508 = DIRECTION ( 'NONE',  ( 0.000000000000000000, 0.000000000000000000, 1.000000000000000000 ) ) ;
#2509 = DIRECTION ( 'NONE',  ( -0.000000000000000000, -1.000000000000000000, -0.000000000000000000 ) ) ;
#2510 = EDGE_CURVE ( 'NONE', #563, #1960, #2613, .T. ) ;
#2511 = ORIENTED_EDGE ( 'NONE', *, *, #560, .F. ) ;
#2512 = CARTESIAN_POINT ( 'NONE',  ( -34.69152108516486521, -27.53990820736680689, 5.764728942722158855 ) ) ;
#2513 = EDGE_CURVE ( 'NONE', #2425, #523, #2398, .T. ) ;
#2514 = ADVANCED_FACE ( 'NONE', ( #3371 ), #706, .F. ) ;
#2515 = FACE_OUTER_BOUND ( 'NONE', #1074, .T. ) ;
#2516 = EDGE_CURVE ( 'NONE', #983, #1761, #3757, .T. ) ;
#2517 = ORIENTED_EDGE ( 'NONE', *, *, #728, .T. ) ;
#2518 = FACE_OUTER_BOUND ( 'NONE', #2354, .T. ) ;
#2519 = CIRCLE ( 'NONE', #583, 5.588000000000000078 ) ;
#2520 = EDGE_LOOP ( 'NONE', ( #1768, #4010, #4322, #2176 ) ) ;
#2521 = PLANE ( 'NONE',  #87 ) ;
#2522 = DIRECTION ( 'NONE',  ( 0.000000000000000000, -0.6550778971785189420, 0.7555613467006961903 ) ) ;
#2523 = CARTESIAN_POINT ( 'NONE',  ( -27.92864557458160135, 9.442407932967689987, 19.08191669609825070 ) ) ;
#2524 =( GEOMETRIC_REPRESENTATION_CONTEXT ( 3 ) GLOBAL_UNCERTAINTY_ASSIGNED_CONTEXT ( ( #3678 ) ) GLOBAL_UNIT_ASSIGNED_CONTEXT ( ( #3334, #2561, #3624 ) ) REPRESENTATION_CONTEXT ( 'NONE', 'WORKASPACE' ) );
#2525 = VECTOR ( 'NONE', #838, 1000.000000000000000 ) ;
#2526 = DIRECTION ( 'NONE',  ( 0.000000000000000000, 0.000000000000000000, -1.000000000000000000 ) ) ;
#2527 = CARTESIAN_POINT ( 'NONE',  ( -18.27120514124170114, 25.17275721170254954, -11.93704892539773965 ) ) ;
#2528 = AXIS2_PLACEMENT_3D ( 'NONE', #3892, #1163, #900 ) ;
#2529 = VERTEX_POINT ( 'NONE', #2054 ) ;
#2530 = ORIENTED_EDGE ( 'NONE', *, *, #4392, .F. ) ;
#2531 = DIRECTION ( 'NONE',  ( -0.5641369404694855927, 0.000000000000000000, -0.8256812413987181243 ) ) ;
#2532 = VECTOR ( 'NONE', #3822, 1000.000000000000000 ) ;
#2533 = DIRECTION ( 'NONE',  ( -0.6325326158847149882, -0.6550778971785178317, -0.4132498499336819120 ) ) ;
#2534 = ORIENTED_EDGE ( 'NONE', *, *, #1999, .F. ) ;
#2535 = CARTESIAN_POINT ( 'NONE',  ( -34.69152108516482258, 18.46009179263319311, 5.764728942722280536 ) ) ;
#2536 = VECTOR ( 'NONE', #4244, 1000.000000000000000 ) ;
#2537 = CIRCLE ( 'NONE', #603, 5.587999999999999190 ) ;
#2538 = ADVANCED_FACE ( 'NONE', ( #4072 ), #1006, .F. ) ;
#2539 = CIRCLE ( 'NONE', #3603, 33.78200000000000358 ) ;
#2540 = DIRECTION ( 'NONE',  ( -6.861576760462201842E-15, 0.7555613467006961903, 0.6550778971785190530 ) ) ;
#2541 = EDGE_CURVE ( 'NONE', #3072, #3347, #1528, .T. ) ;
#2542 = VERTEX_POINT ( 'NONE', #690 ) ;
#2543 = FACE_OUTER_BOUND ( 'NONE', #4375, .T. ) ;
#2544 = AXIS2_PLACEMENT_3D ( 'NONE', #875, #3220, #2612 ) ;
#2545 = VECTOR ( 'NONE', #1732, 1000.000000000000114 ) ;
#2546 = DIRECTION ( 'NONE',  ( -0.000000000000000000, -1.000000000000000000, -0.000000000000000000 ) ) ;
#2547 = CIRCLE ( 'NONE', #108, 5.587999999999998302 ) ;
#2548 = ORIENTED_EDGE ( 'NONE', *, *, #3658, .T. ) ;
#2549 = ORIENTED_EDGE ( 'NONE', *, *, #4104, .F. ) ;
#2550 = CARTESIAN_POINT ( 'NONE',  ( -9.675363928147325154, 2.500000000000000000, 19.75822190527036426 ) ) ;
#2551 = VECTOR ( 'NONE', #3758, 999.9999999999998863 ) ;
#2552 = DIRECTION ( 'NONE',  ( -0.6325326158847148772, 0.6550778971785180538, -0.4132498499336820230 ) ) ;
#2553 = ORIENTED_EDGE ( 'NONE', *, *, #1363, .F. ) ;
#2554 = FACE_BOUND ( 'NONE', #1641, .T. ) ;
#2555 = CIRCLE ( 'NONE', #535, 5.588000000000000966 ) ;
#2556 = CARTESIAN_POINT ( 'NONE',  ( 34.06027613567444945, 14.57110604024935974, 39.94585262105514545 ) ) ;
#2557 = CARTESIAN_POINT ( 'NONE',  ( -1.443375672974042123, 47.50000000000000000, 2.500000000000014655 ) ) ;
#2558 = EDGE_LOOP ( 'NONE', ( #1860, #4205, #1596, #1837 ) ) ;
#2559 = CARTESIAN_POINT ( 'NONE',  ( 3.056323846519079623, 33.31662918123620187, -4.678100955002880035 ) ) ;
#2560 = CARTESIAN_POINT ( 'NONE',  ( 0.000000000000000000, -47.50000000000000000, 0.000000000000000000 ) ) ;
#2561 =( NAMED_UNIT ( * ) PLANE_ANGLE_UNIT ( ) SI_UNIT ( $, .RADIAN. ) );
#2562 = CARTESIAN_POINT ( 'NONE',  ( 0.000000000000000000, 0.000000000000000000, 0.000000000000000000 ) ) ;
#2563 = ORIENTED_EDGE ( 'NONE', *, *, #334, .F. ) ;
#2564 = DIRECTION ( 'NONE',  ( 0.000000000000000000, -0.000000000000000000, 1.000000000000000000 ) ) ;
#2565 = ADVANCED_FACE ( 'NONE', ( #3066 ), #3417, .T. ) ;
#2566 = DIRECTION ( 'NONE',  ( 0.9827498610153641012, 0.000000000000000000, 0.1849397487677608698 ) ) ;
#2567 = VERTEX_POINT ( 'NONE', #6 ) ;
#2568 = FACE_OUTER_BOUND ( 'NONE', #2558, .T. ) ;
#2569 = CARTESIAN_POINT ( 'NONE',  ( -19.97500409654774955, -14.57110604024932066, -48.22392579834550475 ) ) ;
#2570 = VERTEX_POINT ( 'NONE', #2752 ) ;
#2571 = ORIENTED_EDGE ( 'NONE', *, *, #769, .F. ) ;
#2572 = DIRECTION ( 'NONE',  ( 0.000000000000000000, -0.000000000000000000, 1.000000000000000000 ) ) ;
#2573 = ORIENTED_EDGE ( 'NONE', *, *, #1139, .F. ) ;
#2574 = LINE ( 'NONE', #862, #1614 ) ;
#2575 = CARTESIAN_POINT ( 'NONE',  ( 30.00000000000000000, -47.50000000000000000, 0.000000000000000000 ) ) ;
#2576 = DIRECTION ( 'NONE',  ( -1.000000000000000000, -0.000000000000000000, 0.000000000000000000 ) ) ;
#2577 = ORIENTED_EDGE ( 'NONE', *, *, #1628, .T. ) ;
#2578 = FACE_OUTER_BOUND ( 'NONE', #1553, .T. ) ;
#2579 = FACE_OUTER_BOUND ( 'NONE', #3374, .T. ) ;
#2580 = VECTOR ( 'NONE', #3760, 1000.000000000000000 ) ;
#2581 = EDGE_CURVE ( 'NONE', #2301, #1780, #34, .T. ) ;
#2582 = PRESENTATION_STYLE_ASSIGNMENT (( #4274 ) ) ;
#2583 = EDGE_CURVE ( 'NONE', #2434, #449, #1406, .T. ) ;
#2584 = VERTEX_POINT ( 'NONE', #3908 ) ;
#2585 = DIRECTION ( 'NONE',  ( 0.4999999999999948930, 0.000000000000000000, -0.8660254037844415942 ) ) ;
#2586 = VERTEX_POINT ( 'NONE', #3457 ) ;
#2587 = DIRECTION ( 'NONE',  ( -0.5484109764481208682, -0.7555613467006967454, -0.3582910161908169355 ) ) ;
#2588 = CARTESIAN_POINT ( 'NONE',  ( -7.117575448752090139, -8.958010899717418596, -31.78549487505054927 ) ) ;
#2589 = DIRECTION ( 'NONE',  ( 0.000000000000000000, 0.000000000000000000, 1.000000000000000000 ) ) ;
#2590 = EDGE_LOOP ( 'NONE', ( #544, #2302, #3429, #3599 ) ) ;
#2591 = VERTEX_POINT ( 'NONE', #1134 ) ;
#2592 = DIRECTION ( 'NONE',  ( 0.4999999999999949485, 0.000000000000000000, -0.8660254037844415942 ) ) ;
#2593 = ORIENTED_EDGE ( 'NONE', *, *, #3085, .F. ) ;
#2594 = CARTESIAN_POINT ( 'NONE',  ( -3.056323846519095166, 35.11819835925530242, 4.678100955002859607 ) ) ;
#2595 = FACE_BOUND ( 'NONE', #861, .T. ) ;
#2596 = DIRECTION ( 'NONE',  ( 0.5484109764481208682, -0.7555613467006967454, 0.3582910161908169355 ) ) ;
#2597 = ADVANCED_FACE ( 'NONE', ( #2811 ), #1484, .F. ) ;
#2598 = ORIENTED_EDGE ( 'NONE', *, *, #3734, .F. ) ;
#2599 = DIRECTION ( 'NONE',  ( -0.000000000000000000, -1.000000000000000000, -0.000000000000000000 ) ) ;
#2600 = LINE ( 'NONE', #1257, #103 ) ;
#2601 = EDGE_CURVE ( 'NONE', #1810, #2131, #745, .T. ) ;
#2602 = SHAPE_DEFINITION_REPRESENTATION ( #536, #741 ) ;
#2603 = APPLICATION_CONTEXT ( 'automotive_design' ) ;
#2604 = EDGE_CURVE ( 'NONE', #4385, #2469, #3128, .T. ) ;
#2605 = AXIS2_PLACEMENT_3D ( 'NONE', #3709, #642, #1646 ) ;
#2606 = EDGE_LOOP ( 'NONE', ( #3078, #2472 ) ) ;
#2607 = FACE_OUTER_BOUND ( 'NONE', #3611, .T. ) ;
#2608 = EDGE_LOOP ( 'NONE', ( #648, #1212, #1588, #3087 ) ) ;
#2609 = DIRECTION ( 'NONE',  ( -0.4999999999999949485, 0.000000000000000000, 0.8660254037844415942 ) ) ;
#2610 = AXIS2_PLACEMENT_3D ( 'NONE', #1890, #194, #4283 ) ;
#2611 = AXIS2_PLACEMENT_3D ( 'NONE', #1434, #359, #3236 ) ;
#2612 = DIRECTION ( 'NONE',  ( 0.9238795325112919565, 0.000000000000000000, -0.3826834323650772918 ) ) ;
#2613 = CIRCLE ( 'NONE', #3319, 5.588000000000000966 ) ;
#2614 = CARTESIAN_POINT ( 'NONE',  ( 5.484827557301442447, 2.500000000000000000, -1.500000000000004663 ) ) ;
#2615 = ORIENTED_EDGE ( 'NONE', *, *, #3635, .T. ) ;
#2616 = ORIENTED_EDGE ( 'NONE', *, *, #4202, .F. ) ;
#2617 = FACE_BOUND ( 'NONE', #3850, .T. ) ;
#2618 = AXIS2_PLACEMENT_3D ( 'NONE', #3123, #4131, #1460 ) ;
#2619 = VERTEX_POINT ( 'NONE', #2484 ) ;
#2620 = CARTESIAN_POINT ( 'NONE',  ( 0.000000000000000000, -33.31662918123620187, 5.588000000000000078 ) ) ;
#2621 = AXIS2_PLACEMENT_3D ( 'NONE', #1301, #3047, #2669 ) ;
#2622 = FACE_OUTER_BOUND ( 'NONE', #4413, .T. ) ;
#2623 = AXIS2_PLACEMENT_3D ( 'NONE', #3209, #1203, #3910 ) ;
#2624 = LINE ( 'NONE', #220, #170 ) ;
#2625 = ORIENTED_EDGE ( 'NONE', *, *, #3040, .F. ) ;
#2626 = DIRECTION ( 'NONE',  ( -0.1849397487677497398, 0.000000000000000000, 0.9827498610153660996 ) ) ;
#2627 = EDGE_CURVE ( 'NONE', #646, #770, #753, .T. ) ;
#2628 = CARTESIAN_POINT ( 'NONE',  ( -28.41948743765539831, -41.30908143518695397, 6.843326313635410839E-16 ) ) ;
#2629 =( NAMED_UNIT ( * ) PLANE_ANGLE_UNIT ( ) SI_UNIT ( $, .RADIAN. ) );
#2630 = AXIS2_PLACEMENT_3D ( 'NONE', #788, #3810, #3101 ) ;
#2631 = PRODUCT ( 'Intake-Ramp', 'Intake-Ramp', '', ( #4292 ) ) ;
#2632 = ADVANCED_FACE ( 'NONE', ( #2502 ), #2139, .F. ) ;
#2633 = ORIENTED_EDGE ( 'NONE', *, *, #2922, .T. ) ;
#2634 = CYLINDRICAL_SURFACE ( 'NONE', #802, 5.588000000000002743 ) ;
#2635 = EDGE_LOOP ( 'NONE', ( #1009, #3222, #2770, #3465, #3404, #1739, #2379, #1642, #1254 ) ) ;
#2636 = DIRECTION ( 'NONE',  ( -0.8660254037844387076, 0.000000000000000000, -0.5000000000000000000 ) ) ;
#2637 = PLANE ( 'NONE',  #3042 ) ;
#2638 = LINE ( 'NONE', #2427, #2907 ) ;
#2639 = CARTESIAN_POINT ( 'NONE',  ( 33.24148736899009293, 9.442407932967689987, 6.255581981294700000 ) ) ;
#2640 = EDGE_CURVE ( 'NONE', #3761, #2924, #395, .T. ) ;
#2641 = ORIENTED_EDGE ( 'NONE', *, *, #17, .F. ) ;
#2642 = ORIENTED_EDGE ( 'NONE', *, *, #348, .F. ) ;
#2643 = ORIENTED_EDGE ( 'NONE', *, *, #2737, .T. ) ;
#2644 = CARTESIAN_POINT ( 'NONE',  ( 26.49590160132134997, 8.958010899717429254, -18.10301132556794812 ) ) ;
#2645 = CARTESIAN_POINT ( 'NONE',  ( 0.000000000000000000, -35.56000000000000227, 0.000000000000000000 ) ) ;
#2646 = EDGE_LOOP ( 'NONE', ( #1174, #2670 ) ) ;
#2647 = DIRECTION ( 'NONE',  ( 0.9827498610153641012, 0.000000000000000000, 0.1849397487677608698 ) ) ;
#2648 = CARTESIAN_POINT ( 'NONE',  ( 1.500000000000000000, 10.00000000000000000, 40.00000000000000000 ) ) ;
#2649 = PRODUCT_CONTEXT ( 'NONE', #3768, 'mechanical' ) ;
#2650 = VERTEX_POINT ( 'NONE', #3815 ) ;
#2651 = LINE ( 'NONE', #1977, #3807 ) ;
#2652 = ORIENTED_EDGE ( 'NONE', *, *, #3751, .T. ) ;
#2653 = CYLINDRICAL_SURFACE ( 'NONE', #2896, 5.588000000000002743 ) ;
#2654 = EDGE_CURVE ( 'NONE', #59, #1019, #173, .T. ) ;
#2655 = DIRECTION ( 'NONE',  ( -3.819473744064259046E-16, 0.000000000000000000, -1.000000000000000000 ) ) ;
#2656 = EDGE_CURVE ( 'NONE', #3718, #331, #1038, .T. ) ;
#2657 = EDGE_CURVE ( 'NONE', #2949, #410, #388, .T. ) ;
#2658 = UNCERTAINTY_MEASURE_WITH_UNIT (LENGTH_MEASURE( 1.000000000000000082E-05 ), #3773, 'distance_accuracy_value', 'NONE');
#2659 = DIRECTION ( 'NONE',  ( -0.000000000000000000, -1.000000000000000000, -0.000000000000000000 ) ) ;
#2660 = EDGE_CURVE ( 'NONE', #911, #2013, #4040, .T. ) ;
#2661 = ORIENTED_EDGE ( 'NONE', *, *, #1045, .T. ) ;
#2662 = VERTEX_POINT ( 'NONE', #56 ) ;
#2663 = VERTEX_POINT ( 'NONE', #792 ) ;
#2664 = CARTESIAN_POINT ( 'NONE',  ( -11.42627585109392108, 8.958010899717418596, 30.50275044803750291 ) ) ;
#2665 = CARTESIAN_POINT ( 'NONE',  ( 2.165063509461113256, 2.500000000000000000, 1.249999999999992450 ) ) ;
#2666 = CARTESIAN_POINT ( 'NONE',  ( -4.763139720814413280, -2.500000000000000000, 2.750000000000000444 ) ) ;
#2667 = ORIENTED_EDGE ( 'NONE', *, *, #558, .T. ) ;
#2668 = CARTESIAN_POINT ( 'NONE',  ( -31.53619376415180042, 8.958010899717429254, -5.934669627739740605 ) ) ;
#2669 = DIRECTION ( 'NONE',  ( 0.000000000000000000, 0.000000000000000000, 1.000000000000000000 ) ) ;
#2670 = ORIENTED_EDGE ( 'NONE', *, *, #3476, .T. ) ;
#2671 = MECHANICAL_DESIGN_GEOMETRIC_PRESENTATION_REPRESENTATION (  '', ( #659 ), #1793 ) ;
#2672 = CARTESIAN_POINT ( 'NONE',  ( 1.299038105676657118, 2.500000000000000000, 0.7499999999999993339 ) ) ;
#2673 = EDGE_LOOP ( 'NONE', ( #4026, #1072, #3199, #1883 ) ) ;
#2674 = ORIENTED_EDGE ( 'NONE', *, *, #4074, .F. ) ;
#2675 = PLANE ( 'NONE',  #1114 ) ;
#2676 = DIRECTION ( 'NONE',  ( 0.5469441386039889386, 0.000000000000000000, -0.8371691043312220470 ) ) ;
#2677 = VECTOR ( 'NONE', #3729, 1000.000000000000000 ) ;
#2678 = DIRECTION ( 'NONE',  ( -0.000000000000000000, -1.000000000000000000, -0.000000000000000000 ) ) ;
#2679 = AXIS2_PLACEMENT_3D ( 'NONE', #605, #4386, #275 ) ;
#2680 = EDGE_CURVE ( 'NONE', #3175, #1522, #3039, .T. ) ;
#2681 = CARTESIAN_POINT ( 'NONE',  ( -1.500000000000000000, 0.000000000000000000, 0.000000000000000000 ) ) ;
#2682 = VECTOR ( 'NONE', #3380, 1000.000000000000000 ) ;
#2683 = EDGE_LOOP ( 'NONE', ( #1476, #1651 ) ) ;
#2684 = ORIENTED_EDGE ( 'NONE', *, *, #1697, .T. ) ;
#2685 = EDGE_CURVE ( 'NONE', #1888, #1433, #3391, .T. ) ;
#2686 = ORIENTED_EDGE ( 'NONE', *, *, #273, .F. ) ;
#2687 = CARTESIAN_POINT ( 'NONE',  ( 1.500000000000000000, 10.00000000000000000, 40.00000000000000000 ) ) ;
#2688 = AXIS2_PLACEMENT_3D ( 'NONE', #3045, #3019, #2031 ) ;
#2689 = CARTESIAN_POINT ( 'NONE',  ( -6.938893903907229955E-15, 0.000000000000000000, -1.387778780781445991E-14 ) ) ;
#2690 = AXIS2_PLACEMENT_3D ( 'NONE', #1213, #2986, #3651 ) ;
#2691 = CARTESIAN_POINT ( 'NONE',  ( -12.27344013950064472, 2.500000000000000000, 18.25822190527036071 ) ) ;
#2692 = AXIS2_PLACEMENT_3D ( 'NONE', #2376, #4054, #1050 ) ;
#2693 = LINE ( 'NONE', #2438, #30 ) ;
#2694 = DIRECTION ( 'NONE',  ( -0.3582910161908149926, -0.7555613467006969675, 0.5484109764481219784 ) ) ;
#2695 = AXIS2_PLACEMENT_3D ( 'NONE', #1979, #1236, #1613 ) ;
#2696 = AXIS2_PLACEMENT_3D ( 'NONE', #396, #2123, #725 ) ;
#2697 = ORIENTED_EDGE ( 'NONE', *, *, #3149, .T. ) ;
#2698 = EDGE_CURVE ( 'NONE', #127, #3423, #1839, .T. ) ;
#2699 = LINE ( 'NONE', #3071, #3167 ) ;
#2700 = VERTEX_POINT ( 'NONE', #3879 ) ;
#2701 = ORIENTED_EDGE ( 'NONE', *, *, #2922, .F. ) ;
#2702 = CARTESIAN_POINT ( 'NONE',  ( 1.299038105676659338, -2.500000000000000000, -0.7500000000000014433 ) ) ;
#2703 = MECHANICAL_DESIGN_GEOMETRIC_PRESENTATION_REPRESENTATION (  '', ( #4051 ), #826 ) ;
#2704 = CARTESIAN_POINT ( 'NONE',  ( 0.000000000000000000, 2.500000000000000000, 0.000000000000000000 ) ) ;
#2705 = UNCERTAINTY_MEASURE_WITH_UNIT (LENGTH_MEASURE( 1.000000000000000082E-05 ), #3938, 'distance_accuracy_value', 'NONE');
#2706 = CARTESIAN_POINT ( 'NONE',  ( 3.419022372754510249E-13, -37.64850614575360055, -32.64156424301904735 ) ) ;
#2707 = EDGE_LOOP ( 'NONE', ( #2718, #1705, #224, #2674 ) ) ;
#2708 = VERTEX_POINT ( 'NONE', #3190 ) ;
#2709 = CARTESIAN_POINT ( 'NONE',  ( 21.94880406764797343, 2.500000000000000000, -1.500000000000010880 ) ) ;
#2710 = ORIENTED_EDGE ( 'NONE', *, *, #538, .F. ) ;
#2711 = FACE_OUTER_BOUND ( 'NONE', #3201, .T. ) ;
#2712 = FACE_OUTER_BOUND ( 'NONE', #2446, .T. ) ;
#2713 = DIRECTION ( 'NONE',  ( -6.861576760462191587E-15, 0.7555613467006961903, 0.6550778971785190530 ) ) ;
#2714 =( NAMED_UNIT ( * ) PLANE_ANGLE_UNIT ( ) SI_UNIT ( $, .RADIAN. ) );
#2715 = ORIENTED_EDGE ( 'NONE', *, *, #1473, .T. ) ;
#2716 = EDGE_CURVE ( 'NONE', #207, #840, #839, .T. ) ;
#2717 = LINE ( 'NONE', #993, #1318 ) ;
#2718 = ORIENTED_EDGE ( 'NONE', *, *, #2985, .F. ) ;
#2719 = FACE_OUTER_BOUND ( 'NONE', #133, .T. ) ;
#2720 = EDGE_CURVE ( 'NONE', #126, #3966, #3207, .T. ) ;
#2721 = LINE ( 'NONE', #3317, #1802 ) ;
#2722 = SHAPE_REPRESENTATION ( 'Intake-Example', ( #1381, #1026, #955, #1795, #731, #3029, #4230, #3378, #1448 ), #1873 ) ;
#2723 = CARTESIAN_POINT ( 'NONE',  ( 20.16235239901405052, 33.98793085631990607, -30.86110135886205086 ) ) ;
#2724 = ORIENTED_EDGE ( 'NONE', *, *, #803, .T. ) ;
#2725 = VERTEX_POINT ( 'NONE', #2872 ) ;
#2726 = LINE ( 'NONE', #1357, #3118 ) ;
#2727 = ORIENTED_EDGE ( 'NONE', *, *, #2859, .T. ) ;
#2728 = CIRCLE ( 'NONE', #1368, 5.587999999999999190 ) ;
#2729 = DIRECTION ( 'NONE',  ( 0.000000000000000000, 1.000000000000000000, 0.000000000000000000 ) ) ;
#2730 = DIRECTION ( 'NONE',  ( 0.000000000000000000, -1.000000000000000000, 0.000000000000000000 ) ) ;
#2731 = LINE ( 'NONE', #2400, #2551 ) ;
#2732 = EDGE_CURVE ( 'NONE', #1329, #1002, #1885, .T. ) ;
#2733 = CARTESIAN_POINT ( 'NONE',  ( 0.000000000000000000, -33.31662918123620187, 0.000000000000000000 ) ) ;
#2734 = ORIENTED_EDGE ( 'NONE', *, *, #2884, .F. ) ;
#2735 = LINE ( 'NONE', #945, #878 ) ;
#2736 = ORIENTED_EDGE ( 'NONE', *, *, #3906, .F. ) ;
#2737 = EDGE_CURVE ( 'NONE', #579, #3143, #76, .T. ) ;
#2738 = ORIENTED_EDGE ( 'NONE', *, *, #560, .T. ) ;
#2739 = LINE ( 'NONE', #19, #527 ) ;
#2740 = SURFACE_STYLE_FILL_AREA ( #950 ) ;
#2741 = EDGE_CURVE ( 'NONE', #3389, #3196, #1108, .T. ) ;
#2742 = AXIS2_PLACEMENT_3D ( 'NONE', #74, #3839, #2851 ) ;
#2743 = DIRECTION ( 'NONE',  ( 0.5469441386039889386, 0.000000000000000000, -0.8371691043312220470 ) ) ;
#2744 = AXIS2_PLACEMENT_3D ( 'NONE', #3146, #75, #1115 ) ;
#2745 = DIRECTION ( 'NONE',  ( 0.5000000000000008882, 0.000000000000000000, 0.8660254037844382635 ) ) ;
#2746 = VECTOR ( 'NONE', #2592, 1000.000000000000000 ) ;
#2747 = VERTEX_POINT ( 'NONE', #3562 ) ;
#2748 = CARTESIAN_POINT ( 'NONE',  ( -7.620153617563559628E-14, -25.17275721170254954, 21.82498738512065017 ) ) ;
#2749 = VERTEX_POINT ( 'NONE', #2206 ) ;
#2750 = DIRECTION ( 'NONE',  ( 0.000000000000000000, 0.000000000000000000, 1.000000000000000000 ) ) ;
#2751 = CIRCLE ( 'NONE', #1457, 35.56000000000000227 ) ;
#2752 = CARTESIAN_POINT ( 'NONE',  ( -24.77624835123810243, 9.442407932967689987, 23.69582347303424896 ) ) ;
#2753 = VECTOR ( 'NONE', #652, 1000.000000000000114 ) ;
#2754 = DIRECTION ( 'NONE',  ( 0.000000000000000000, 0.000000000000000000, 1.000000000000000000 ) ) ;
#2755 = CARTESIAN_POINT ( 'NONE',  ( 23.00515553387904788, -26.53395324602110250, 0.000000000000000000 ) ) ;
#2756 = ADVANCED_FACE ( 'NONE', ( #2515 ), #49, .F. ) ;
#2757 = EDGE_LOOP ( 'NONE', ( #555, #3487 ) ) ;
#2758 = ORIENTED_EDGE ( 'NONE', *, *, #1094, .T. ) ;
#2759 = ORIENTED_EDGE ( 'NONE', *, *, #3219, .T. ) ;
#2760 = LINE ( 'NONE', #3007, #3469 ) ;
#2761 = CIRCLE ( 'NONE', #819, 5.588000000000003631 ) ;
#2762 = DIRECTION ( 'NONE',  ( 0.000000000000000000, 0.000000000000000000, 1.000000000000000000 ) ) ;
#2763 = VECTOR ( 'NONE', #4185, 1000.000000000000000 ) ;
#2764 = EDGE_CURVE ( 'NONE', #3347, #3813, #27, .T. ) ;
#2765 = CIRCLE ( 'NONE', #824, 35.56000000000000227 ) ;
#2766 = CARTESIAN_POINT ( 'NONE',  ( -2.165063509461087055, 2.500000000000000000, 1.250000000000017097 ) ) ;
#2767 = CIRCLE ( 'NONE', #3695, 5.588000000000001855 ) ;
#2768 = CARTESIAN_POINT ( 'NONE',  ( -2.886751345948130432, -47.50000000000000000, 2.015807690851639259E-14 ) ) ;
#2769 = FACE_OUTER_BOUND ( 'NONE', #159, .T. ) ;
#2770 = ORIENTED_EDGE ( 'NONE', *, *, #3592, .T. ) ;
#2771 = CARTESIAN_POINT ( 'NONE',  ( -6.938893903907229955E-15, 0.000000000000000000, -1.387778780781445991E-14 ) ) ;
#2772 = EDGE_CURVE ( 'NONE', #3136, #4313, #1129, .T. ) ;
#2773 = ORIENTED_EDGE ( 'NONE', *, *, #130, .T. ) ;
#2774 = CARTESIAN_POINT ( 'NONE',  ( -12.94425671059651783, -9.442407932967689987, 31.25020010556100303 ) ) ;
#2775 = CARTESIAN_POINT ( 'NONE',  ( -46.08549077828940455, -14.57110604024934020, 25.13764292422104774 ) ) ;
#2776 = CARTESIAN_POINT ( 'NONE',  ( 1.500000000000000000, -88.11999999999997613, -48.43889075917171283 ) ) ;
#2777 = CARTESIAN_POINT ( 'NONE',  ( -27.22723233924255126, -22.87337795658755013, -3.334374293389464929E-15 ) ) ;
#2778 = ORIENTED_EDGE ( 'NONE', *, *, #3243, .T. ) ;
#2779 = CARTESIAN_POINT ( 'NONE',  ( -1.443375672974077206, 2.500000000000000000, -2.499999999999995115 ) ) ;
#2780 = EDGE_LOOP ( 'NONE', ( #577, #117, #1635, #2873 ) ) ;
#2781 = VERTEX_POINT ( 'NONE', #448 ) ;
#2782 = DIRECTION ( 'NONE',  ( -0.8660254037844380415, 0.000000000000000000, 0.5000000000000012212 ) ) ;
#2783 = CARTESIAN_POINT ( 'NONE',  ( -32.56963708026599846, 8.958010899717429254, -0.4430634043858739934 ) ) ;
#2784 = LINE ( 'NONE', #4128, #4107 ) ;
#2785 = MANIFOLD_SOLID_BREP ( 'NONE', #2311 ) ;
#2786 = CARTESIAN_POINT ( 'NONE',  ( -48.22392579834550475, -14.57110604024934020, 19.97500409654795206 ) ) ;
#2787 = DIRECTION ( 'NONE',  ( 0.000000000000000000, 0.000000000000000000, -1.000000000000000000 ) ) ;
#2788 = EDGE_CURVE ( 'NONE', #2870, #2586, #2134, .T. ) ;
#2789 = ORIENTED_EDGE ( 'NONE', *, *, #463, .F. ) ;
#2790 = ADVANCED_FACE ( 'NONE', ( #2769 ), #3099, .F. ) ;
#2791 = EDGE_LOOP ( 'NONE', ( #481, #478 ) ) ;
#2792 = LINE ( 'NONE', #1709, #4095 ) ;
#2793 = DIRECTION ( 'NONE',  ( 0.5484109764481208682, -0.7555613467006967454, 0.3582910161908169355 ) ) ;
#2794 = FACE_BOUND ( 'NONE', #3100, .T. ) ;
#2795 = DIRECTION ( 'NONE',  ( 1.000000000000000000, 0.000000000000000000, 0.000000000000000000 ) ) ;
#2796 = FACE_BOUND ( 'NONE', #168, .T. ) ;
#2797 = ORIENTED_EDGE ( 'NONE', *, *, #1869, .T. ) ;
#2798 = ORIENTED_EDGE ( 'NONE', *, *, #3571, .T. ) ;
#2799 = CYLINDRICAL_SURFACE ( 'NONE', #1112, 5.587999999999996525 ) ;
#2800 = ORIENTED_EDGE ( 'NONE', *, *, #4127, .T. ) ;
#2801 = DIRECTION ( 'NONE',  ( -0.8898577252134340920, 0.2688750668918974962, 0.3685911383658729834 ) ) ;
#2802 = EDGE_CURVE ( 'NONE', #2099, #1304, #1745, .T. ) ;
#2803 = DIRECTION ( 'NONE',  ( 0.000000000000000000, 1.000000000000000000, 0.000000000000000000 ) ) ;
#2804 = AXIS2_PLACEMENT_3D ( 'NONE', #3766, #698, #1722 ) ;
#2805 = ORIENTED_EDGE ( 'NONE', *, *, #3925, .T. ) ;
#2806 = EDGE_CURVE ( 'NONE', #1359, #2542, #4179, .T. ) ;
#2807 = CARTESIAN_POINT ( 'NONE',  ( -31.25020010556090000, -9.442407932967689987, -12.94425671059683935 ) ) ;
#2808 = CIRCLE ( 'NONE', #3379, 33.78199999999999648 ) ;
#2809 = EDGE_CURVE ( 'NONE', #629, #3312, #3323, .T. ) ;
#2810 = DIRECTION ( 'NONE',  ( -0.5469441386039889386, 0.000000000000000000, 0.8371691043312220470 ) ) ;
#2811 = FACE_OUTER_BOUND ( 'NONE', #2780, .T. ) ;
#2812 = LINE ( 'NONE', #2776, #4401 ) ;
#2813 = CIRCLE ( 'NONE', #962, 5.588000000000003631 ) ;
#2814 = DIRECTION ( 'NONE',  ( 0.3826834323651004399, 0.000000000000000000, -0.9238795325112822976 ) ) ;
#2815 = CIRCLE ( 'NONE', #4319, 5.587999999999995637 ) ;
#2816 = AXIS2_PLACEMENT_3D ( 'NONE', #3301, #1901, #4314 ) ;
#2817 = DIRECTION ( 'NONE',  ( -1.000000000000000000, 0.000000000000000000, 1.053647929397037225E-16 ) ) ;
#2818 = ORIENTED_EDGE ( 'NONE', *, *, #2296, .T. ) ;
#2819 = ORIENTED_EDGE ( 'NONE', *, *, #2339, .T. ) ;
#2820 = CARTESIAN_POINT ( 'NONE',  ( -43.09824984439815410, 14.57110604024932066, 29.44636935873874961 ) ) ;
#2821 = SHAPE_REPRESENTATION_RELATIONSHIP ( 'NONE' , 'NONE' ,  #1536, #1091 ) ;
#2822 = AXIS2_PLACEMENT_3D ( 'NONE', #3544, #2854, #3500 ) ;
#2823 = EDGE_CURVE ( 'NONE', #2228, #682, #3493, .T. ) ;
#2824 = ORIENTED_EDGE ( 'NONE', *, *, #4202, .T. ) ;
#2825 = CIRCLE ( 'NONE', #609, 33.78199999999999648 ) ;
#2826 = DIRECTION ( 'NONE',  ( 0.000000000000000000, 0.000000000000000000, 1.000000000000000000 ) ) ;
#2827 = AXIS2_PLACEMENT_3D ( 'NONE', #1827, #3197, #150 ) ;
#2828 = CIRCLE ( 'NONE', #3398, 33.78200000000000358 ) ;
#2829 = CIRCLE ( 'NONE', #752, 5.588000000000000966 ) ;
#2830 = DIRECTION ( 'NONE',  ( -1.000000000000000000, 0.000000000000000000, -1.224646799147351975E-16 ) ) ;
#2831 = ORIENTED_EDGE ( 'NONE', *, *, #2051, .F. ) ;
#2832 = DIRECTION ( 'NONE',  ( 0.4999999999999949485, 0.000000000000000000, -0.8660254037844415942 ) ) ;
#2833 = PRESENTATION_LAYER_ASSIGNMENT (  '', '', ( #4051 ) ) ;
#2834 = ORIENTED_EDGE ( 'NONE', *, *, #1037, .T. ) ;
#2835 = DIRECTION ( 'NONE',  ( 0.5641369404694915879, 0.000000000000000000, 0.8256812413987140165 ) ) ;
#2836 = DIRECTION ( 'NONE',  ( -1.000000000000000000, 0.000000000000000000, 1.185353920571666354E-16 ) ) ;
#2837 = DIRECTION ( 'NONE',  ( 1.000000000000000000, 0.000000000000000000, 0.000000000000000000 ) ) ;
#2838 = PRODUCT_RELATED_PRODUCT_CATEGORY ( 'part', '', ( #905 ) ) ;
#2839 = FACE_OUTER_BOUND ( 'NONE', #153, .T. ) ;
#2840 = MANIFOLD_SOLID_BREP ( 'Boss-Extrude1', #1724 ) ;
#2841 = DIRECTION ( 'NONE',  ( -0.4999999999999998890, 0.000000000000000000, 0.8660254037844385966 ) ) ;
#2842 = VERTEX_POINT ( 'NONE', #4257 ) ;
#2843 = VERTEX_POINT ( 'NONE', #1832 ) ;
#2844 = CARTESIAN_POINT ( 'NONE',  ( -1.500000000000000000, -88.11999999999997613, -18.43889075917171638 ) ) ;
#2845 = ADVANCED_FACE ( 'NONE', ( #2865 ), #2150, .F. ) ;
#2846 = ORIENTED_EDGE ( 'NONE', *, *, #2387, .T. ) ;
#2847 = ADVANCED_FACE ( 'NONE', ( #1882 ), #4329, .F. ) ;
#2848 =( LENGTH_UNIT ( ) NAMED_UNIT ( * ) SI_UNIT ( .MILLI., .METRE. ) );
#2849 = VERTEX_POINT ( 'NONE', #2962 ) ;
#2850 = DIRECTION ( 'NONE',  ( -0.3582910161908149926, -0.7555613467006969675, 0.5484109764481219784 ) ) ;
#2851 = DIRECTION ( 'NONE',  ( 0.000000000000000000, -0.000000000000000000, -1.000000000000000000 ) ) ;
#2852 = ORIENTED_EDGE ( 'NONE', *, *, #3120, .F. ) ;
#2853 = CARTESIAN_POINT ( 'NONE',  ( 0.000000000000000000, 2.500000000000000000, -5.500000000000001776 ) ) ;
#2854 = DIRECTION ( 'NONE',  ( 0.8660254037844388186, -0.000000000000000000, 0.4999999999999998335 ) ) ;
#2855 = DIRECTION ( 'NONE',  ( 0.8898577252134290960, 0.2688750668918974962, 0.3685911383658849738 ) ) ;
#2856 = DIRECTION ( 'NONE',  ( 0.5469441386039889386, 0.000000000000000000, -0.8371691043312219360 ) ) ;
#2857 = DIRECTION ( 'NONE',  ( 0.000000000000000000, 0.000000000000000000, 1.000000000000000000 ) ) ;
#2858 = EDGE_LOOP ( 'NONE', ( #2070, #813, #3864, #1566 ) ) ;
#2859 = EDGE_CURVE ( 'NONE', #4019, #2036, #2407, .T. ) ;
#2860 = ORIENTED_EDGE ( 'NONE', *, *, #2541, .T. ) ;
#2861 = FACE_OUTER_BOUND ( 'NONE', #2520, .T. ) ;
#2862 = ADVANCED_FACE ( 'NONE', ( #1269 ), #2637, .T. ) ;
#2863 = EDGE_CURVE ( 'NONE', #2933, #1386, #3754, .T. ) ;
#2864 = EDGE_LOOP ( 'NONE', ( #2101, #18 ) ) ;
#2865 = FACE_OUTER_BOUND ( 'NONE', #935, .T. ) ;
#2866 = ORIENTED_EDGE ( 'NONE', *, *, #1288, .F. ) ;
#2867 = CLOSED_SHELL ( 'NONE', ( #1395, #2130, #4198, #1143, #2847, #1307, #66, #3774, #53, #2940, #3117, #930, #294, #760, #4309, #1166, #949, #1658, #2514, #1734, #4291, #2440, #3437, #2756, #3572, #3932, #3298, #2273, #89, #766, #3292 ) ) ;
#2868 = CYLINDRICAL_SURFACE ( 'NONE', #155, 5.588000000000000966 ) ;
#2869 = ORIENTED_EDGE ( 'NONE', *, *, #46, .T. ) ;
#2870 = VERTEX_POINT ( 'NONE', #805 ) ;
#2871 = CARTESIAN_POINT ( 'NONE',  ( -5.484827557301445111, 2.500000000000000000, -1.500000000000000888 ) ) ;
#2872 = CARTESIAN_POINT ( 'NONE',  ( -29.11176508550470032, -9.442407932967689987, -18.10689553826989950 ) ) ;
#2873 = ORIENTED_EDGE ( 'NONE', *, *, #1436, .F. ) ;
#2874 = CYLINDRICAL_SURFACE ( 'NONE', #2623, 5.588000000000000966 ) ;
#2875 = AXIS2_PLACEMENT_3D ( 'NONE', #4337, #4003, #1321 ) ;
#2876 = DIRECTION ( 'NONE',  ( 0.5433626321285699445, -0.2688750668918974407, 0.7952755801671456126 ) ) ;
#2877 = FACE_OUTER_BOUND ( 'NONE', #3415, .T. ) ;
#2878 = VECTOR ( 'NONE', #1191, 1000.000000000000000 ) ;
#2879 = ORIENTED_EDGE ( 'NONE', *, *, #655, .T. ) ;
#2880 = DIRECTION ( 'NONE',  ( -0.9827498610153641012, 0.000000000000000000, -0.1849397487677608698 ) ) ;
#2881 = DIRECTION ( 'NONE',  ( -0.5000000000000001110, 0.000000000000000000, 0.8660254037844385966 ) ) ;
#2882 = FILL_AREA_STYLE_COLOUR ( '', #2452 ) ;
#2883 = VECTOR ( 'NONE', #2260, 1000.000000000000000 ) ;
#2884 = EDGE_CURVE ( 'NONE', #4097, #646, #3200, .T. ) ;
#2885 = LINE ( 'NONE', #3649, #3589 ) ;
#2886 = ORIENTED_EDGE ( 'NONE', *, *, #1324, .F. ) ;
#2887 = DIRECTION ( 'NONE',  ( 1.000000000000000000, 0.000000000000000000, 0.000000000000000000 ) ) ;
#2888 = VECTOR ( 'NONE', #524, 1000.000000000000000 ) ;
#2889 = ADVANCED_FACE ( 'NONE', ( #2275 ), #3973, .F. ) ;
#2890 = AXIS2_PLACEMENT_3D ( 'NONE', #1791, #480, #2522 ) ;
#2891 = VECTOR ( 'NONE', #109, 1000.000000000000114 ) ;
#2892 = DIRECTION ( 'NONE',  ( -0.000000000000000000, -1.000000000000000000, -0.000000000000000000 ) ) ;
#2893 = VERTEX_POINT ( 'NONE', #854 ) ;
#2894 = VECTOR ( 'NONE', #1017, 1000.000000000000000 ) ;
#2895 = DIRECTION ( 'NONE',  ( 0.8898577252134290960, 0.2688750668918974962, 0.3685911383658849738 ) ) ;
#2896 = AXIS2_PLACEMENT_3D ( 'NONE', #3672, #3055, #651 ) ;
#2897 = AXIS2_PLACEMENT_3D ( 'NONE', #433, #2855, #3482 ) ;
#2898 = DIRECTION ( 'NONE',  ( 0.3685911383658754814, 0.2688750668918974962, -0.8898577252134330928 ) ) ;
#2899 = ADVANCED_FACE ( 'NONE', ( #3555 ), #2221, .F. ) ;
#2900 = EDGE_LOOP ( 'NONE', ( #2290, #3321, #1274, #3747 ) ) ;
#2901 = EDGE_LOOP ( 'NONE', ( #3254, #2997, #2615, #263 ) ) ;
#2902 = LINE ( 'NONE', #4265, #1377 ) ;
#2903 = COLOUR_RGB ( '',0.7921568627450980005, 0.8196078431372548767, 0.9333333333333333481 ) ;
#2904 = EDGE_LOOP ( 'NONE', ( #2598, #2116, #1996, #4046 ) ) ;
#2905 = PLANE ( 'NONE',  #2974 ) ;
#2906 = EDGE_CURVE ( 'NONE', #2013, #911, #322, .T. ) ;
#2907 = VECTOR ( 'NONE', #2448, 1000.000000000000000 ) ;
#2908 = DIRECTION ( 'NONE',  ( 1.000000000000000000, 0.000000000000000000, 0.000000000000000000 ) ) ;
#2909 = FACE_BOUND ( 'NONE', #1280, .T. ) ;
#2910 = ORIENTED_EDGE ( 'NONE', *, *, #2356, .F. ) ;
#2911 = CARTESIAN_POINT ( 'NONE',  ( 32.64156424301889814, -37.64850614575340160, 0.000000000000000000 ) ) ;
#2912 = CARTESIAN_POINT ( 'NONE',  ( 36.86364104838240507, -33.98793085631985633, 6.843326313635410839E-16 ) ) ;
#2913 = APPLICATION_CONTEXT ( 'automotive_design' ) ;
#2914 = DIRECTION ( 'NONE',  ( 0.000000000000000000, -1.000000000000000000, 0.000000000000000000 ) ) ;
#2915 = VERTEX_POINT ( 'NONE', #1568 ) ;
#2916 = DIRECTION ( 'NONE',  ( -0.6325326158847146552, 0.6550778971785181648, -0.4132498499336820785 ) ) ;
#2917 = DIRECTION ( 'NONE',  ( 0.5000000000000001110, 0.000000000000000000, 0.8660254037844385966 ) ) ;
#2918 = FILL_AREA_STYLE ('',( #3184 ) ) ;
#2919 = CYLINDRICAL_SURFACE ( 'NONE', #1811, 5.588000000000000078 ) ;
#2920 = ORIENTED_EDGE ( 'NONE', *, *, #2133, .T. ) ;
#2921 = VERTEX_POINT ( 'NONE', #3898 ) ;
#2922 = EDGE_CURVE ( 'NONE', #983, #944, #490, .T. ) ;
#2923 = LINE ( 'NONE', #1221, #2746 ) ;
#2924 = VERTEX_POINT ( 'NONE', #3576 ) ;
#2925 = LINE ( 'NONE', #3951, #4330 ) ;
#2926 = EDGE_CURVE ( 'NONE', #579, #207, #4278, .T. ) ;
#2927 = DIRECTION ( 'NONE',  ( 0.000000000000000000, -0.000000000000000000, -1.000000000000000000 ) ) ;
#2928 = DIRECTION ( 'NONE',  ( -0.1781293538267804955, -0.2688750668918974962, 0.9465601574697359855 ) ) ;
#2929 = ORIENTED_EDGE ( 'NONE', *, *, #557, .T. ) ;
#2930 = DIRECTION ( 'NONE',  ( 0.7952755801671440583, -0.2688750668918975517, -0.5433626321285720540 ) ) ;
#2931 = DIRECTION ( 'NONE',  ( -0.3685911383658693197, 0.2688750668918973852, -0.8898577252134356463 ) ) ;
#2932 = FILL_AREA_STYLE ('',( #942 ) ) ;
#2933 = VERTEX_POINT ( 'NONE', #2588 ) ;
#2934 = CARTESIAN_POINT ( 'NONE',  ( 1.500000000000000000, 0.000000000000000000, 2.886751345948131320 ) ) ;
#2935 = EDGE_LOOP ( 'NONE', ( #703, #285 ) ) ;
#2936 = FACE_OUTER_BOUND ( 'NONE', #4338, .T. ) ;
#2937 = PRODUCT ( 'Intake-SideMounting', 'Intake-SideMounting', '', ( #1583 ) ) ;
#2938 = DIRECTION ( 'NONE',  ( 0.5484109764481208682, -0.7555613467006967454, 0.3582910161908169355 ) ) ;
#2939 = PLANE ( 'NONE',  #1895 ) ;
#2940 = ADVANCED_FACE ( 'NONE', ( #2246 ), #3605, .F. ) ;
#2941 = ORIENTED_EDGE ( 'NONE', *, *, #1160, .T. ) ;
#2942 = VERTEX_POINT ( 'NONE', #1928 ) ;
#2943 = DIRECTION ( 'NONE',  ( -0.9238795325112888479, 0.000000000000000000, 0.3826834323650846748 ) ) ;
#2944 = ORIENTED_EDGE ( 'NONE', *, *, #3214, .F. ) ;
#2945 = DIRECTION ( 'NONE',  ( 0.9238795325112865164, 0.000000000000000000, 0.3826834323650902259 ) ) ;
#2946 = EDGE_CURVE ( 'NONE', #4148, #2126, #2825, .T. ) ;
#2947 = DIRECTION ( 'NONE',  ( 0.000000000000000000, 1.000000000000000000, -0.000000000000000000 ) ) ;
#2948 = FACE_OUTER_BOUND ( 'NONE', #51, .T. ) ;
#2949 = VERTEX_POINT ( 'NONE', #926 ) ;
#2950 = CYLINDRICAL_SURFACE ( 'NONE', #3675, 30.00000000000000000 ) ;
#2951 = CARTESIAN_POINT ( 'NONE',  ( -2.165063509461104374, 2.500000000000000000, -1.249999999999987343 ) ) ;
#2952 = SHAPE_DEFINITION_REPRESENTATION ( #3288, #3484 ) ;
#2953 = CIRCLE ( 'NONE', #1027, 35.56000000000000227 ) ;
#2954 = EDGE_LOOP ( 'NONE', ( #3612, #946, #4211, #3872 ) ) ;
#2955 = CARTESIAN_POINT ( 'NONE',  ( 0.000000000000000000, -2.500000000000000000, -5.500000000000001776 ) ) ;
#2956 = ORIENTED_EDGE ( 'NONE', *, *, #3906, .T. ) ;
#2957 = DIRECTION ( 'NONE',  ( 0.000000000000000000, 1.000000000000000000, 0.000000000000000000 ) ) ;
#2958 = AXIS2_PLACEMENT_3D ( 'NONE', #948, #927, #4064 ) ;
#2959 = ADVANCED_FACE ( 'NONE', ( #3920 ), #852, .F. ) ;
#2960 = AXIS2_PLACEMENT_3D ( 'NONE', #4286, #2947, #1990 ) ;
#2961 = AXIS2_PLACEMENT_3D ( 'NONE', #3156, #1781, #176 ) ;
#2962 = CARTESIAN_POINT ( 'NONE',  ( 1.443375672974059665, -47.50000000000000000, -2.500000000000004885 ) ) ;
#2963 = DIRECTION ( 'NONE',  ( 0.000000000000000000, 1.000000000000000000, -0.000000000000000000 ) ) ;
#2964 = UNCERTAINTY_MEASURE_WITH_UNIT (LENGTH_MEASURE( 1.000000000000000082E-05 ), #1562, 'distance_accuracy_value', 'NONE');
#2965 =( GEOMETRIC_REPRESENTATION_CONTEXT ( 3 ) GLOBAL_UNCERTAINTY_ASSIGNED_CONTEXT ( ( #4350 ) ) GLOBAL_UNIT_ASSIGNED_CONTEXT ( ( #2848, #2068, #2478 ) ) REPRESENTATION_CONTEXT ( 'NONE', 'WORKASPACE' ) );
#2966 = DIRECTION ( 'NONE',  ( 0.000000000000000000, 0.6550778971785183868, 0.7555613467006968564 ) ) ;
#2967 = ORIENTED_EDGE ( 'NONE', *, *, #2772, .F. ) ;
#2968 = ORIENTED_EDGE ( 'NONE', *, *, #2788, .F. ) ;
#2969 = AXIS2_PLACEMENT_3D ( 'NONE', #1545, #2587, #2916 ) ;
#2970 = ORIENTED_EDGE ( 'NONE', *, *, #1740, .T. ) ;
#2971 = CARTESIAN_POINT ( 'NONE',  ( 0.000000000000000000, -2.500000000000000000, 0.000000000000000000 ) ) ;
#2972 = AXIS2_PLACEMENT_3D ( 'NONE', #3468, #2782, #2194 ) ;
#2973 = CYLINDRICAL_SURFACE ( 'NONE', #1249, 5.587999999999999190 ) ;
#2974 = AXIS2_PLACEMENT_3D ( 'NONE', #2971, #4267, #1248 ) ;
#2975 = FACE_OUTER_BOUND ( 'NONE', #3904, .T. ) ;
#2976 = EDGE_LOOP ( 'NONE', ( #2166, #3041, #3542, #2798 ) ) ;
#2977 = LINE ( 'NONE', #2264, #384 ) ;
#2978 = EDGE_CURVE ( 'NONE', #4123, #4266, #1332, .T. ) ;
#2979 = CARTESIAN_POINT ( 'NONE',  ( -1.500000000000000000, -88.11999999999997613, -18.43889075917171638 ) ) ;
#2980 =( NAMED_UNIT ( * ) SI_UNIT ( $, .STERADIAN. ) SOLID_ANGLE_UNIT ( ) );
#2981 = COLOUR_RGB ( '',0.7921568627450980005, 0.8196078431372548767, 0.9333333333333333481 ) ;
#2982 = ORIENTED_EDGE ( 'NONE', *, *, #3270, .F. ) ;
#2983 = CARTESIAN_POINT ( 'NONE',  ( 9.627808763968259242, 28.83333250113610191, -14.73661288367796018 ) ) ;
#2984 = ORIENTED_EDGE ( 'NONE', *, *, #2330, .F. ) ;
#2985 = EDGE_CURVE ( 'NONE', #2263, #410, #895, .T. ) ;
#2986 = DIRECTION ( 'NONE',  ( 0.5469441386039889386, 0.000000000000000000, -0.8371691043312220470 ) ) ;
#2987 = EDGE_CURVE ( 'NONE', #1046, #3505, #3313, .T. ) ;
#2988 = CARTESIAN_POINT ( 'NONE',  ( -5.484827557301445111, -2.500000000000000000, -1.500000000000000888 ) ) ;
#2989 = DIRECTION ( 'NONE',  ( 0.000000000000000000, 1.000000000000000000, -0.000000000000000000 ) ) ;
#2990 = FACE_OUTER_BOUND ( 'NONE', #3225, .T. ) ;
#2991 = EDGE_LOOP ( 'NONE', ( #3061, #4124 ) ) ;
#2992 = ORIENTED_EDGE ( 'NONE', *, *, #233, .F. ) ;
#2993 = EDGE_LOOP ( 'NONE', ( #2759, #506, #4000, #1130 ) ) ;
#2994 = PLANE ( 'NONE',  #397 ) ;
#2995 = FACE_BOUND ( 'NONE', #3023, .T. ) ;
#2996 = CARTESIAN_POINT ( 'NONE',  ( 1.500000000000000000, 3.535250795749692346E-16, -2.886751345948131320 ) ) ;
#2997 = ORIENTED_EDGE ( 'NONE', *, *, #1513, .F. ) ;
#2998 = CYLINDRICAL_SURFACE ( 'NONE', #1881, 5.588000000000002743 ) ;
#2999 = LINE ( 'NONE', #3731, #3828 ) ;
#3000 = CONTEXT_DEPENDENT_SHAPE_REPRESENTATION ( #4215, #132 ) ;
#3001 = EDGE_CURVE ( 'NONE', #126, #3072, #1463, .T. ) ;
#3002 = ORIENTED_EDGE ( 'NONE', *, *, #4108, .T. ) ;
#3003 = AXIS2_PLACEMENT_3D ( 'NONE', #3733, #3796, #2795 ) ;
#3004 = DIRECTION ( 'NONE',  ( 1.224646799147351975E-16, 0.000000000000000000, -1.000000000000000000 ) ) ;
#3005 = EDGE_LOOP ( 'NONE', ( #386, #235, #668, #1699 ) ) ;
#3006 = VERTEX_POINT ( 'NONE', #3942 ) ;
#3007 = CARTESIAN_POINT ( 'NONE',  ( 1.299038105676657118, -2.500000000000000000, 0.7499999999999992228 ) ) ;
#3008 = ADVANCED_FACE ( 'NONE', ( #278 ), #2293, .T. ) ;
#3009 = CARTESIAN_POINT ( 'NONE',  ( 2.629050547790021767E-14, 2.500000000000000000, 2.500000000000000444 ) ) ;
#3010 = PRODUCT_DEFINITION_CONTEXT ( 'detailed design', #3277, 'design' ) ;
#3011 = CARTESIAN_POINT ( 'NONE',  ( 0.000000000000000000, -35.11819835925530242, 0.000000000000000000 ) ) ;
#3012 = ORIENTED_EDGE ( 'NONE', *, *, #2809, .F. ) ;
#3013 = ORIENTED_EDGE ( 'NONE', *, *, #3640, .T. ) ;
#3014 = VERTEX_POINT ( 'NONE', #874 ) ;
#3015 = CARTESIAN_POINT ( 'NONE',  ( -9.675363928147334036, -2.500000000000000000, -19.75822190527036071 ) ) ;
#3016 = EDGE_CURVE ( 'NONE', #4252, #1888, #2178, .T. ) ;
#3017 = CARTESIAN_POINT ( 'NONE',  ( 19.25920545329794820, 26.53395324602110250, 12.58253497692823863 ) ) ;
#3018 = CARTESIAN_POINT ( 'NONE',  ( -33.38863512561704994, -9.442407932967689987, -7.781617882923809404 ) ) ;
#3019 = DIRECTION ( 'NONE',  ( 0.000000000000000000, 0.000000000000000000, 1.000000000000000000 ) ) ;
#3020 = DIRECTION ( 'NONE',  ( 0.3582910161908110513, -0.7555613467006971895, -0.5484109764481240878 ) ) ;
#3021 = SHAPE_REPRESENTATION_RELATIONSHIP ( 'NONE' , 'NONE' ,  #1202, #4038 ) ;
#3022 = CONTEXT_DEPENDENT_SHAPE_REPRESENTATION ( #3364, #808 ) ;
#3023 = EDGE_LOOP ( 'NONE', ( #1403, #3401 ) ) ;
#3024 = MECHANICAL_DESIGN_GEOMETRIC_PRESENTATION_REPRESENTATION (  '', ( #4162 ), #1021 ) ;
#3025 = CARTESIAN_POINT ( 'NONE',  ( 5.484827557301442447, -2.500000000000000000, -1.500000000000004663 ) ) ;
#3026 = ORIENTED_EDGE ( 'NONE', *, *, #3925, .F. ) ;
#3027 = ORIENTED_EDGE ( 'NONE', *, *, #39, .F. ) ;
#3028 = LINE ( 'NONE', #1034, #610 ) ;
#3029 = AXIS2_PLACEMENT_3D ( 'NONE', #407, #1145, #1766 ) ;
#3030 = AXIS2_PLACEMENT_3D ( 'NONE', #751, #2121, #4135 ) ;
#3031 = CARTESIAN_POINT ( 'NONE',  ( 2.292889411582704968E-13, -21.51218192226900072, -26.04706419048415000 ) ) ;
#3032 = CIRCLE ( 'NONE', #3668, 22.00000000000000355 ) ;
#3033 = DIRECTION ( 'NONE',  ( 0.000000000000000000, 0.000000000000000000, 1.000000000000000000 ) ) ;
#3034 = VECTOR ( 'NONE', #3278, 1000.000000000000000 ) ;
#3035 = AXIS2_PLACEMENT_3D ( 'NONE', #570, #1208, #890 ) ;
#3036 = ORIENTED_EDGE ( 'NONE', *, *, #3597, .F. ) ;
#3037 = ORIENTED_EDGE ( 'NONE', *, *, #1849, .F. ) ;
#3038 = LINE ( 'NONE', #1662, #1615 ) ;
#3039 = CIRCLE ( 'NONE', #2108, 5.588000000000002743 ) ;
#3040 = EDGE_CURVE ( 'NONE', #2749, #302, #902, .T. ) ;
#3041 = ORIENTED_EDGE ( 'NONE', *, *, #1547, .F. ) ;
#3042 = AXIS2_PLACEMENT_3D ( 'NONE', #906, #4225, #2198 ) ;
#3043 = CARTESIAN_POINT ( 'NONE',  ( 2.409662137311675325E-13, -30.19452853545470461, -18.78307872851554805 ) ) ;
#3044 = CIRCLE ( 'NONE', #3895, 5.588000000000000966 ) ;
#3045 = CARTESIAN_POINT ( 'NONE',  ( 0.000000000000000000, 0.000000000000000000, 0.000000000000000000 ) ) ;
#3046 = EDGE_CURVE ( 'NONE', #2542, #3899, #3575, .T. ) ;
#3047 = DIRECTION ( 'NONE',  ( 0.000000000000000000, 1.000000000000000000, 0.000000000000000000 ) ) ;
#3048 = PRESENTATION_STYLE_ASSIGNMENT (( #4056 ) ) ;
#3049 = VECTOR ( 'NONE', #3091, 1000.000000000000227 ) ;
#3050 = VECTOR ( 'NONE', #707, 1000.000000000000227 ) ;
#3051 = ORIENTED_EDGE ( 'NONE', *, *, #2802, .F. ) ;
#3052 = CARTESIAN_POINT ( 'NONE',  ( 29.76973335001824950, 0.000000000000000000, 19.44933356875780106 ) ) ;
#3053 = EDGE_LOOP ( 'NONE', ( #3947, #3183, #3799, #2968 ) ) ;
#3054 = ORIENTED_EDGE ( 'NONE', *, *, #1045, .F. ) ;
#3055 = DIRECTION ( 'NONE',  ( -0.3582910161908149926, -0.7555613467006969675, 0.5484109764481219784 ) ) ;
#3056 = VECTOR ( 'NONE', #3062, 1000.000000000000000 ) ;
#3057 = DIRECTION ( 'NONE',  ( 0.000000000000000000, 0.000000000000000000, 1.000000000000000000 ) ) ;
#3058 = CYLINDRICAL_SURFACE ( 'NONE', #1679, 5.588000000000000966 ) ;
#3059 = ADVANCED_FACE ( 'NONE', ( #3602 ), #183, .T. ) ;
#3060 = ORIENTED_EDGE ( 'NONE', *, *, #1808, .T. ) ;
#3061 = ORIENTED_EDGE ( 'NONE', *, *, #2978, .T. ) ;
#3062 = DIRECTION ( 'NONE',  ( -0.000000000000000000, -1.000000000000000000, -0.000000000000000000 ) ) ;
#3063 = VERTEX_POINT ( 'NONE', #1907 ) ;
#3064 = ADVANCED_FACE ( 'NONE', ( #2936 ), #947, .T. ) ;
#3065 = LINE ( 'NONE', #1441, #1592 ) ;
#3066 = FACE_OUTER_BOUND ( 'NONE', #1315, .T. ) ;
#3067 = CARTESIAN_POINT ( 'NONE',  ( -12.27344013950064827, 2.500000000000000000, -18.25822190527036071 ) ) ;
#3068 = EDGE_CURVE ( 'NONE', #3508, #127, #3393, .T. ) ;
#3069 = CARTESIAN_POINT ( 'NONE',  ( -1.500000000000000000, 10.00000000000000000, -10.00000000000000000 ) ) ;
#3070 = VERTEX_POINT ( 'NONE', #556 ) ;
#3071 = CARTESIAN_POINT ( 'NONE',  ( 5.484827557301446888, 2.500000000000000000, 1.499999999999996891 ) ) ;
#3072 = VERTEX_POINT ( 'NONE', #208 ) ;
#3073 = ORIENTED_EDGE ( 'NONE', *, *, #2627, .F. ) ;
#3074 = CARTESIAN_POINT ( 'NONE',  ( 39.94585262105494650, 14.57110604024935974, -34.06027613567460577 ) ) ;
#3075 = FACE_BOUND ( 'NONE', #3526, .T. ) ;
#3076 = CARTESIAN_POINT ( 'NONE',  ( 50.36236081840159784, -14.57110604024939882, 14.81236526887563976 ) ) ;
#3077 = DIRECTION ( 'NONE',  ( 0.000000000000000000, 0.000000000000000000, -1.000000000000000000 ) ) ;
#3078 = ORIENTED_EDGE ( 'NONE', *, *, #594, .F. ) ;
#3079 = SURFACE_STYLE_USAGE ( .BOTH. , #2499 ) ;
#3080 = EDGE_CURVE ( 'NONE', #3312, #1551, #256, .T. ) ;
#3081 = EDGE_LOOP ( 'NONE', ( #2119, #2107, #2203, #140, #4183, #4159 ) ) ;
#3082 = FACE_OUTER_BOUND ( 'NONE', #1574, .T. ) ;
#3083 = DIRECTION ( 'NONE',  ( -0.5000000000000067724, 0.000000000000000000, -0.8660254037844347108 ) ) ;
#3084 = DIRECTION ( 'NONE',  ( 0.000000000000000000, -1.000000000000000000, 0.000000000000000000 ) ) ;
#3085 = EDGE_CURVE ( 'NONE', #237, #2586, #1747, .T. ) ;
#3086 = CARTESIAN_POINT ( 'NONE',  ( 1.299038105676659338, 2.500000000000000000, -0.7500000000000014433 ) ) ;
#3087 = ORIENTED_EDGE ( 'NONE', *, *, #891, .T. ) ;
#3088 = CARTESIAN_POINT ( 'NONE',  ( 31.78549487505040361, -8.958010899717418596, 7.117575448752639922 ) ) ;
#3089 = ORIENTED_EDGE ( 'NONE', *, *, #2158, .T. ) ;
#3090 = ORIENTED_EDGE ( 'NONE', *, *, #3460, .T. ) ;
#3091 = DIRECTION ( 'NONE',  ( 0.3685911383658629914, 0.2688750668918974962, 0.8898577252134381999 ) ) ;
#3092 = FACE_OUTER_BOUND ( 'NONE', #1452, .T. ) ;
#3093 = CIRCLE ( 'NONE', #1188, 5.587999999999998302 ) ;
#3094 = LINE ( 'NONE', #2766, #743 ) ;
#3095 = EDGE_CURVE ( 'NONE', #2893, #1780, #2761, .T. ) ;
#3096 = CIRCLE ( 'NONE', #2605, 5.587999999999999190 ) ;
#3097 = CYLINDRICAL_SURFACE ( 'NONE', #68, 29.99999999999999645 ) ;
#3098 = AXIS2_PLACEMENT_3D ( 'NONE', #505, #3940, #2533 ) ;
#3099 = CYLINDRICAL_SURFACE ( 'NONE', #2618, 5.587999999999999190 ) ;
#3100 = EDGE_LOOP ( 'NONE', ( #3109, #4004 ) ) ;
#3101 = DIRECTION ( 'NONE',  ( -0.9238795325112865164, 0.000000000000000000, -0.3826834323650902259 ) ) ;
#3102 = VECTOR ( 'NONE', #105, 1000.000000000000000 ) ;
#3103 = ORIENTED_EDGE ( 'NONE', *, *, #4028, .T. ) ;
#3104 = DIRECTION ( 'NONE',  ( 0.3685911383658754814, 0.2688750668918974962, -0.8898577252134330928 ) ) ;
#3105 = DIRECTION ( 'NONE',  ( -0.3582910161908149371, -0.7555613467006967454, 0.5484109764481218674 ) ) ;
#3106 = CYLINDRICAL_SURFACE ( 'NONE', #3976, 5.588000000000003631 ) ;
#3107 = LINE ( 'NONE', #2124, #2274 ) ;
#3108 = AXIS2_PLACEMENT_3D ( 'NONE', #432, #2156, #1116 ) ;
#3109 = ORIENTED_EDGE ( 'NONE', *, *, #2946, .F. ) ;
#3110 = CARTESIAN_POINT ( 'NONE',  ( -18.10301132556800141, 8.958010899717418596, -26.49590160132130023 ) ) ;
#3111 = VERTEX_POINT ( 'NONE', #3992 ) ;
#3112 = ORIENTED_EDGE ( 'NONE', *, *, #4055, .F. ) ;
#3113 = DIRECTION ( 'NONE',  ( -0.9827498610153641012, 0.000000000000000000, -0.1849397487677608698 ) ) ;
#3114 = VECTOR ( 'NONE', #1636, 1000.000000000000000 ) ;
#3115 = CARTESIAN_POINT ( 'NONE',  ( -7.620153617563559628E-14, -21.51218192226900072, 26.04706419048415000 ) ) ;
#3116 = AXIS2_PLACEMENT_3D ( 'NONE', #2820, #737, #1431 ) ;
#3117 = ADVANCED_FACE ( 'NONE', ( #1287 ), #2653, .F. ) ;
#3118 = VECTOR ( 'NONE', #3706, 1000.000000000000114 ) ;
#3119 = CARTESIAN_POINT ( 'NONE',  ( -6.938893903907229955E-15, 0.000000000000000000, -1.387778780781445991E-14 ) ) ;
#3120 = EDGE_CURVE ( 'NONE', #3322, #2013, #4366, .T. ) ;
#3121 = VECTOR ( 'NONE', #4400, 1000.000000000000000 ) ;
#3122 = CARTESIAN_POINT ( 'NONE',  ( 46.08549077828929796, -14.57110604024939882, 25.13764292422175117 ) ) ;
#3123 = CARTESIAN_POINT ( 'NONE',  ( 19.97500409654815101, -14.57110604024935974, 48.22392579834550475 ) ) ;
#3124 = ORIENTED_EDGE ( 'NONE', *, *, #2018, .T. ) ;
#3125 = DIRECTION ( 'NONE',  ( 0.8660254037844415942, -0.000000000000000000, 0.4999999999999949485 ) ) ;
#3126 = ORIENTED_EDGE ( 'NONE', *, *, #1324, .T. ) ;
#3127 = CYLINDRICAL_SURFACE ( 'NONE', #375, 5.587999999999999190 ) ;
#3128 = LINE ( 'NONE', #3858, #320 ) ;
#3129 = DIRECTION ( 'NONE',  ( 0.3685911383658629914, 0.2688750668918974962, 0.8898577252134381999 ) ) ;
#3130 = CARTESIAN_POINT ( 'NONE',  ( 0.000000000000000000, -2.500000000000000000, 0.000000000000000000 ) ) ;
#3131 = FACE_BOUND ( 'NONE', #401, .T. ) ;
#3132 = ORIENTED_EDGE ( 'NONE', *, *, #408, .T. ) ;
#3133 = ORIENTED_EDGE ( 'NONE', *, *, #2308, .F. ) ;
#3134 = LINE ( 'NONE', #3847, #1124 ) ;
#3135 = EDGE_CURVE ( 'NONE', #302, #3761, #340, .T. ) ;
#3136 = VERTEX_POINT ( 'NONE', #2382 ) ;
#3137 = CARTESIAN_POINT ( 'NONE',  ( -33.24148736899014267, 9.442407932967689987, -6.255581981294500160 ) ) ;
#3138 = DIRECTION ( 'NONE',  ( 0.9188563655844350642, -0.2143584730686622364, -0.3312905438563480964 ) ) ;
#3139 =( REPRESENTATION_RELATIONSHIP ('NONE','NONE', #2722, #3484 ) REPRESENTATION_RELATIONSHIP_WITH_TRANSFORMATION ( #1608 )SHAPE_REPRESENTATION_RELATIONSHIP( ) );
#3140 = EDGE_CURVE ( 'NONE', #2915, #827, #2760, .T. ) ;
#3141 = DIRECTION ( 'NONE',  ( 0.1781293538267804955, -0.2688750668918974962, -0.9465601574697359855 ) ) ;
#3142 = VECTOR ( 'NONE', #1714, 1000.000000000000000 ) ;
#3143 = VERTEX_POINT ( 'NONE', #4036 ) ;
#3144 = FACE_BOUND ( 'NONE', #2683, .T. ) ;
#3145 = DIRECTION ( 'NONE',  ( 0.000000000000000000, 1.000000000000000000, 0.000000000000000000 ) ) ;
#3146 = CARTESIAN_POINT ( 'NONE',  ( -31.25020010556090000, -9.442407932967689987, -12.94425671059683935 ) ) ;
#3147 = CARTESIAN_POINT ( 'NONE',  ( -25.13764292422160196, -14.57110604024939882, 46.08549077828929796 ) ) ;
#3148 = DIRECTION ( 'NONE',  ( 0.3582910161908110513, -0.7555613467006971895, -0.5484109764481240878 ) ) ;
#3149 = EDGE_CURVE ( 'NONE', #4150, #4295, #2016, .T. ) ;
#3150 = CARTESIAN_POINT ( 'NONE',  ( -1.443375672974042567, 2.500000000000000000, 2.500000000000015987 ) ) ;
#3151 = DIRECTION ( 'NONE',  ( -0.6325326158847149882, 0.6550778971785178317, -0.4132498499336819120 ) ) ;
#3152 = ORIENTED_EDGE ( 'NONE', *, *, #3882, .F. ) ;
#3153 = ORIENTED_EDGE ( 'NONE', *, *, #2410, .T. ) ;
#3154 = FACE_OUTER_BOUND ( 'NONE', #4163, .T. ) ;
#3155 = ORIENTED_EDGE ( 'NONE', *, *, #2497, .F. ) ;
#3156 = CARTESIAN_POINT ( 'NONE',  ( -1.500000000000000000, -114.1007621135331362, -33.43889075917171283 ) ) ;
#3157 = ADVANCED_FACE ( 'NONE', ( #1676 ), #2675, .T. ) ;
#3158 = SURFACE_STYLE_FILL_AREA ( #1083 ) ;
#3159 = ORIENTED_EDGE ( 'NONE', *, *, #426, .T. ) ;
#3160 = DIRECTION ( 'NONE',  ( 0.3826834323650876168, 0.000000000000000000, 0.9238795325112876267 ) ) ;
#3161 = ORIENTED_EDGE ( 'NONE', *, *, #3307, .F. ) ;
#3162 = EDGE_CURVE ( 'NONE', #3479, #2843, #974, .T. ) ;
#3163 = CIRCLE ( 'NONE', #799, 25.00000000000000000 ) ;
#3164 = DIRECTION ( 'NONE',  ( -0.8898577252134316495, 0.2688750668918973852, -0.3685911383658788121 ) ) ;
#3165 = DIRECTION ( 'NONE',  ( -0.000000000000000000, -1.000000000000000000, -0.000000000000000000 ) ) ;
#3166 = CARTESIAN_POINT ( 'NONE',  ( 1.443375672974063884, -2.500000000000000000, -5.500000000000001776 ) ) ;
#3167 = VECTOR ( 'NONE', #315, 1000.000000000000000 ) ;
#3168 = ADVANCED_FACE ( 'NONE', ( #1721 ), #3700, .F. ) ;
#3169 = FACE_OUTER_BOUND ( 'NONE', #1986, .T. ) ;
#3170 = AXIS2_PLACEMENT_3D ( 'NONE', #2689, #241, #4002 ) ;
#3171 = AXIS2_PLACEMENT_3D ( 'NONE', #2350, #47, #3803 ) ;
#3172 = ADVANCED_FACE ( 'NONE', ( #2719 ), #1056, .F. ) ;
#3173 = CARTESIAN_POINT ( 'NONE',  ( 1.299038105676657118, 2.500000000000000000, 0.7499999999999992228 ) ) ;
#3174 = ORIENTED_EDGE ( 'NONE', *, *, #214, .T. ) ;
#3175 = VERTEX_POINT ( 'NONE', #2082 ) ;
#3176 = CARTESIAN_POINT ( 'NONE',  ( 0.000000000000000000, -33.31662918123620187, 0.000000000000000000 ) ) ;
#3177 = CARTESIAN_POINT ( 'NONE',  ( 0.000000000000000000, 0.000000000000000000, 0.000000000000000000 ) ) ;
#3178 = VECTOR ( 'NONE', #2803, 1000.000000000000000 ) ;
#3179 = ORIENTED_EDGE ( 'NONE', *, *, #1466, .T. ) ;
#3180 = PRESENTATION_LAYER_ASSIGNMENT (  '', '', ( #678 ) ) ;
#3181 = VECTOR ( 'NONE', #44, 1000.000000000000000 ) ;
#3182 = AXIS2_PLACEMENT_3D ( 'NONE', #1025, #4419, #4361 ) ;
#3183 = ORIENTED_EDGE ( 'NONE', *, *, #4372, .T. ) ;
#3184 = FILL_AREA_STYLE_COLOUR ( '', #2349 ) ;
#3185 = AXIS2_PLACEMENT_3D ( 'NONE', #833, #2895, #3223 ) ;
#3186 = CYLINDRICAL_SURFACE ( 'NONE', #2453, 5.588000000000002743 ) ;
#3187 = EDGE_CURVE ( 'NONE', #3638, #616, #1334, .T. ) ;
#3188 = VERTEX_POINT ( 'NONE', #4079 ) ;
#3189 = DIRECTION ( 'NONE',  ( 0.000000000000000000, 0.000000000000000000, 1.000000000000000000 ) ) ;
#3190 = CARTESIAN_POINT ( 'NONE',  ( 7.781617882923460350, -9.442407932967681106, -33.38863512561714941 ) ) ;
#3191 = LINE ( 'NONE', #3778, #3050 ) ;
#3192 = EDGE_CURVE ( 'NONE', #1960, #1386, #378, .T. ) ;
#3193 = CARTESIAN_POINT ( 'NONE',  ( -6.938893903907229955E-15, 35.11819835925530242, -1.387778780781445991E-14 ) ) ;
#3194 = FACE_OUTER_BOUND ( 'NONE', #2391, .T. ) ;
#3195 = ORIENTED_EDGE ( 'NONE', *, *, #3969, .F. ) ;
#3196 = VERTEX_POINT ( 'NONE', #2062 ) ;
#3197 = DIRECTION ( 'NONE',  ( 0.1781293538267804955, -0.2688750668918974962, -0.9465601574697359855 ) ) ;
#3198 = DIRECTION ( 'NONE',  ( -0.8898577252134343141, 0.2688750668918975517, 0.3685911383658725393 ) ) ;
#3199 = ORIENTED_EDGE ( 'NONE', *, *, #2788, .T. ) ;
#3200 = LINE ( 'NONE', #3535, #461 ) ;
#3201 = EDGE_LOOP ( 'NONE', ( #2236, #4044, #1760, #4344 ) ) ;
#3202 = DIRECTION ( 'NONE',  ( 1.000000000000000000, 0.000000000000000000, -0.000000000000000000 ) ) ;
#3203 = AXIS2_PLACEMENT_3D ( 'NONE', #3130, #416, #2057 ) ;
#3204 = ORIENTED_EDGE ( 'NONE', *, *, #1266, .T. ) ;
#3205 = ORIENTED_EDGE ( 'NONE', *, *, #2802, .T. ) ;
#3206 = DIRECTION ( 'NONE',  ( 0.3582910161908110513, -0.7555613467006971895, -0.5484109764481240878 ) ) ;
#3207 = LINE ( 'NONE', #142, #3816 ) ;
#3208 = ORIENTED_EDGE ( 'NONE', *, *, #3551, .F. ) ;
#3209 = CARTESIAN_POINT ( 'NONE',  ( 32.64156424301889814, -37.64850614575340160, 0.000000000000000000 ) ) ;
#3210 = EDGE_CURVE ( 'NONE', #1261, #1075, #3425, .T. ) ;
#3211 = DIRECTION ( 'NONE',  ( -1.000000000000000000, -0.000000000000000000, -0.000000000000000000 ) ) ;
#3212 = CARTESIAN_POINT ( 'NONE',  ( 0.000000000000000000, 2.500000000000000000, 0.000000000000000000 ) ) ;
#3213 = ORIENTED_EDGE ( 'NONE', *, *, #1875, .T. ) ;
#3214 = EDGE_CURVE ( 'NONE', #2228, #325, #1897, .T. ) ;
#3215 = CARTESIAN_POINT ( 'NONE',  ( 24.77624835123825164, 9.442407932967689987, -23.69582347303409975 ) ) ;
#3216 = PLANE ( 'NONE',  #162 ) ;
#3217 = VERTEX_POINT ( 'NONE', #1652 ) ;
#3218 =( LENGTH_UNIT ( ) NAMED_UNIT ( * ) SI_UNIT ( .MILLI., .METRE. ) );
#3219 = EDGE_CURVE ( 'NONE', #418, #4017, #2039, .T. ) ;
#3220 = DIRECTION ( 'NONE',  ( 0.3685911383658630469, 0.2688750668918975517, 0.8898577252134383109 ) ) ;
#3221 = EDGE_CURVE ( 'NONE', #2663, #2036, #2739, .T. ) ;
#3222 = ORIENTED_EDGE ( 'NONE', *, *, #2732, .T. ) ;
#3223 = DIRECTION ( 'NONE',  ( 0.3826834323651005509, 0.000000000000000000, -0.9238795325112822976 ) ) ;
#3224 = CARTESIAN_POINT ( 'NONE',  ( 1.500000000000000000, 10.00000000000000000, -10.00000000000000000 ) ) ;
#3225 = EDGE_LOOP ( 'NONE', ( #1156, #632, #3650, #606, #2789, #2362 ) ) ;
#3226 = ORIENTED_EDGE ( 'NONE', *, *, #4156, .F. ) ;
#3227 = DIRECTION ( 'NONE',  ( 0.5433626321285699445, -0.2688750668918974407, 0.7952755801671456126 ) ) ;
#3228 = DIRECTION ( 'NONE',  ( 0.000000000000000000, 1.000000000000000000, -0.000000000000000000 ) ) ;
#3229 = ORIENTED_EDGE ( 'NONE', *, *, #1061, .T. ) ;
#3230 = FACE_BOUND ( 'NONE', #2312, .T. ) ;
#3231 = VECTOR ( 'NONE', #2029, 999.9999999999998863 ) ;
#3232 = DIRECTION ( 'NONE',  ( 0.000000000000000000, 0.000000000000000000, -1.000000000000000000 ) ) ;
#3233 = CYLINDRICAL_SURFACE ( 'NONE', #4106, 22.00000000000000355 ) ;
#3234 = CIRCLE ( 'NONE', #1663, 5.587999999999998302 ) ;
#3235 = ORIENTED_EDGE ( 'NONE', *, *, #865, .T. ) ;
#3236 = DIRECTION ( 'NONE',  ( 0.8256812413987200117, 0.000000000000000000, -0.5641369404694827061 ) ) ;
#3237 = DIRECTION ( 'NONE',  ( 0.000000000000000000, -0.000000000000000000, 1.000000000000000000 ) ) ;
#3238 = FILL_AREA_STYLE_COLOUR ( '', #2159 ) ;
#3239 = CARTESIAN_POINT ( 'NONE',  ( 24.83246258180239963, 14.57110604024935974, 46.25064706774209355 ) ) ;
#3240 = ORIENTED_EDGE ( 'NONE', *, *, #3911, .F. ) ;
#3241 = DIRECTION ( 'NONE',  ( -0.9827498610153641012, 0.000000000000000000, -0.1849397487677608698 ) ) ;
#3242 = AXIS2_PLACEMENT_3D ( 'NONE', #4116, #2375, #3730 ) ;
#3243 = EDGE_CURVE ( 'NONE', #2650, #3671, #3028, .T. ) ;
#3244 = MECHANICAL_DESIGN_GEOMETRIC_PRESENTATION_REPRESENTATION (  '', ( #678 ), #3970 ) ;
#3245 = DIRECTION ( 'NONE',  ( -6.861576760462201842E-15, 0.7555613467006971895, 0.6550778971785180538 ) ) ;
#3246 = ADVANCED_FACE ( 'NONE', ( #2365 ), #2406, .F. ) ;
#3247 = AXIS2_PLACEMENT_3D ( 'NONE', #1388, #1701, #1352 ) ;
#3248 = CIRCLE ( 'NONE', #3182, 5.588000000000000078 ) ;
#3249 = DIRECTION ( 'NONE',  ( 1.000000000000000000, -0.000000000000000000, 0.000000000000000000 ) ) ;
#3250 = ORIENTED_EDGE ( 'NONE', *, *, #2497, .T. ) ;
#3251 = ORIENTED_EDGE ( 'NONE', *, *, #4340, .F. ) ;
#3252 = FACE_OUTER_BOUND ( 'NONE', #212, .T. ) ;
#3253 = AXIS2_PLACEMENT_3D ( 'NONE', #1065, #1085, #1401 ) ;
#3254 = ORIENTED_EDGE ( 'NONE', *, *, #4321, .F. ) ;
#3255 = CARTESIAN_POINT ( 'NONE',  ( 9.675363928147326931, -2.500000000000000000, -19.75822190527036426 ) ) ;
#3256 = VECTOR ( 'NONE', #3407, 1000.000000000000114 ) ;
#3257 = FACE_OUTER_BOUND ( 'NONE', #880, .T. ) ;
#3258 = DIRECTION ( 'NONE',  ( 0.000000000000000000, 0.6550778971785183868, 0.7555613467006968564 ) ) ;
#3259 = ORIENTED_EDGE ( 'NONE', *, *, #4255, .F. ) ;
#3260 = LINE ( 'NONE', #920, #1964 ) ;
#3261 = DIRECTION ( 'NONE',  ( -0.000000000000000000, -1.000000000000000000, -0.000000000000000000 ) ) ;
#3262 = SURFACE_SIDE_STYLE ('',( #203 ) ) ;
#3263 = ITEM_DEFINED_TRANSFORMATION ( 'NONE', 'NONE', #731,  #508 ) ;
#3264 = VERTEX_POINT ( 'NONE', #1413 ) ;
#3265 = CARTESIAN_POINT ( 'NONE',  ( 5.484827557301446888, 2.500000000000000000, 1.499999999999996891 ) ) ;
#3266 = ORIENTED_EDGE ( 'NONE', *, *, #2660, .F. ) ;
#3267 = CARTESIAN_POINT ( 'NONE',  ( -1.299038105676659560, 2.500000000000000000, -0.7500000000000009992 ) ) ;
#3268 = EDGE_CURVE ( 'NONE', #2087, #4083, #3134, .T. ) ;
#3269 = CARTESIAN_POINT ( 'NONE',  ( 4.763139720814412392, 2.500000000000000000, -2.750000000000000444 ) ) ;
#3270 = EDGE_CURVE ( 'NONE', #1433, #1888, #3044, .T. ) ;
#3271 = DIRECTION ( 'NONE',  ( 0.5469441386039889386, 0.000000000000000000, -0.8371691043312219360 ) ) ;
#3272 = ORIENTED_EDGE ( 'NONE', *, *, #125, .F. ) ;
#3273 = ORIENTED_EDGE ( 'NONE', *, *, #1910, .F. ) ;
#3274 = CARTESIAN_POINT ( 'NONE',  ( -4.678100955002880035, 33.31662918123620187, -3.056323846519099607 ) ) ;
#3275 = ORIENTED_EDGE ( 'NONE', *, *, #2823, .T. ) ;
#3276 = CARTESIAN_POINT ( 'NONE',  ( 51.29679217713410111, 14.57110604024939882, 9.653337267358519824 ) ) ;
#3277 = APPLICATION_CONTEXT ( 'automotive_design' ) ;
#3278 = DIRECTION ( 'NONE',  ( -0.7952755801671477220, -0.2688750668918974407, 0.5433626321285669469 ) ) ;
#3279 = CARTESIAN_POINT ( 'NONE',  ( 9.653337267358701013, 14.57110604024939882, -51.29679217713410111 ) ) ;
#3280 = VERTEX_POINT ( 'NONE', #2844 ) ;
#3281 = CARTESIAN_POINT ( 'NONE',  ( 1.500000000000000000, -91.11999999999997613, -17.26476147320159882 ) ) ;
#3282 = ADVANCED_FACE ( 'NONE', ( #1477 ), #420, .F. ) ;
#3283 = CARTESIAN_POINT ( 'NONE',  ( -1.443375672974065660, 2.500000000000000000, 5.500000000000000000 ) ) ;
#3284 = VERTEX_POINT ( 'NONE', #402 ) ;
#3285 = CARTESIAN_POINT ( 'NONE',  ( 1.500000000000000000, -91.11999999999997613, -67.26476147320160237 ) ) ;
#3286 = ORIENTED_EDGE ( 'NONE', *, *, #1713, .T. ) ;
#3287 = DIRECTION ( 'NONE',  ( 0.000000000000000000, 0.000000000000000000, -1.000000000000000000 ) ) ;
#3288 = PRODUCT_DEFINITION_SHAPE ( 'NONE', 'NONE',  #1707 ) ;
#3289 = CARTESIAN_POINT ( 'NONE',  ( 0.000000000000000000, 0.000000000000000000, 0.000000000000000000 ) ) ;
#3290 =( LENGTH_UNIT ( ) NAMED_UNIT ( * ) SI_UNIT ( .MILLI., .METRE. ) );
#3291 = DIRECTION ( 'NONE',  ( 0.5469441386039890496, 0.000000000000000000, -0.8371691043312220470 ) ) ;
#3292 = ADVANCED_FACE ( 'NONE', ( #2861 ), #1779, .F. ) ;
#3293 = EDGE_LOOP ( 'NONE', ( #797, #3159 ) ) ;
#3294 = ORIENTED_EDGE ( 'NONE', *, *, #499, .F. ) ;
#3295 = EDGE_LOOP ( 'NONE', ( #1263, #670, #1461, #1157 ) ) ;
#3296 = FACE_BOUND ( 'NONE', #1420, .T. ) ;
#3297 = DIRECTION ( 'NONE',  ( 0.000000000000000000, -1.000000000000000000, 0.000000000000000000 ) ) ;
#3298 = ADVANCED_FACE ( 'NONE', ( #3154 ), #2799, .F. ) ;
#3299 = DIRECTION ( 'NONE',  ( 0.9238795325112867385, 0.000000000000000000, 0.3826834323650900593 ) ) ;
#3300 = ORIENTED_EDGE ( 'NONE', *, *, #3869, .F. ) ;
#3301 = CARTESIAN_POINT ( 'NONE',  ( -1.139674124251499882E-13, -37.64850614575345134, 32.64156424301894788 ) ) ;
#3302 = FACE_BOUND ( 'NONE', #2608, .T. ) ;
#3303 = STYLED_ITEM ( 'NONE', ( #2582 ), #3707 ) ;
#3304 = ADVANCED_FACE ( 'NONE', ( #2103 ), #82, .F. ) ;
#3305 = AXIS2_PLACEMENT_3D ( 'NONE', #1838, #3206, #4234 ) ;
#3306 = ITEM_DEFINED_TRANSFORMATION ( 'NONE', 'NONE', #3029,  #508 ) ;
#3307 = EDGE_CURVE ( 'NONE', #2921, #4416, #1123, .T. ) ;
#3308 = MECHANICAL_DESIGN_GEOMETRIC_PRESENTATION_REPRESENTATION (  '', ( #373 ), #3952 ) ;
#3309 = CIRCLE ( 'NONE', #3382, 5.588000000000002743 ) ;
#3310 = ORIENTED_EDGE ( 'NONE', *, *, #4145, .T. ) ;
#3311 = DIRECTION ( 'NONE',  ( 1.000000000000000000, -0.000000000000000000, 0.000000000000000000 ) ) ;
#3312 = VERTEX_POINT ( 'NONE', #4143 ) ;
#3313 = LINE ( 'NONE', #4011, #1040 ) ;
#3314 = VECTOR ( 'NONE', #2817, 1000.000000000000000 ) ;
#3315 = AXIS2_PLACEMENT_3D ( 'NONE', #2231, #4217, #3258 ) ;
#3316 = CIRCLE ( 'NONE', #1390, 25.00000000000000000 ) ;
#3317 = CARTESIAN_POINT ( 'NONE',  ( -1.443375672974076984, 47.50000000000000000, -2.499999999999994671 ) ) ;
#3318 = PRODUCT_DEFINITION_CONTEXT ( 'detailed design', #1161, 'design' ) ;
#3319 = AXIS2_PLACEMENT_3D ( 'NONE', #2010, #987, #1730 ) ;
#3320 = CARTESIAN_POINT ( 'NONE',  ( 4.161731044004844726, 14.57110604024939882, -52.33023549324829560 ) ) ;
#3321 = ORIENTED_EDGE ( 'NONE', *, *, #4370, .F. ) ;
#3322 = VERTEX_POINT ( 'NONE', #1762 ) ;
#3323 = CIRCLE ( 'NONE', #4045, 29.99999999999999645 ) ;
#3324 = ORIENTED_EDGE ( 'NONE', *, *, #1160, .F. ) ;
#3325 = CARTESIAN_POINT ( 'NONE',  ( 25.13764292422120050, -14.57110604024935974, 46.08549077828940455 ) ) ;
#3326 = AXIS2_PLACEMENT_3D ( 'NONE', #691, #1325, #968 ) ;
#3327 = EDGE_CURVE ( 'NONE', #4266, #4123, #4115, .T. ) ;
#3328 = FACE_OUTER_BOUND ( 'NONE', #3513, .T. ) ;
#3329 = VECTOR ( 'NONE', #518, 1000.000000000000000 ) ;
#3330 = CARTESIAN_POINT ( 'NONE',  ( 30.00000000000000000, 47.50000000000000000, 0.000000000000000000 ) ) ;
#3331 = ORIENTED_EDGE ( 'NONE', *, *, #1929, .F. ) ;
#3332 = CARTESIAN_POINT ( 'NONE',  ( -29.11176508550505204, -9.442407932967681106, 18.10689553826929910 ) ) ;
#3333 = CARTESIAN_POINT ( 'NONE',  ( -11.93704892539756024, 25.17275721170254954, 18.27120514124179707 ) ) ;
#3334 =( LENGTH_UNIT ( ) NAMED_UNIT ( * ) SI_UNIT ( .MILLI., .METRE. ) );
#3335 = EDGE_CURVE ( 'NONE', #1275, #2218, #1453, .T. ) ;
#3336 = PRODUCT_CONTEXT ( 'NONE', #2603, 'mechanical' ) ;
#3337 = AXIS2_PLACEMENT_3D ( 'NONE', #188, #1548, #4260 ) ;
#3338 = VERTEX_POINT ( 'NONE', #2447 ) ;
#3339 = DIRECTION ( 'NONE',  ( -1.000000000000000000, 0.000000000000000000, -1.224646799147351975E-16 ) ) ;
#3340 = ORIENTED_EDGE ( 'NONE', *, *, #1869, .F. ) ;
#3341 = CARTESIAN_POINT ( 'NONE',  ( 28.41948743765539831, -41.30908143518695397, 0.000000000000000000 ) ) ;
#3342 = AXIS2_PLACEMENT_3D ( 'NONE', #842, #1205, #3912 ) ;
#3343 = CARTESIAN_POINT ( 'NONE',  ( -5.729210616096397690E-16, 2.500000000000000000, -1.500000000000002665 ) ) ;
#3344 = FACE_OUTER_BOUND ( 'NONE', #2127, .T. ) ;
#3345 = ORIENTED_EDGE ( 'NONE', *, *, #3460, .F. ) ;
#3346 = ORIENTED_EDGE ( 'NONE', *, *, #3993, .F. ) ;
#3347 = VERTEX_POINT ( 'NONE', #798 ) ;
#3348 = CARTESIAN_POINT ( 'NONE',  ( 1.443375672974059665, 47.50000000000000000, -2.500000000000004885 ) ) ;
#3349 = FACE_OUTER_BOUND ( 'NONE', #836, .T. ) ;
#3350 = CARTESIAN_POINT ( 'NONE',  ( -6.938893903907229955E-15, 0.000000000000000000, -1.387778780781445991E-14 ) ) ;
#3351 = ORIENTED_EDGE ( 'NONE', *, *, #2383, .F. ) ;
#3352 = DIRECTION ( 'NONE',  ( -1.000000000000000000, -0.000000000000000000, -0.000000000000000000 ) ) ;
#3353 = EDGE_CURVE ( 'NONE', #3175, #1696, #1099, .T. ) ;
#3354 = FACE_OUTER_BOUND ( 'NONE', #114, .T. ) ;
#3355 = CONTEXT_DEPENDENT_SHAPE_REPRESENTATION ( #4367, #2267 ) ;
#3356 = EDGE_CURVE ( 'NONE', #3636, #3638, #1492, .T. ) ;
#3357 = ORIENTED_EDGE ( 'NONE', *, *, #499, .T. ) ;
#3358 = CARTESIAN_POINT ( 'NONE',  ( -18.10689553826919962, -9.442407932967689987, -29.11176508550515152 ) ) ;
#3359 = EDGE_LOOP ( 'NONE', ( #405, #139, #2834, #3713 ) ) ;
#3360 = DIRECTION ( 'NONE',  ( -0.9465601574697367626, -0.2688750668918974407, -0.1781293538267769705 ) ) ;
#3361 = FACE_OUTER_BOUND ( 'NONE', #1840, .T. ) ;
#3362 = EDGE_CURVE ( 'NONE', #4288, #4203, #4220, .T. ) ;
#3363 = CARTESIAN_POINT ( 'NONE',  ( 7.781617882923230312, -9.442407932967689987, 33.38863512561720626 ) ) ;
#3364 =( REPRESENTATION_RELATIONSHIP ('NONE','NONE', #2722, #1653 ) REPRESENTATION_RELATIONSHIP_WITH_TRANSFORMATION ( #293 )SHAPE_REPRESENTATION_RELATIONSHIP( ) );
#3365 = EDGE_CURVE ( 'NONE', #1478, #2087, #2492, .T. ) ;
#3366 = ORIENTED_EDGE ( 'NONE', *, *, #1237, .T. ) ;
#3367 = ORIENTED_EDGE ( 'NONE', *, *, #3466, .T. ) ;
#3368 = DIRECTION ( 'NONE',  ( 0.000000000000000000, 1.000000000000000000, 0.000000000000000000 ) ) ;
#3369 = CARTESIAN_POINT ( 'NONE',  ( -1.443375672974042567, -2.500000000000000000, 2.500000000000015987 ) ) ;
#3370 = CARTESIAN_POINT ( 'NONE',  ( 0.000000000000000000, -47.50000000000000000, 0.000000000000000000 ) ) ;
#3371 = FACE_OUTER_BOUND ( 'NONE', #2345, .T. ) ;
#3372 = CARTESIAN_POINT ( 'NONE',  ( 2.409662137311675325E-13, -26.53395324602110250, -23.00515553387904788 ) ) ;
#3373 = FILL_AREA_STYLE_COLOUR ( '', #1444 ) ;
#3374 = EDGE_LOOP ( 'NONE', ( #3556, #4414, #493, #2625, #4219, #3300 ) ) ;
#3375 = DIRECTION ( 'NONE',  ( 0.4132498499336824671, -0.6550778971785177207, -0.6325326158847149882 ) ) ;
#3376 = ORIENTED_EDGE ( 'NONE', *, *, #240, .T. ) ;
#3377 = CARTESIAN_POINT ( 'NONE',  ( 0.000000000000000000, 2.500000000000000000, 0.000000000000000000 ) ) ;
#3378 = AXIS2_PLACEMENT_3D ( 'NONE', #4165, #3554, #3868 ) ;
#3379 = AXIS2_PLACEMENT_3D ( 'NONE', #1378, #3416, #2750 ) ;
#3380 = DIRECTION ( 'NONE',  ( -0.8898577252134316495, 0.2688750668918973852, -0.3685911383658788121 ) ) ;
#3381 = EDGE_CURVE ( 'NONE', #3846, #3813, #4328, .T. ) ;
#3382 = AXIS2_PLACEMENT_3D ( 'NONE', #296, #694, #1650 ) ;
#3383 = ADVANCED_FACE ( 'NONE', ( #3865 ), #2167, .F. ) ;
#3384 = CARTESIAN_POINT ( 'NONE',  ( 14.89177513835759825, 22.87337795658755013, -22.79379771086179929 ) ) ;
#3385 = VECTOR ( 'NONE', #2841, 1000.000000000000227 ) ;
#3386 = CIRCLE ( 'NONE', #2032, 5.587999999999998302 ) ;
#3387 = EDGE_CURVE ( 'NONE', #3284, #2663, #1688, .T. ) ;
#3388 = ORIENTED_EDGE ( 'NONE', *, *, #1547, .T. ) ;
#3389 = VERTEX_POINT ( 'NONE', #4247 ) ;
#3390 = CARTESIAN_POINT ( 'NONE',  ( 19.08191669609794872, 9.442407932967681106, 27.92864557458180030 ) ) ;
#3391 = CIRCLE ( 'NONE', #975, 5.588000000000000966 ) ;
#3392 = ORIENTED_EDGE ( 'NONE', *, *, #2741, .F. ) ;
#3393 = CIRCLE ( 'NONE', #526, 5.588000000000002743 ) ;
#3394 = DIRECTION ( 'NONE',  ( 0.8898577252134290960, 0.2688750668918974962, 0.3685911383658849738 ) ) ;
#3395 = AXIS2_PLACEMENT_3D ( 'NONE', #3176, #4204, #2508 ) ;
#3396 = DIRECTION ( 'NONE',  ( -0.7952755801671477220, -0.2688750668918974407, 0.5433626321285669469 ) ) ;
#3397 = LINE ( 'NONE', #335, #1265 ) ;
#3398 = AXIS2_PLACEMENT_3D ( 'NONE', #4262, #1909, #1593 ) ;
#3399 = AXIS2_PLACEMENT_3D ( 'NONE', #3817, #4197, #1774 ) ;
#3400 = FACE_BOUND ( 'NONE', #2300, .T. ) ;
#3401 = ORIENTED_EDGE ( 'NONE', *, *, #3565, .T. ) ;
#3402 = CYLINDRICAL_SURFACE ( 'NONE', #4167, 5.587999999999998302 ) ;
#3403 = ORIENTED_EDGE ( 'NONE', *, *, #476, .T. ) ;
#3404 = ORIENTED_EDGE ( 'NONE', *, *, #869, .T. ) ;
#3405 = DIRECTION ( 'NONE',  ( -0.4999999999999998890, 0.000000000000000000, 0.8660254037844385966 ) ) ;
#3406 =( GEOMETRIC_REPRESENTATION_CONTEXT ( 3 ) GLOBAL_UNCERTAINTY_ASSIGNED_CONTEXT ( ( #953 ) ) GLOBAL_UNIT_ASSIGNED_CONTEXT ( ( #1216, #2177, #2223 ) ) REPRESENTATION_CONTEXT ( 'NONE', 'WORKASPACE' ) );
#3407 = DIRECTION ( 'NONE',  ( 0.8898577252134290960, 0.2688750668918974962, 0.3685911383658849738 ) ) ;
#3408 = DIRECTION ( 'NONE',  ( 0.000000000000000000, 0.6550778971785180538, 0.7555613467006970785 ) ) ;
#3409 = ADVANCED_FACE ( 'NONE', ( #3623 ), #4273, .F. ) ;
#3410 = FACE_OUTER_BOUND ( 'NONE', #3716, .T. ) ;
#3411 = EDGE_CURVE ( 'NONE', #2942, #1889, #525, .T. ) ;
#3412 = ADVANCED_FACE ( 'NONE', ( #1282 ), #2234, .F. ) ;
#3413 = ORIENTED_EDGE ( 'NONE', *, *, #3353, .T. ) ;
#3414 = CARTESIAN_POINT ( 'NONE',  ( 23.79191684373440197, 41.30908143518695397, 15.54387207615530109 ) ) ;
#3415 = EDGE_LOOP ( 'NONE', ( #3559, #284, #807, #3229 ) ) ;
#3416 = DIRECTION ( 'NONE',  ( 0.000000000000000000, 1.000000000000000000, 0.000000000000000000 ) ) ;
#3417 = PLANE ( 'NONE',  #2333 ) ;
#3418 = CARTESIAN_POINT ( 'NONE',  ( 0.000000000000000000, -2.500000000000000000, 0.000000000000000000 ) ) ;
#3419 = FACE_BOUND ( 'NONE', #2060, .T. ) ;
#3420 = ORIENTED_EDGE ( 'NONE', *, *, #1447, .F. ) ;
#3421 = EDGE_CURVE ( 'NONE', #1365, #4035, #3593, .T. ) ;
#3422 = DIRECTION ( 'NONE',  ( -0.000000000000000000, -1.000000000000000000, -0.000000000000000000 ) ) ;
#3423 = VERTEX_POINT ( 'NONE', #1944 ) ;
#3424 = ORIENTED_EDGE ( 'NONE', *, *, #3046, .F. ) ;
#3425 = LINE ( 'NONE', #317, #3826 ) ;
#3426 = LINE ( 'NONE', #358, #1238 ) ;
#3427 = DIRECTION ( 'NONE',  ( 0.1849397487677571505, 0.000000000000000000, -0.9827498610153648784 ) ) ;
#3428 = DIRECTION ( 'NONE',  ( 0.000000000000000000, -0.6550778971785180538, 0.7555613467006970785 ) ) ;
#3429 = ORIENTED_EDGE ( 'NONE', *, *, #4014, .T. ) ;
#3430 = DIRECTION ( 'NONE',  ( -0.5000000000000001110, 0.000000000000000000, -0.8660254037844385966 ) ) ;
#3431 = ORIENTED_EDGE ( 'NONE', *, *, #3969, .T. ) ;
#3432 = AXIS2_PLACEMENT_3D ( 'NONE', #2388, #2004, #679 ) ;
#3433 = DIRECTION ( 'NONE',  ( 0.5000000000000001110, 0.000000000000000000, 0.8660254037844387076 ) ) ;
#3434 = CARTESIAN_POINT ( 'NONE',  ( 15.54387207615525135, 41.30908143518705344, -23.79191684373449789 ) ) ;
#3435 = FACE_OUTER_BOUND ( 'NONE', #3053, .T. ) ;
#3436 = ADVANCED_FACE ( 'NONE', ( #2579 ), #2215, .F. ) ;
#3437 = ADVANCED_FACE ( 'NONE', ( #202 ), #4341, .F. ) ;
#3438 = DIRECTION ( 'NONE',  ( -0.8898577252134340920, 0.2688750668918974962, 0.3685911383658729834 ) ) ;
#3439 = VERTEX_POINT ( 'NONE', #1230 ) ;
#3440 = EDGE_CURVE ( 'NONE', #3280, #2584, #3937, .T. ) ;
#3441 = DIRECTION ( 'NONE',  ( -0.6325326158847146552, 0.6550778971785181648, -0.4132498499336820785 ) ) ;
#3442 = VERTEX_POINT ( 'NONE', #4290 ) ;
#3443 = ORIENTED_EDGE ( 'NONE', *, *, #96, .F. ) ;
#3444 = DIRECTION ( 'NONE',  ( -0.7555613467006970785, 0.6550778971785180538, 0.000000000000000000 ) ) ;
#3445 = CARTESIAN_POINT ( 'NONE',  ( -1.299038105676663779, 2.500000000000000000, -0.7500000000000029976 ) ) ;
#3446 = DIRECTION ( 'NONE',  ( 0.5469441386039889386, 0.000000000000000000, -0.8371691043312219360 ) ) ;
#3447 = AXIS2_PLACEMENT_3D ( 'NONE', #2645, #2729, #268 ) ;
#3448 = DIRECTION ( 'NONE',  ( 0.8898577252134366455, 0.2688750668918973852, -0.3685911383658668217 ) ) ;
#3449 = AXIS2_PLACEMENT_3D ( 'NONE', #3698, #4408, #2314 ) ;
#3450 = DIRECTION ( 'NONE',  ( -0.7555613467006961903, -0.6550778971785189420, 0.000000000000000000 ) ) ;
#3451 = ORIENTED_EDGE ( 'NONE', *, *, #1584, .F. ) ;
#3452 = CARTESIAN_POINT ( 'NONE',  ( 31.25020010556105277, -9.442407932967681106, -12.94425671059642013 ) ) ;
#3453 = AXIS2_PLACEMENT_3D ( 'NONE', #3843, #3933, #2856 ) ;
#3454 = VECTOR ( 'NONE', #2385, 1000.000000000000000 ) ;
#3455 = VERTEX_POINT ( 'NONE', #3283 ) ;
#3456 = CARTESIAN_POINT ( 'NONE',  ( -4.678100955002889805, 35.11819835925524558, -3.056323846519104936 ) ) ;
#3457 = CARTESIAN_POINT ( 'NONE',  ( 17.44285310409864920, -8.958010899717418596, -27.50862483493819965 ) ) ;
#3458 = AXIS2_PLACEMENT_3D ( 'NONE', #245, #4339, #2647 ) ;
#3459 = DIRECTION ( 'NONE',  ( 0.3685911383658634910, 0.2688750668918974962, 0.8898577252134380888 ) ) ;
#3460 = EDGE_CURVE ( 'NONE', #1359, #2315, #4006, .T. ) ;
#3461 = DIRECTION ( 'NONE',  ( 0.000000000000000000, 0.000000000000000000, 1.000000000000000000 ) ) ;
#3462 = AXIS2_PLACEMENT_3D ( 'NONE', #414, #1820, #1152 ) ;
#3463 = AXIS2_PLACEMENT_3D ( 'NONE', #4089, #4382, #3693 ) ;
#3464 = CARTESIAN_POINT ( 'NONE',  ( 27.32650910129819977, 37.64850614575340160, 17.85311223758469978 ) ) ;
#3465 = ORIENTED_EDGE ( 'NONE', *, *, #2657, .T. ) ;
#3466 = EDGE_CURVE ( 'NONE', #1244, #629, #4315, .T. ) ;
#3467 = VERTEX_POINT ( 'NONE', #1561 ) ;
#3468 = CARTESIAN_POINT ( 'NONE',  ( 2.886751345948130876, 47.50000000000000000, 0.000000000000000000 ) ) ;
#3469 = VECTOR ( 'NONE', #3405, 1000.000000000000227 ) ;
#3470 = LINE ( 'NONE', #441, #4377 ) ;
#3471 = AXIS2_PLACEMENT_3D ( 'NONE', #2421, #100, #2837 ) ;
#3472 = ORIENTED_EDGE ( 'NONE', *, *, #2926, .F. ) ;
#3473 = CARTESIAN_POINT ( 'NONE',  ( -7.117575448752529788, -8.958010899717429254, 31.78549487505045335 ) ) ;
#3474 = CIRCLE ( 'NONE', #189, 35.56000000000000227 ) ;
#3475 =( LENGTH_UNIT ( ) NAMED_UNIT ( * ) SI_UNIT ( .MILLI., .METRE. ) );
#3476 = EDGE_CURVE ( 'NONE', #4282, #423, #1464, .T. ) ;
#3477 = VERTEX_POINT ( 'NONE', #1581 ) ;
#3478 = FACE_OUTER_BOUND ( 'NONE', #1579, .T. ) ;
#3479 = VERTEX_POINT ( 'NONE', #3215 ) ;
#3480 = CARTESIAN_POINT ( 'NONE',  ( -30.50275044803765212, 8.958010899717418596, -11.42627585109359956 ) ) ;
#3481 = DIRECTION ( 'NONE',  ( 0.000000000000000000, -1.000000000000000000, 0.000000000000000000 ) ) ;
#3482 = DIRECTION ( 'NONE',  ( 0.3826834323651005509, 0.000000000000000000, -0.9238795325112822976 ) ) ;
#3483 = CYLINDRICAL_SURFACE ( 'NONE', #3926, 5.588000000000000966 ) ;
#3484 = SHAPE_REPRESENTATION ( 'Intake-Wheel', ( #508 ), #3871 ) ;
#3485 = DIRECTION ( 'NONE',  ( -1.000000000000000000, 0.000000000000000000, 3.605555036969171420E-15 ) ) ;
#3486 = ORIENTED_EDGE ( 'NONE', *, *, #279, .F. ) ;
#3487 = ORIENTED_EDGE ( 'NONE', *, *, #4207, .F. ) ;
#3488 = CARTESIAN_POINT ( 'NONE',  ( -1.443375672974042123, 47.50000000000000000, 2.500000000000014655 ) ) ;
#3489 = FILL_AREA_STYLE ('',( #2882 ) ) ;
#3490 = ORIENTED_EDGE ( 'NONE', *, *, #3210, .F. ) ;
#3491 = CARTESIAN_POINT ( 'NONE',  ( -4.041451884327383226, 2.500000000000000000, 3.999999999999996447 ) ) ;
#3492 =( NAMED_UNIT ( * ) PLANE_ANGLE_UNIT ( ) SI_UNIT ( $, .RADIAN. ) );
#3493 = LINE ( 'NONE', #4147, #178 ) ;
#3494 = EDGE_CURVE ( 'NONE', #4218, #3264, #2600, .T. ) ;
#3495 = EDGE_LOOP ( 'NONE', ( #730, #3420, #3590, #473 ) ) ;
#3496 = DIRECTION ( 'NONE',  ( 0.000000000000000000, -1.000000000000000000, 0.000000000000000000 ) ) ;
#3497 = EDGE_CURVE ( 'NONE', #3070, #1304, #892, .T. ) ;
#3498 = CYLINDRICAL_SURFACE ( 'NONE', #9, 5.588000000000003631 ) ;
#3499 = CARTESIAN_POINT ( 'NONE',  ( 0.000000000000000000, -2.500000000000000000, 0.000000000000000000 ) ) ;
#3500 = DIRECTION ( 'NONE',  ( 0.4999999999999997780, 0.000000000000000000, -0.8660254037844387076 ) ) ;
#3501 = PLANE ( 'NONE',  #3471 ) ;
#3502 = CARTESIAN_POINT ( 'NONE',  ( 1.500000000000000000, 0.000000000000000000, 0.000000000000000000 ) ) ;
#3503 = CARTESIAN_POINT ( 'NONE',  ( 3.056323846519079623, 35.11819835925530242, -4.678100955002880035 ) ) ;
#3504 = ORIENTED_EDGE ( 'NONE', *, *, #3829, .F. ) ;
#3505 = VERTEX_POINT ( 'NONE', #2265 ) ;
#3506 = DIRECTION ( 'NONE',  ( -0.000000000000000000, -1.000000000000000000, -0.000000000000000000 ) ) ;
#3507 = CARTESIAN_POINT ( 'NONE',  ( -2.886751345948130432, 47.50000000000000000, 2.015807690851639259E-14 ) ) ;
#3508 = VERTEX_POINT ( 'NONE', #3987 ) ;
#3509 =( NAMED_UNIT ( * ) SI_UNIT ( $, .STERADIAN. ) SOLID_ANGLE_UNIT ( ) );
#3510 = ADVANCED_FACE ( 'NONE', ( #921, #2288, #3645, #572, #3302, #246, #1606, #2309 ), #487, .T. ) ;
#3511 = AXIS2_PLACEMENT_3D ( 'NONE', #475, #857, #1149 ) ;
#3512 = EDGE_CURVE ( 'NONE', #2468, #126, #4250, .T. ) ;
#3513 = EDGE_LOOP ( 'NONE', ( #2151, #1564, #1906 ) ) ;
#3514 = PRESENTATION_STYLE_ASSIGNMENT (( #3079 ) ) ;
#3515 = EDGE_CURVE ( 'NONE', #1798, #889, #2335, .T. ) ;
#3516 = CARTESIAN_POINT ( 'NONE',  ( 29.44636935873845118, 14.57110604024935974, 43.09824984439860174 ) ) ;
#3517 = CIRCLE ( 'NONE', #2318, 35.56000000000000227 ) ;
#3518 = ORIENTED_EDGE ( 'NONE', *, *, #3095, .T. ) ;
#3519 = DIRECTION ( 'NONE',  ( -6.861576760462191587E-15, 0.7555613467006961903, 0.6550778971785190530 ) ) ;
#3520 = CARTESIAN_POINT ( 'NONE',  ( -19.25920545329800149, 26.53395324602110250, -12.58253497692823863 ) ) ;
#3521 = FACE_OUTER_BOUND ( 'NONE', #3691, .T. ) ;
#3522 = AXIS2_PLACEMENT_3D ( 'NONE', #4345, #2676, #1633 ) ;
#3523 = CARTESIAN_POINT ( 'NONE',  ( -2.886751345948131320, -2.500000000000000000, 2.016616040823038247E-14 ) ) ;
#3524 = VECTOR ( 'NONE', #2678, 1000.000000000000000 ) ;
#3525 = CARTESIAN_POINT ( 'NONE',  ( -26.49590160132124694, 8.958010899717429254, 18.10301132556810089 ) ) ;
#3526 = EDGE_LOOP ( 'NONE', ( #1852, #3208 ) ) ;
#3527 = ORIENTED_EDGE ( 'NONE', *, *, #789, .F. ) ;
#3528 = DIRECTION ( 'NONE',  ( -0.8898577252134340920, 0.2688750668918974962, 0.3685911383658729834 ) ) ;
#3529 = VECTOR ( 'NONE', #1647, 1000.000000000000000 ) ;
#3530 = EDGE_LOOP ( 'NONE', ( #3577, #4191 ) ) ;
#3531 =( LENGTH_UNIT ( ) NAMED_UNIT ( * ) SI_UNIT ( .MILLI., .METRE. ) );
#3532 = CIRCLE ( 'NONE', #3326, 5.588000000000000078 ) ;
#3533 = AXIS2_PLACEMENT_3D ( 'NONE', #4214, #775, #1821 ) ;
#3534 = EDGE_CURVE ( 'NONE', #3682, #615, #291, .T. ) ;
#3535 = CARTESIAN_POINT ( 'NONE',  ( -2.165063509461104374, -2.500000000000000000, -1.249999999999987343 ) ) ;
#3536 = VERTEX_POINT ( 'NONE', #1380 ) ;
#3537 = STYLED_ITEM ( 'NONE', ( #4099 ), #4299 ) ;
#3538 = CARTESIAN_POINT ( 'NONE',  ( 1.443375672974061885, -2.500000000000000000, 5.500000000000000000 ) ) ;
#3539 = EDGE_CURVE ( 'NONE', #2924, #455, #599, .T. ) ;
#3540 = ADVANCED_BREP_SHAPE_REPRESENTATION ( '', ( #2840, #508 ), #2524 ) ;
#3541 = ORIENTED_EDGE ( 'NONE', *, *, #2806, .T. ) ;
#3542 = ORIENTED_EDGE ( 'NONE', *, *, #3335, .T. ) ;
#3543 = PLANE ( 'NONE',  #2390 ) ;
#3544 = CARTESIAN_POINT ( 'NONE',  ( -1.299038105676663779, 2.500000000000000000, -0.7500000000000029976 ) ) ;
#3545 = CARTESIAN_POINT ( 'NONE',  ( -23.00515553387904788, -26.53395324602110250, 0.000000000000000000 ) ) ;
#3546 = DIRECTION ( 'NONE',  ( -0.000000000000000000, -1.000000000000000000, -0.000000000000000000 ) ) ;
#3547 = CARTESIAN_POINT ( 'NONE',  ( -12.27344013950064827, -2.500000000000000000, -18.25822190527036071 ) ) ;
#3548 = VERTEX_POINT ( 'NONE', #625 ) ;
#3549 = DIRECTION ( 'NONE',  ( -0.7952755801671480551, -0.2688750668918975517, 0.5433626321285661698 ) ) ;
#3550 =( NAMED_UNIT ( * ) SI_UNIT ( $, .STERADIAN. ) SOLID_ANGLE_UNIT ( ) );
#3551 = EDGE_CURVE ( 'NONE', #3442, #682, #3532, .T. ) ;
#3552 = PLANE ( 'NONE',  #1594 ) ;
#3553 = ORIENTED_EDGE ( 'NONE', *, *, #3497, .T. ) ;
#3554 = DIRECTION ( 'NONE',  ( 2.303968610529596405E-17, -4.587617797729109589E-18, -0.9999999999999998890 ) ) ;
#3555 = FACE_OUTER_BOUND ( 'NONE', #265, .T. ) ;
#3556 = ORIENTED_EDGE ( 'NONE', *, *, #3539, .F. ) ;
#3557 =( LENGTH_UNIT ( ) NAMED_UNIT ( * ) SI_UNIT ( .MILLI., .METRE. ) );
#3558 = CARTESIAN_POINT ( 'NONE',  ( 0.000000000000000000, -35.11819835925530242, 5.588000000000000078 ) ) ;
#3559 = ORIENTED_EDGE ( 'NONE', *, *, #2640, .T. ) ;
#3560 = EDGE_LOOP ( 'NONE', ( #1219, #2944, #3275, #3621 ) ) ;
#3561 = DIRECTION ( 'NONE',  ( -1.000000000000000000, 0.000000000000000000, 1.185353920571666354E-16 ) ) ;
#3562 = CARTESIAN_POINT ( 'NONE',  ( -1.500000000000000000, 10.00000000000000000, 40.00000000000000000 ) ) ;
#3563 = ORIENTED_EDGE ( 'NONE', *, *, #2055, .T. ) ;
#3564 = CARTESIAN_POINT ( 'NONE',  ( 30.86110135886194783, 33.98793085631985633, 20.16235239901415000 ) ) ;
#3565 = EDGE_CURVE ( 'NONE', #3568, #3648, #1184, .T. ) ;
#3566 = CYLINDRICAL_SURFACE ( 'NONE', #810, 22.00000000000000355 ) ;
#3567 = DIRECTION ( 'NONE',  ( -0.000000000000000000, -1.000000000000000000, -0.000000000000000000 ) ) ;
#3568 = VERTEX_POINT ( 'NONE', #1669 ) ;
#3569 = DIRECTION ( 'NONE',  ( -0.8898577252134342030, 0.2688750668918975517, 0.3685911383658724838 ) ) ;
#3570 = DIRECTION ( 'NONE',  ( 0.3582910161908110513, -0.7555613467006971895, -0.5484109764481240878 ) ) ;
#3571 = EDGE_CURVE ( 'NONE', #2218, #615, #1975, .T. ) ;
#3572 = ADVANCED_FACE ( 'NONE', ( #2056 ), #1347, .F. ) ;
#3573 = FACE_OUTER_BOUND ( 'NONE', #2864, .T. ) ;
#3574 = ORIENTED_EDGE ( 'NONE', *, *, #2002, .F. ) ;
#3575 = LINE ( 'NONE', #3341, #3114 ) ;
#3576 = CARTESIAN_POINT ( 'NONE',  ( 1.443375672974094526, -47.50000000000000000, 2.499999999999984901 ) ) ;
#3577 = ORIENTED_EDGE ( 'NONE', *, *, #3214, .T. ) ;
#3578 =( NAMED_UNIT ( * ) SI_UNIT ( $, .STERADIAN. ) SOLID_ANGLE_UNIT ( ) );
#3579 = DIRECTION ( 'NONE',  ( 0.000000000000000000, 0.000000000000000000, -1.000000000000000000 ) ) ;
#3580 = PRESENTATION_LAYER_ASSIGNMENT (  '', '', ( #659 ) ) ;
#3581 = ORIENTED_EDGE ( 'NONE', *, *, #1849, .T. ) ;
#3582 = ORIENTED_EDGE ( 'NONE', *, *, #130, .F. ) ;
#3583 = CARTESIAN_POINT ( 'NONE',  ( 1.778030880857498668E-16, -2.500000000000000000, 1.499999999999999112 ) ) ;
#3584 = ORIENTED_EDGE ( 'NONE', *, *, #1850, .F. ) ;
#3585 = CARTESIAN_POINT ( 'NONE',  ( -1.299038105676663779, -2.500000000000000000, -0.7500000000000029976 ) ) ;
#3586 = AXIS2_PLACEMENT_3D ( 'NONE', #1405, #2810, #2437 ) ;
#3587 = CARTESIAN_POINT ( 'NONE',  ( 0.000000000000000000, 2.500000000000000000, 0.000000000000000000 ) ) ;
#3588 = FACE_OUTER_BOUND ( 'NONE', #2900, .T. ) ;
#3589 = VECTOR ( 'NONE', #225, 1000.000000000000000 ) ;
#3590 = ORIENTED_EDGE ( 'NONE', *, *, #4352, .T. ) ;
#3591 = CYLINDRICAL_SURFACE ( 'NONE', #2816, 5.588000000000000966 ) ;
#3592 = EDGE_CURVE ( 'NONE', #1002, #2949, #3619, .T. ) ;
#3593 = LINE ( 'NONE', #2648, #4396 ) ;
#3594 = APPLICATION_PROTOCOL_DEFINITION ( 'draft international standard', 'automotive_design', 1998, #3768 ) ;
#3595 = CIRCLE ( 'NONE', #2960, 22.00000000000000355 ) ;
#3596 = VECTOR ( 'NONE', #4102, 1000.000000000000227 ) ;
#3597 = EDGE_CURVE ( 'NONE', #1780, #2893, #1531, .T. ) ;
#3598 = ADVANCED_FACE ( 'NONE', ( #3354 ), #2011, .F. ) ;
#3599 = ORIENTED_EDGE ( 'NONE', *, *, #3335, .F. ) ;
#3600 = DIRECTION ( 'NONE',  ( 0.1781293538267804955, -0.2688750668918974962, -0.9465601574697359855 ) ) ;
#3601 = ORIENTED_EDGE ( 'NONE', *, *, #240, .F. ) ;
#3602 = FACE_OUTER_BOUND ( 'NONE', #2364, .T. ) ;
#3603 = AXIS2_PLACEMENT_3D ( 'NONE', #1379, #2730, #1322 ) ;
#3604 = AXIS2_PLACEMENT_3D ( 'NONE', #4277, #2957, #4325 ) ;
#3605 = CYLINDRICAL_SURFACE ( 'NONE', #1974, 5.588000000000002743 ) ;
#3606 = SURFACE_STYLE_USAGE ( .BOTH. , #1857 ) ;
#3607 = VECTOR ( 'NONE', #714, 1000.000000000000114 ) ;
#3608 = AXIS2_PLACEMENT_3D ( 'NONE', #3545, #169, #196 ) ;
#3609 = DIRECTION ( 'NONE',  ( -0.000000000000000000, 0.8701571414967630425, 0.4927743389241998617 ) ) ;
#3610 = EDGE_CURVE ( 'NONE', #3322, #1305, #748, .T. ) ;
#3611 = EDGE_LOOP ( 'NONE', ( #3905, #565, #3161, #4066 ) ) ;
#3612 = ORIENTED_EDGE ( 'NONE', *, *, #2583, .F. ) ;
#3613 = FACE_OUTER_BOUND ( 'NONE', #494, .T. ) ;
#3614 = VECTOR ( 'NONE', #3686, 1000.000000000000000 ) ;
#3615 = ORIENTED_EDGE ( 'NONE', *, *, #3635, .F. ) ;
#3616 = DIRECTION ( 'NONE',  ( 0.5000000000000001110, 0.000000000000000000, -0.8660254037844387076 ) ) ;
#3617 = PRODUCT_DEFINITION_SHAPE ( 'NONE', 'NONE',  #4422 ) ;
#3618 = LINE ( 'NONE', #3954, #596 ) ;
#3619 = CIRCLE ( 'NONE', #976, 5.588000000000000078 ) ;
#3620 = DIRECTION ( 'NONE',  ( -1.000000000000000000, 0.000000000000000000, 1.036597073128637395E-14 ) ) ;
#3621 = ORIENTED_EDGE ( 'NONE', *, *, #2276, .T. ) ;
#3622 = CARTESIAN_POINT ( 'NONE',  ( 1.443375672974063884, 2.500000000000000000, -5.500000000000001776 ) ) ;
#3623 = FACE_OUTER_BOUND ( 'NONE', #855, .T. ) ;
#3624 =( NAMED_UNIT ( * ) SI_UNIT ( $, .STERADIAN. ) SOLID_ANGLE_UNIT ( ) );
#3625 = APPLICATION_PROTOCOL_DEFINITION ( 'draft international standard', 'automotive_design', 1998, #2603 ) ;
#3626 = ORIENTED_EDGE ( 'NONE', *, *, #2863, .F. ) ;
#3627 = CARTESIAN_POINT ( 'NONE',  ( -6.938893903907229955E-15, 0.000000000000000000, -1.387778780781445991E-14 ) ) ;
#3628 = EDGE_LOOP ( 'NONE', ( #1411, #1316, #1186, #4304, #684, #2517, #3112, #1033, #2271 ) ) ;
#3629 = DIRECTION ( 'NONE',  ( -0.1781293538267804955, -0.2688750668918974962, 0.9465601574697359855 ) ) ;
#3630 = EDGE_CURVE ( 'NONE', #2371, #2147, #2999, .T. ) ;
#3631 = DIRECTION ( 'NONE',  ( -0.000000000000000000, -1.000000000000000000, -0.000000000000000000 ) ) ;
#3632 = SURFACE_SIDE_STYLE ('',( #1884 ) ) ;
#3633 = UNCERTAINTY_MEASURE_WITH_UNIT (LENGTH_MEASURE( 1.000000000000000082E-05 ), #1801, 'distance_accuracy_value', 'NONE');
#3634 = DIRECTION ( 'NONE',  ( 2.287192253487400614E-15, 0.7555613467006971895, -0.6550778971785180538 ) ) ;
#3635 = EDGE_CURVE ( 'NONE', #213, #4078, #3397, .T. ) ;
#3636 = VERTEX_POINT ( 'NONE', #1694 ) ;
#3637 = ORIENTED_EDGE ( 'NONE', *, *, #2906, .F. ) ;
#3638 = VERTEX_POINT ( 'NONE', #3067 ) ;
#3639 = FACE_BOUND ( 'NONE', #4132, .T. ) ;
#3640 = EDGE_CURVE ( 'NONE', #4334, #1700, #3248, .T. ) ;
#3641 = CARTESIAN_POINT ( 'NONE',  ( -29.64829882466474942, 8.958010899717429254, 13.48910454863207953 ) ) ;
#3642 = DIRECTION ( 'NONE',  ( 1.000000000000000000, 0.000000000000000000, 0.000000000000000000 ) ) ;
#3643 = ORIENTED_EDGE ( 'NONE', *, *, #2158, .F. ) ;
#3644 = LINE ( 'NONE', #1300, #1172 ) ;
#3645 = FACE_BOUND ( 'NONE', #2395, .T. ) ;
#3646 =( NAMED_UNIT ( * ) PLANE_ANGLE_UNIT ( ) SI_UNIT ( $, .RADIAN. ) );
#3647 = ITEM_DEFINED_TRANSFORMATION ( 'NONE', 'NONE', #955,  #508 ) ;
#3648 = VERTEX_POINT ( 'NONE', #1362 ) ;
#3649 = CARTESIAN_POINT ( 'NONE',  ( 2.629050547790021767E-14, -2.500000000000000000, 2.500000000000000444 ) ) ;
#3650 = ORIENTED_EDGE ( 'NONE', *, *, #732, .T. ) ;
#3651 = DIRECTION ( 'NONE',  ( -0.8371691043312220470, 0.000000000000000000, -0.5469441386039888275 ) ) ;
#3652 = CYLINDRICAL_SURFACE ( 'NONE', #2096, 2.886751345948131320 ) ;
#3653 = EDGE_CURVE ( 'NONE', #1261, #2087, #2731, .T. ) ;
#3654 = LINE ( 'NONE', #1035, #1340 ) ;
#3655 = DIRECTION ( 'NONE',  ( 1.000000000000000000, 0.000000000000000000, 0.000000000000000000 ) ) ;
#3656 = ORIENTED_EDGE ( 'NONE', *, *, #2243, .T. ) ;
#3657 = ORIENTED_EDGE ( 'NONE', *, *, #1846, .F. ) ;
#3658 = EDGE_CURVE ( 'NONE', #1777, #1720, #3759, .T. ) ;
#3659 = CLOSED_SHELL ( 'NONE', ( #382, #211, #3598, #830, #3059 ) ) ;
#3660 = EDGE_LOOP ( 'NONE', ( #2956, #1064, #2530, #2137 ) ) ;
#3661 = DIRECTION ( 'NONE',  ( -0.3685911383658693197, 0.2688750668918973852, -0.8898577252134356463 ) ) ;
#3662 = DIRECTION ( 'NONE',  ( -0.7555613467006961903, 0.6550778971785189420, 0.000000000000000000 ) ) ;
#3663 = CARTESIAN_POINT ( 'NONE',  ( -10.27329481549863921, 30.19452853545470461, 15.72461319573429783 ) ) ;
#3664 = ORIENTED_EDGE ( 'NONE', *, *, #3362, .T. ) ;
#3665 = DIRECTION ( 'NONE',  ( 1.000000000000000000, 0.000000000000000000, -3.455323577095457982E-15 ) ) ;
#3666 = CARTESIAN_POINT ( 'NONE',  ( 29.64705985499429985, -8.958010899717429254, 12.28021427642569918 ) ) ;
#3667 = VECTOR ( 'NONE', #2396, 1000.000000000000000 ) ;
#3668 = AXIS2_PLACEMENT_3D ( 'NONE', #2404, #2344, #630 ) ;
#3669 = ORIENTED_EDGE ( 'NONE', *, *, #2184, .F. ) ;
#3670 = DIRECTION ( 'NONE',  ( -0.8898577252134317606, 0.2688750668918974407, -0.3685911383658788676 ) ) ;
#3671 = VERTEX_POINT ( 'NONE', #1792 ) ;
#3672 = CARTESIAN_POINT ( 'NONE',  ( 17.85311223758465005, 37.64850614575345134, -27.32650910129829924 ) ) ;
#3673 = VECTOR ( 'NONE', #1738, 999.9999999999998863 ) ;
#3674 = AXIS2_PLACEMENT_3D ( 'NONE', #1866, #1507, #2285 ) ;
#3675 = AXIS2_PLACEMENT_3D ( 'NONE', #1605, #3352, #1539 ) ;
#3676 = DIRECTION ( 'NONE',  ( 1.000000000000000000, 0.000000000000000000, -1.051620219116008581E-14 ) ) ;
#3677 = FACE_BOUND ( 'NONE', #1959, .T. ) ;
#3678 = UNCERTAINTY_MEASURE_WITH_UNIT (LENGTH_MEASURE( 1.000000000000000082E-05 ), #3334, 'distance_accuracy_value', 'NONE');
#3679 = AXIS2_PLACEMENT_3D ( 'NONE', #1862, #3228, #167 ) ;
#3680 = DIRECTION ( 'NONE',  ( 0.000000000000000000, 1.000000000000000000, 0.000000000000000000 ) ) ;
#3681 = EDGE_CURVE ( 'NONE', #423, #4282, #532, .T. ) ;
#3682 = VERTEX_POINT ( 'NONE', #3859 ) ;
#3683 = ORIENTED_EDGE ( 'NONE', *, *, #4407, .T. ) ;
#3684 = AXIS2_PLACEMENT_3D ( 'NONE', #135, #187, #2566 ) ;
#3685 = ORIENTED_EDGE ( 'NONE', *, *, #2698, .T. ) ;
#3686 = DIRECTION ( 'NONE',  ( -1.000000000000000000, 0.000000000000000000, 3.455323577095457587E-15 ) ) ;
#3687 = AXIS2_PLACEMENT_3D ( 'NONE', #3377, #3764, #697 ) ;
#3688 = DIRECTION ( 'NONE',  ( -0.8660254037844415942, 0.000000000000000000, -0.4999999999999949485 ) ) ;
#3689 = CIRCLE ( 'NONE', #2342, 5.588000000000001855 ) ;
#3690 = FACE_OUTER_BOUND ( 'NONE', #489, .T. ) ;
#3691 = EDGE_LOOP ( 'NONE', ( #1830, #1672, #356, #1067 ) ) ;
#3692 = CARTESIAN_POINT ( 'NONE',  ( -31.25020010556114869, -9.442407932967681106, 12.94425671059619987 ) ) ;
#3693 = DIRECTION ( 'NONE',  ( 0.8256812413987200117, 0.000000000000000000, -0.5641369404694827061 ) ) ;
#3694 = APPLICATION_PROTOCOL_DEFINITION ( 'draft international standard', 'automotive_design', 1998, #3972 ) ;
#3695 = AXIS2_PLACEMENT_3D ( 'NONE', #3452, #3838, #3160 ) ;
#3696 = VERTEX_POINT ( 'NONE', #3842 ) ;
#3697 = EDGE_CURVE ( 'NONE', #3682, #1275, #2829, .T. ) ;
#3698 = CARTESIAN_POINT ( 'NONE',  ( 29.64705985499434959, -8.958010899717418596, -12.28021427642550023 ) ) ;
#3699 = EDGE_LOOP ( 'NONE', ( #966, #3504, #995, #2929, #1988 ) ) ;
#3700 = CYLINDRICAL_SURFACE ( 'NONE', #750, 5.588000000000000966 ) ;
#3701 = EDGE_CURVE ( 'NONE', #3423, #2240, #1044, .T. ) ;
#3702 = CARTESIAN_POINT ( 'NONE',  ( 15.00000000000000000, 47.50000000000000000, 25.98076211353315657 ) ) ;
#3703 = DIRECTION ( 'NONE',  ( 0.000000000000000000, 0.000000000000000000, 1.000000000000000000 ) ) ;
#3704 = ORIENTED_EDGE ( 'NONE', *, *, #1466, .F. ) ;
#3705 = ORIENTED_EDGE ( 'NONE', *, *, #4156, .T. ) ;
#3706 = DIRECTION ( 'NONE',  ( 0.5000000000000011102, 0.000000000000000000, 0.8660254037844379305 ) ) ;
#3707 = ADVANCED_BREP_SHAPE_REPRESENTATION ( '', ( #4256, #508 ), #3871 ) ;
#3708 = PLANE ( 'NONE',  #884 ) ;
#3709 = CARTESIAN_POINT ( 'NONE',  ( 27.92864557458170083, 9.442407932967689987, -19.08191669609804819 ) ) ;
#3710 = DIRECTION ( 'NONE',  ( 0.8660254037844387076, 0.000000000000000000, -0.5000000000000000000 ) ) ;
#3711 = CARTESIAN_POINT ( 'NONE',  ( 11.93704892539768103, 25.17275721170254954, -18.27120514124175088 ) ) ;
#3712 = SURFACE_STYLE_FILL_AREA ( #989 ) ;
#3713 = ORIENTED_EDGE ( 'NONE', *, *, #2332, .F. ) ;
#3714 = AXIS2_PLACEMENT_3D ( 'NONE', #2755, #692, #4155 ) ;
#3715 = DIRECTION ( 'NONE',  ( 0.000000000000000000, 0.000000000000000000, 1.000000000000000000 ) ) ;
#3716 = EDGE_LOOP ( 'NONE', ( #4189, #2252, #3685, #1103 ) ) ;
#3717 = ADVANCED_FACE ( 'NONE', ( #2076 ), #1485, .F. ) ;
#3718 = VERTEX_POINT ( 'NONE', #1470 ) ;
#3719 = DIRECTION ( 'NONE',  ( 0.1781293538267799959, -0.2688750668918974962, -0.9465601574697359855 ) ) ;
#3720 = ADVANCED_FACE ( 'NONE', ( #1117 ), #793, .F. ) ;
#3721 = DIRECTION ( 'NONE',  ( -1.000000000000000000, 0.000000000000000000, 3.819473744064259046E-16 ) ) ;
#3722 = AXIS2_PLACEMENT_3D ( 'NONE', #1685, #4412, #3703 ) ;
#3723 = UNCERTAINTY_MEASURE_WITH_UNIT (LENGTH_MEASURE( 1.000000000000000082E-05 ), #1541, 'distance_accuracy_value', 'NONE');
#3724 = FACE_OUTER_BOUND ( 'NONE', #3782, .T. ) ;
#3725 = ORIENTED_EDGE ( 'NONE', *, *, #3734, .T. ) ;
#3726 = VERTEX_POINT ( 'NONE', #3166 ) ;
#3727 = CARTESIAN_POINT ( 'NONE',  ( -1.500000000000000000, -91.11999999999997613, -17.26476147320159882 ) ) ;
#3728 = ORIENTED_EDGE ( 'NONE', *, *, #233, .T. ) ;
#3729 = DIRECTION ( 'NONE',  ( 1.000000000000000000, 0.000000000000000000, -5.136533655810554776E-16 ) ) ;
#3730 = DIRECTION ( 'NONE',  ( -1.000000000000000000, 0.000000000000000000, 5.136533655810554776E-16 ) ) ;
#3731 = CARTESIAN_POINT ( 'NONE',  ( 2.886751345948130876, 47.50000000000000000, 0.000000000000000000 ) ) ;
#3732 = CLOSED_SHELL ( 'NONE', ( #600, #1047, #849, #2486, #2565, #4154, #4258, #2632, #3246, #3157, #1082, #2862, #364, #2597, #3064, #1582, #3172, #2067, #2899, #700, #1486, #3412, #721, #4224, #1270, #2367, #2466, #3717, #3282, #299, #2538, #635, #1063, #3510, #3852 ) ) ;
#3733 = CARTESIAN_POINT ( 'NONE',  ( 0.000000000000000000, 0.000000000000000000, 0.000000000000000000 ) ) ;
#3734 = EDGE_CURVE ( 'NONE', #3477, #2650, #903, .T. ) ;
#3735 = ORIENTED_EDGE ( 'NONE', *, *, #1916, .T. ) ;
#3736 =( GEOMETRIC_REPRESENTATION_CONTEXT ( 3 ) GLOBAL_UNCERTAINTY_ASSIGNED_CONTEXT ( ( #3723 ) ) GLOBAL_UNIT_ASSIGNED_CONTEXT ( ( #1541, #2629, #574 ) ) REPRESENTATION_CONTEXT ( 'NONE', 'WORKASPACE' ) );
#3737 = DIRECTION ( 'NONE',  ( -0.1849397487677497398, 0.000000000000000000, 0.9827498610153660996 ) ) ;
#3738 = EDGE_LOOP ( 'NONE', ( #1498, #1493, #4194, #3060 ) ) ;
#3739 = CARTESIAN_POINT ( 'NONE',  ( 1.778030880857498668E-16, 2.500000000000000000, 1.499999999999999112 ) ) ;
#3740 = CIRCLE ( 'NONE', #1797, 5.587999999999998302 ) ;
#3741 = ADVANCED_FACE ( 'NONE', ( #754 ), #122, .F. ) ;
#3742 = CARTESIAN_POINT ( 'NONE',  ( -1.299038105676665111, -2.500000000000000000, 0.7500000000000063283 ) ) ;
#3743 = AXIS2_PLACEMENT_3D ( 'NONE', #4369, #4411, #2295 ) ;
#3744 = DIRECTION ( 'NONE',  ( 0.8898577252134366455, 0.2688750668918973852, -0.3685911383658668217 ) ) ;
#3745 = AXIS2_PLACEMENT_3D ( 'NONE', #172, #1533, #2908 ) ;
#3746 = AXIS2_PLACEMENT_3D ( 'NONE', #3343, #2655, #3721 ) ;
#3747 = ORIENTED_EDGE ( 'NONE', *, *, #1496, .T. ) ;
#3748 = EDGE_LOOP ( 'NONE', ( #919, #4259 ) ) ;
#3749 = DIRECTION ( 'NONE',  ( 0.5469441386039890496, 0.000000000000000000, -0.8371691043312220470 ) ) ;
#3750 = STYLED_ITEM ( 'NONE', ( #2496 ), #2785 ) ;
#3751 = EDGE_CURVE ( 'NONE', #3217, #2584, #2812, .T. ) ;
#3752 = ORIENTED_EDGE ( 'NONE', *, *, #3943, .F. ) ;
#3753 = AXIS2_PLACEMENT_3D ( 'NONE', #3011, #1570, #3946 ) ;
#3754 = CIRCLE ( 'NONE', #2544, 5.588000000000000078 ) ;
#3755 = DIRECTION ( 'NONE',  ( -0.000000000000000000, -1.000000000000000000, -0.000000000000000000 ) ) ;
#3756 = VECTOR ( 'NONE', #2360, 1000.000000000000000 ) ;
#3757 = LINE ( 'NONE', #4404, #2249 ) ;
#3758 = DIRECTION ( 'NONE',  ( -0.5000000000000001110, 0.000000000000000000, 0.8660254037844387076 ) ) ;
#3759 = CIRCLE ( 'NONE', #329, 22.00000000000000355 ) ;
#3760 = DIRECTION ( 'NONE',  ( -0.000000000000000000, 0.8701571414967630425, 0.4927743389241998617 ) ) ;
#3761 = VERTEX_POINT ( 'NONE', #57 ) ;
#3762 = CARTESIAN_POINT ( 'NONE',  ( 12.27344013950065715, -2.500000000000000000, 18.25822190527035715 ) ) ;
#3763 = VERTEX_POINT ( 'NONE', #4153 ) ;
#3764 = DIRECTION ( 'NONE',  ( -0.000000000000000000, -1.000000000000000000, -0.000000000000000000 ) ) ;
#3765 = CIRCLE ( 'NONE', #186, 33.78200000000000358 ) ;
#3766 = CARTESIAN_POINT ( 'NONE',  ( 0.000000000000000000, 2.500000000000000000, 0.000000000000000000 ) ) ;
#3767 = CARTESIAN_POINT ( 'NONE',  ( 31.53619376415175424, 8.958010899717429254, 5.934669627739930675 ) ) ;
#3768 = APPLICATION_CONTEXT ( 'automotive_design' ) ;
#3769 = CARTESIAN_POINT ( 'NONE',  ( -4.041451884327381450, 2.500000000000000000, -4.000000000000000000 ) ) ;
#3770 = EDGE_CURVE ( 'NONE', #563, #2933, #4176, .T. ) ;
#3771 = ADVANCED_FACE ( 'NONE', ( #3521 ), #2095, .F. ) ;
#3772 = ORIENTED_EDGE ( 'NONE', *, *, #2294, .T. ) ;
#3773 =( LENGTH_UNIT ( ) NAMED_UNIT ( * ) SI_UNIT ( .MILLI., .METRE. ) );
#3774 = ADVANCED_FACE ( 'NONE', ( #458 ), #2460, .F. ) ;
#3775 = ORIENTED_EDGE ( 'NONE', *, *, #2720, .T. ) ;
#3776 = DIRECTION ( 'NONE',  ( 0.000000000000000000, 1.000000000000000000, -0.000000000000000000 ) ) ;
#3777 = CARTESIAN_POINT ( 'NONE',  ( -21.94880406764797343, 2.500000000000000000, 1.500000000000001776 ) ) ;
#3778 = CARTESIAN_POINT ( 'NONE',  ( 15.14494349071254931, 14.57110604024939882, -50.26334886101989952 ) ) ;
#3779 = CARTESIAN_POINT ( 'NONE',  ( -7.781617882922990503, -9.442407932967689987, -33.38863512561725599 ) ) ;
#3780 = ORIENTED_EDGE ( 'NONE', *, *, #4012, .F. ) ;
#3781 = CARTESIAN_POINT ( 'NONE',  ( -12.27344013950064472, -2.500000000000000000, 18.25822190527036071 ) ) ;
#3782 = EDGE_LOOP ( 'NONE', ( #2416, #1376, #3927, #1675 ) ) ;
#3783 = DIRECTION ( 'NONE',  ( 0.6550778971785180538, 0.7555613467006971895, 0.000000000000000000 ) ) ;
#3784 = DIRECTION ( 'NONE',  ( 0.9238795325112919565, 0.000000000000000000, -0.3826834323650772918 ) ) ;
#3785 = FACE_OUTER_BOUND ( 'NONE', #933, .T. ) ;
#3786 = DIRECTION ( 'NONE',  ( 0.4999999999999999445, 0.000000000000000000, -0.8660254037844385966 ) ) ;
#3787 = ADVANCED_FACE ( 'NONE', ( #2140, #2794 ), #3501, .T. ) ;
#3788 = SURFACE_STYLE_FILL_AREA ( #67 ) ;
#3789 = ORIENTED_EDGE ( 'NONE', *, *, #4145, .F. ) ;
#3790 = DIRECTION ( 'NONE',  ( 0.5433626321285699445, -0.2688750668918974407, 0.7952755801671457236 ) ) ;
#3791 = VERTEX_POINT ( 'NONE', #1135 ) ;
#3792 = EDGE_CURVE ( 'NONE', #4266, #1700, #3191, .T. ) ;
#3793 = CARTESIAN_POINT ( 'NONE',  ( 27.22723233924255126, -22.87337795658755013, 0.000000000000000000 ) ) ;
#3794 = FACE_OUTER_BOUND ( 'NONE', #709, .T. ) ;
#3795 = DIRECTION ( 'NONE',  ( 1.000000000000000000, 0.000000000000000000, -1.053647929397037225E-16 ) ) ;
#3796 = DIRECTION ( 'NONE',  ( 0.000000000000000000, -1.000000000000000000, 0.000000000000000000 ) ) ;
#3797 = ORIENTED_EDGE ( 'NONE', *, *, #1521, .T. ) ;
#3798 = FACE_OUTER_BOUND ( 'NONE', #712, .T. ) ;
#3799 = ORIENTED_EDGE ( 'NONE', *, *, #3085, .T. ) ;
#3800 = ORIENTED_EDGE ( 'NONE', *, *, #1363, .T. ) ;
#3801 = DIRECTION ( 'NONE',  ( -0.8660254037844384856, 0.000000000000000000, 0.5000000000000004441 ) ) ;
#3802 = ADVANCED_FACE ( 'NONE', ( #3435 ), #3106, .F. ) ;
#3803 = DIRECTION ( 'NONE',  ( -0.1849397487677497398, 0.000000000000000000, 0.9827498610153660996 ) ) ;
#3804 = EDGE_CURVE ( 'NONE', #3909, #1113, #110, .T. ) ;
#3805 = VECTOR ( 'NONE', #308, 1000.000000000000000 ) ;
#3806 = DIRECTION ( 'NONE',  ( -0.7952755801671477220, -0.2688750668918974407, 0.5433626321285669469 ) ) ;
#3807 = VECTOR ( 'NONE', #3422, 1000.000000000000000 ) ;
#3808 = CARTESIAN_POINT ( 'NONE',  ( -9.653337267358711671, 14.57110604024939882, 51.29679217713410111 ) ) ;
#3809 = EDGE_LOOP ( 'NONE', ( #1018, #3124 ) ) ;
#3810 = DIRECTION ( 'NONE',  ( 0.3685911383658754814, 0.2688750668918974962, -0.8898577252134330928 ) ) ;
#3811 = AXIS2_PLACEMENT_3D ( 'NONE', #2557, #2192, #3620 ) ;
#3812 = CIRCLE ( 'NONE', #3458, 5.588000000000000078 ) ;
#3813 = VERTEX_POINT ( 'NONE', #4285 ) ;
#3814 = CYLINDRICAL_SURFACE ( 'NONE', #3030, 5.587999999999999190 ) ;
#3815 = CARTESIAN_POINT ( 'NONE',  ( 9.675363928147342918, 2.500000000000000000, 19.75822190527035715 ) ) ;
#3816 = VECTOR ( 'NONE', #1503, 1000.000000000000000 ) ;
#3817 = CARTESIAN_POINT ( 'NONE',  ( -32.64156424301889814, -37.64850614575340160, 0.000000000000000000 ) ) ;
#3818 = DIRECTION ( 'NONE',  ( 0.9238795325112865164, 0.000000000000000000, 0.3826834323650901148 ) ) ;
#3819 = AXIS2_PLACEMENT_3D ( 'NONE', #209, #2540, #1520 ) ;
#3820 = AXIS2_PLACEMENT_3D ( 'NONE', #1209, #1921, #2881 ) ;
#3821 = APPLICATION_CONTEXT ( 'automotive_design' ) ;
#3822 = DIRECTION ( 'NONE',  ( -0.000000000000000000, -1.000000000000000000, -0.000000000000000000 ) ) ;
#3823 = ORIENTED_EDGE ( 'NONE', *, *, #1013, .T. ) ;
#3824 = ORIENTED_EDGE ( 'NONE', *, *, #1829, .T. ) ;
#3825 = DIRECTION ( 'NONE',  ( 0.5484109764481208682, -0.7555613467006967454, 0.3582910161908169355 ) ) ;
#3826 = VECTOR ( 'NONE', #2000, 1000.000000000000114 ) ;
#3827 = DIRECTION ( 'NONE',  ( 0.000000000000000000, 0.000000000000000000, 1.000000000000000000 ) ) ;
#3828 = VECTOR ( 'NONE', #2033, 1000.000000000000000 ) ;
#3829 = EDGE_CURVE ( 'NONE', #1942, #3338, #1938, .T. ) ;
#3830 = STYLED_ITEM ( 'NONE', ( #3514 ), #4236 ) ;
#3831 = EDGE_LOOP ( 'NONE', ( #3490, #2445, #4201, #3889 ) ) ;
#3832 = LINE ( 'NONE', #148, #26 ) ;
#3833 = DIRECTION ( 'NONE',  ( 0.3867286033767676212, 0.3224354744616418911, 0.8639886296352230488 ) ) ;
#3834 = EDGE_CURVE ( 'NONE', #3638, #1075, #1153, .T. ) ;
#3835 = AXIS2_PLACEMENT_3D ( 'NONE', #2064, #2963, #1271 ) ;
#3836 = CARTESIAN_POINT ( 'NONE',  ( -1.500000000000000000, -91.11999999999997613, -67.26476147320160237 ) ) ;
#3837 = EDGE_LOOP ( 'NONE', ( #303, #3780, #3893, #1708 ) ) ;
#3838 = DIRECTION ( 'NONE',  ( -0.8898577252134340920, 0.2688750668918974962, 0.3685911383658729834 ) ) ;
#3839 = DIRECTION ( 'NONE',  ( 0.000000000000000000, -1.000000000000000000, 0.000000000000000000 ) ) ;
#3840 = DIRECTION ( 'NONE',  ( 0.9465601574697378728, -0.2688750668918974962, 0.1781293538267705034 ) ) ;
#3841 = CARTESIAN_POINT ( 'NONE',  ( 2.165063509461096380, 2.500000000000000000, -1.250000000000002887 ) ) ;
#3842 = CARTESIAN_POINT ( 'NONE',  ( -26.04706419048415000, -21.51218192226900072, -3.189845378806204563E-15 ) ) ;
#3843 = CARTESIAN_POINT ( 'NONE',  ( -6.938893903907229955E-15, 33.31662918123620187, -1.387778780781445991E-14 ) ) ;
#3844 = CARTESIAN_POINT ( 'NONE',  ( -1.500000000000000000, 10.00000000000000000, 40.00000000000000000 ) ) ;
#3845 = ORIENTED_EDGE ( 'NONE', *, *, #3387, .F. ) ;
#3846 = VERTEX_POINT ( 'NONE', #1180 ) ;
#3847 = CARTESIAN_POINT ( 'NONE',  ( -1.580471894095557686E-16, -2.500000000000000000, -1.500000000000001776 ) ) ;
#3848 = DIRECTION ( 'NONE',  ( 0.3826834323650866176, 0.000000000000000000, 0.9238795325112880708 ) ) ;
#3849 = EDGE_CURVE ( 'NONE', #2263, #1433, #2208, .T. ) ;
#3850 = EDGE_LOOP ( 'NONE', ( #3752, #2593 ) ) ;
#3851 = CARTESIAN_POINT ( 'NONE',  ( -34.69152108516481547, 28.46009179263321442, 5.764728942722280536 ) ) ;
#3852 = ADVANCED_FACE ( 'NONE', ( #3230, #915, #482, #545, #2554, #3296, #3639, #1530 ), #2905, .F. ) ;
#3853 = CARTESIAN_POINT ( 'NONE',  ( 25.13764292422160196, -14.57110604024939882, -46.08549077828929796 ) ) ;
#3854 = EDGE_LOOP ( 'NONE', ( #1491, #3735 ) ) ;
#3855 = CARTESIAN_POINT ( 'NONE',  ( -29.44636935873870343, 14.57110604024934020, -43.09824984439829620 ) ) ;
#3856 = DIRECTION ( 'NONE',  ( 0.8256812413987200117, 0.000000000000000000, -0.5641369404694827061 ) ) ;
#3857 = CARTESIAN_POINT ( 'NONE',  ( -14.46800991916212098, 9.442407932967681106, -31.08104279792515001 ) ) ;
#3858 = CARTESIAN_POINT ( 'NONE',  ( 1.778030880857498668E-16, 2.500000000000000000, 1.499999999999999112 ) ) ;
#3859 = CARTESIAN_POINT ( 'NONE',  ( -14.89177513835747924, 22.87337795658755013, 22.79379771086190232 ) ) ;
#3860 = CIRCLE ( 'NONE', #1934, 5.588000000000002743 ) ;
#3861 = CARTESIAN_POINT ( 'NONE',  ( 0.000000000000000000, 2.500000000000000000, 0.000000000000000000 ) ) ;
#3862 = DIRECTION ( 'NONE',  ( 0.5641369404694911438, 0.000000000000000000, 0.8256812413987143495 ) ) ;
#3863 = ORIENTED_EDGE ( 'NONE', *, *, #2389, .F. ) ;
#3864 = ORIENTED_EDGE ( 'NONE', *, *, #4207, .T. ) ;
#3865 = FACE_OUTER_BOUND ( 'NONE', #1126, .T. ) ;
#3866 = ADVANCED_FACE ( 'NONE', ( #1893 ), #2874, .F. ) ;
#3867 = ORIENTED_EDGE ( 'NONE', *, *, #1181, .T. ) ;
#3868 = DIRECTION ( 'NONE',  ( -1.000000000000000000, 4.996003610813204432E-16, -2.303968610529597330E-17 ) ) ;
#3869 = EDGE_CURVE ( 'NONE', #455, #2849, #2574, .T. ) ;
#3870 = CIRCLE ( 'NONE', #1948, 35.56000000000000227 ) ;
#3871 =( GEOMETRIC_REPRESENTATION_CONTEXT ( 3 ) GLOBAL_UNCERTAINTY_ASSIGNED_CONTEXT ( ( #3633 ) ) GLOBAL_UNIT_ASSIGNED_CONTEXT ( ( #1801, #1511, #3550 ) ) REPRESENTATION_CONTEXT ( 'NONE', 'WORKASPACE' ) );
#3872 = ORIENTED_EDGE ( 'NONE', *, *, #427, .T. ) ;
#3873 = FILL_AREA_STYLE_COLOUR ( '', #2903 ) ;
#3874 = ORIENTED_EDGE ( 'NONE', *, *, #447, .F. ) ;
#3875 = CARTESIAN_POINT ( 'NONE',  ( -29.44636935873870343, 14.57110604024934020, -43.09824984439829620 ) ) ;
#3876 = CIRCLE ( 'NONE', #2242, 33.78199999999999648 ) ;
#3877 = VERTEX_POINT ( 'NONE', #3255 ) ;
#3878 = DIRECTION ( 'NONE',  ( 0.000000000000000000, 0.000000000000000000, 1.000000000000000000 ) ) ;
#3879 = CARTESIAN_POINT ( 'NONE',  ( -31.78549487505040361, -8.958010899717429254, -7.117575448752869960 ) ) ;
#3880 = LINE ( 'NONE', #3585, #111 ) ;
#3881 = AXIS2_PLACEMENT_3D ( 'NONE', #1474, #758, #417 ) ;
#3882 = EDGE_CURVE ( 'NONE', #3070, #564, #1749, .T. ) ;
#3883 = PRODUCT_DEFINITION_SHAPE ( 'NONE', 'NONE',  #4428 ) ;
#3884 = LINE ( 'NONE', #198, #472 ) ;
#3885 = AXIS2_PLACEMENT_3D ( 'NONE', #3279, #2928, #1578 ) ;
#3886 = AXIS2_PLACEMENT_3D ( 'NONE', #2084, #4164, #2880 ) ;
#3887 = FACE_BOUND ( 'NONE', #2479, .T. ) ;
#3888 = ORIENTED_EDGE ( 'NONE', *, *, #655, .F. ) ;
#3889 = ORIENTED_EDGE ( 'NONE', *, *, #3834, .T. ) ;
#3890 = DIRECTION ( 'NONE',  ( -0.5484109764481208682, -0.7555613467006967454, -0.3582910161908169355 ) ) ;
#3891 = CARTESIAN_POINT ( 'NONE',  ( 29.64705985499434959, -8.958010899717418596, -12.28021427642550023 ) ) ;
#3892 = CARTESIAN_POINT ( 'NONE',  ( 1.443375672974094526, 47.50000000000000000, 2.499999999999984901 ) ) ;
#3893 = ORIENTED_EDGE ( 'NONE', *, *, #3421, .F. ) ;
#3894 = FILL_AREA_STYLE ('',( #1080 ) ) ;
#3895 = AXIS2_PLACEMENT_3D ( 'NONE', #61, #3890, #1076 ) ;
#3896 = AXIS2_PLACEMENT_3D ( 'NONE', #618, #1342, #4001 ) ;
#3897 = PRODUCT_RELATED_PRODUCT_CATEGORY ( 'part', '', ( #2631 ) ) ;
#3898 = CARTESIAN_POINT ( 'NONE',  ( -1.443375672974076984, 47.50000000000000000, -2.499999999999994671 ) ) ;
#3899 = VERTEX_POINT ( 'NONE', #2229 ) ;
#3900 = DIRECTION ( 'NONE',  ( -0.000000000000000000, -0.000000000000000000, -1.000000000000000000 ) ) ;
#3901 = VECTOR ( 'NONE', #3430, 1000.000000000000000 ) ;
#3902 = LINE ( 'NONE', #834, #230 ) ;
#3903 = EDGE_CURVE ( 'NONE', #2570, #289, #4119, .T. ) ;
#3904 = EDGE_LOOP ( 'NONE', ( #735, #1286, #2213, #2773 ) ) ;
#3905 = ORIENTED_EDGE ( 'NONE', *, *, #3040, .T. ) ;
#3906 = EDGE_CURVE ( 'NONE', #1610, #1019, #3880, .T. ) ;
#3907 = CARTESIAN_POINT ( 'NONE',  ( -24.83246258180265187, 14.57110604024934020, -46.25064706774179513 ) ) ;
#3908 = CARTESIAN_POINT ( 'NONE',  ( -1.500000000000000000, -88.11999999999997613, -48.43889075917171283 ) ) ;
#3909 = VERTEX_POINT ( 'NONE', #2594 ) ;
#3910 = DIRECTION ( 'NONE',  ( -0.7555613467006970785, -0.6550778971785180538, 0.000000000000000000 ) ) ;
#3911 = EDGE_CURVE ( 'NONE', #944, #2567, #2925, .T. ) ;
#3912 = DIRECTION ( 'NONE',  ( 0.5469441386039889386, 0.000000000000000000, -0.8371691043312219360 ) ) ;
#3913 = CIRCLE ( 'NONE', #1831, 5.587999999999997414 ) ;
#3914 = CYLINDRICAL_SURFACE ( 'NONE', #4242, 5.587999999999998302 ) ;
#3915 = ORIENTED_EDGE ( 'NONE', *, *, #2202, .T. ) ;
#3916 = DIRECTION ( 'NONE',  ( 1.000000000000000000, 0.000000000000000000, -5.136533655810554776E-16 ) ) ;
#3917 = CARTESIAN_POINT ( 'NONE',  ( -2.886751345948130432, 47.50000000000000000, 2.015807690851639259E-14 ) ) ;
#3918 = CARTESIAN_POINT ( 'NONE',  ( 1.500000000000000000, -91.11999999999997613, -17.26476147320159882 ) ) ;
#3919 = VERTEX_POINT ( 'NONE', #2257 ) ;
#3920 = FACE_OUTER_BOUND ( 'NONE', #339, .T. ) ;
#3921 = DIRECTION ( 'NONE',  ( 0.000000000000000000, 1.000000000000000000, 0.000000000000000000 ) ) ;
#3922 = ORIENTED_EDGE ( 'NONE', *, *, #4229, .F. ) ;
#3923 = CARTESIAN_POINT ( 'NONE',  ( 18.10689553826939857, -9.442407932967689987, 29.11176508550499875 ) ) ;
#3924 = DIRECTION ( 'NONE',  ( 0.3685911383658634910, 0.2688750668918974962, 0.8898577252134380888 ) ) ;
#3925 = EDGE_CURVE ( 'NONE', #3726, #3877, #1841, .T. ) ;
#3926 = AXIS2_PLACEMENT_3D ( 'NONE', #78, #3438, #2401 ) ;
#3927 = ORIENTED_EDGE ( 'NONE', *, *, #2906, .T. ) ;
#3928 = ORIENTED_EDGE ( 'NONE', *, *, #3697, .T. ) ;
#3929 = CARTESIAN_POINT ( 'NONE',  ( 12.28021427642539898, -8.958010899717429254, 29.64705985499440288 ) ) ;
#3930 = ORIENTED_EDGE ( 'NONE', *, *, #3080, .F. ) ;
#3931 = DIRECTION ( 'NONE',  ( 0.9238795325112867385, 0.000000000000000000, 0.3826834323650900593 ) ) ;
#3932 = ADVANCED_FACE ( 'NONE', ( #1505 ), #1575, .F. ) ;
#3933 = DIRECTION ( 'NONE',  ( 0.000000000000000000, -1.000000000000000000, 0.000000000000000000 ) ) ;
#3934 = DIRECTION ( 'NONE',  ( -0.3826834323650941672, 0.000000000000000000, 0.9238795325112850731 ) ) ;
#3935 = ORIENTED_EDGE ( 'NONE', *, *, #785, .T. ) ;
#3936 = CARTESIAN_POINT ( 'NONE',  ( -27.32650910129819977, 37.64850614575340160, -17.85311223758474952 ) ) ;
#3937 = LINE ( 'NONE', #2979, #2476 ) ;
#3938 =( LENGTH_UNIT ( ) NAMED_UNIT ( * ) SI_UNIT ( .MILLI., .METRE. ) );
#3939 = EDGE_LOOP ( 'NONE', ( #1169, #2327, #638, #4406 ) ) ;
#3940 = DIRECTION ( 'NONE',  ( 0.5484109764481208682, -0.7555613467006967454, 0.3582910161908169355 ) ) ;
#3941 = ORIENTED_EDGE ( 'NONE', *, *, #710, .T. ) ;
#3942 = CARTESIAN_POINT ( 'NONE',  ( -23.34350437797770184, 8.958010899717429254, 22.71691810250410271 ) ) ;
#3943 = EDGE_CURVE ( 'NONE', #2586, #237, #2411, .T. ) ;
#3944 = DIRECTION ( 'NONE',  ( 0.000000000000000000, -0.000000000000000000, 1.000000000000000000 ) ) ;
#3945 =( NAMED_UNIT ( * ) PLANE_ANGLE_UNIT ( ) SI_UNIT ( $, .RADIAN. ) );
#3946 = DIRECTION ( 'NONE',  ( 0.000000000000000000, 0.000000000000000000, 1.000000000000000000 ) ) ;
#3947 = ORIENTED_EDGE ( 'NONE', *, *, #483, .F. ) ;
#3948 = VERTEX_POINT ( 'NONE', #4307 ) ;
#3949 = DIRECTION ( 'NONE',  ( 0.8660254037844382635, 0.000000000000000000, -0.5000000000000007772 ) ) ;
#3950 = ORIENTED_EDGE ( 'NONE', *, *, #330, .T. ) ;
#3951 = CARTESIAN_POINT ( 'NONE',  ( 4.763139720814412392, -2.500000000000000000, 2.750000000000000444 ) ) ;
#3952 =( GEOMETRIC_REPRESENTATION_CONTEXT ( 3 ) GLOBAL_UNCERTAINTY_ASSIGNED_CONTEXT ( ( #281 ) ) GLOBAL_UNIT_ASSIGNED_CONTEXT ( ( #3531, #801, #134 ) ) REPRESENTATION_CONTEXT ( 'NONE', 'WORKASPACE' ) );
#3953 = CIRCLE ( 'NONE', #4101, 5.587999999999998302 ) ;
#3954 = CARTESIAN_POINT ( 'NONE',  ( 1.500000000000000000, 3.535250795749692346E-16, -2.886751345948131320 ) ) ;
#3955 = PLANE ( 'NONE',  #602 ) ;
#3956 = CIRCLE ( 'NONE', #3098, 5.588000000000002743 ) ;
#3957 = ORIENTED_EDGE ( 'NONE', *, *, #1767, .F. ) ;
#3958 = PLANE ( 'NONE',  #1323 ) ;
#3959 = PRODUCT_RELATED_PRODUCT_CATEGORY ( 'part', '', ( #1576 ) ) ;
#3960 = DIRECTION ( 'NONE',  ( 0.8898577252134367566, 0.2688750668918974407, -0.3685911383658663776 ) ) ;
#3961 = PRESENTATION_STYLE_ASSIGNMENT (( #1231 ) ) ;
#3962 = VECTOR ( 'NONE', #3485, 1000.000000000000000 ) ;
#3963 = CIRCLE ( 'NONE', #2611, 5.588000000000000966 ) ;
#3964 = ORIENTED_EDGE ( 'NONE', *, *, #3653, .T. ) ;
#3965 = DIRECTION ( 'NONE',  ( -0.5484109764481208682, -0.7555613467006967454, -0.3582910161908169355 ) ) ;
#3966 = VERTEX_POINT ( 'NONE', #2620 ) ;
#3967 = DIRECTION ( 'NONE',  ( 0.000000000000000000, 1.000000000000000000, 0.000000000000000000 ) ) ;
#3968 = VECTOR ( 'NONE', #496, 999.9999999999998863 ) ;
#3969 = EDGE_CURVE ( 'NONE', #3188, #192, #3982, .T. ) ;
#3970 =( GEOMETRIC_REPRESENTATION_CONTEXT ( 3 ) GLOBAL_UNCERTAINTY_ASSIGNED_CONTEXT ( ( #999 ) ) GLOBAL_UNIT_ASSIGNED_CONTEXT ( ( #3475, #116, #1591 ) ) REPRESENTATION_CONTEXT ( 'NONE', 'WORKASPACE' ) );
#3971 = AXIS2_PLACEMENT_3D ( 'NONE', #504, #2931, #1870 ) ;
#3972 = APPLICATION_CONTEXT ( 'automotive_design' ) ;
#3973 = CYLINDRICAL_SURFACE ( 'NONE', #2255, 5.588000000000000966 ) ;
#3974 = EDGE_CURVE ( 'NONE', #2747, #3136, #286, .T. ) ;
#3975 = VECTOR ( 'NONE', #3249, 1000.000000000000000 ) ;
#3976 = AXIS2_PLACEMENT_3D ( 'NONE', #1756, #1425, #3931 ) ;
#3977 = LINE ( 'NONE', #3320, #817 ) ;
#3978 = VERTEX_POINT ( 'NONE', #4376 ) ;
#3979 = ORIENTED_EDGE ( 'NONE', *, *, #2429, .T. ) ;
#3980 = FACE_BOUND ( 'NONE', #2606, .T. ) ;
#3981 = ORIENTED_EDGE ( 'NONE', *, *, #2189, .F. ) ;
#3982 = LINE ( 'NONE', #2188, #2261 ) ;
#3983 = FACE_OUTER_BOUND ( 'NONE', #2269, .T. ) ;
#3984 = CARTESIAN_POINT ( 'NONE',  ( 48.22392579834540527, -14.57110604024939882, 19.97500409654870168 ) ) ;
#3985 = ORIENTED_EDGE ( 'NONE', *, *, #3494, .F. ) ;
#3986 = FACE_OUTER_BOUND ( 'NONE', #569, .T. ) ;
#3987 = CARTESIAN_POINT ( 'NONE',  ( -7.781617882923460350, -9.442407932967681106, 33.38863512561714941 ) ) ;
#3988 = EDGE_CURVE ( 'NONE', #1919, #465, #2765, .T. ) ;
#3989 = ORIENTED_EDGE ( 'NONE', *, *, #3829, .T. ) ;
#3990 = LINE ( 'NONE', #1234, #243 ) ;
#3991 = ORIENTED_EDGE ( 'NONE', *, *, #2716, .T. ) ;
#3992 = CARTESIAN_POINT ( 'NONE',  ( 21.94880406764797343, 2.500000000000000000, 1.499999999999988010 ) ) ;
#3993 = EDGE_CURVE ( 'NONE', #517, #1571, #1402, .T. ) ;
#3994 = CARTESIAN_POINT ( 'NONE',  ( 1.500000000000000000, 0.000000000000000000, 0.000000000000000000 ) ) ;
#3995 = CARTESIAN_POINT ( 'NONE',  ( 0.4430634043861970128, 8.958010899717418596, -32.56963708026599846 ) ) ;
#3996 = PRODUCT_DEFINITION_CONTEXT ( 'detailed design', #3972, 'design' ) ;
#3997 = DIRECTION ( 'NONE',  ( 0.1849397487677571505, 0.000000000000000000, -0.9827498610153648784 ) ) ;
#3998 = ORIENTED_EDGE ( 'NONE', *, *, #3497, .F. ) ;
#3999 = ORIENTED_EDGE ( 'NONE', *, *, #151, .T. ) ;
#4000 = ORIENTED_EDGE ( 'NONE', *, *, #557, .F. ) ;
#4001 = DIRECTION ( 'NONE',  ( -0.8256812413987163479, 0.000000000000000000, 0.5641369404694881462 ) ) ;
#4002 = DIRECTION ( 'NONE',  ( 0.8371691043312220470, 0.000000000000000000, 0.5469441386039889386 ) ) ;
#4003 = DIRECTION ( 'NONE',  ( 0.000000000000000000, 0.000000000000000000, -1.000000000000000000 ) ) ;
#4004 = ORIENTED_EDGE ( 'NONE', *, *, #1471, .F. ) ;
#4005 = FACE_OUTER_BOUND ( 'NONE', #1293, .T. ) ;
#4006 = LINE ( 'NONE', #2912, #257 ) ;
#4007 = SURFACE_SIDE_STYLE ('',( #1922 ) ) ;
#4008 = ORIENTED_EDGE ( 'NONE', *, *, #2308, .T. ) ;
#4009 = CARTESIAN_POINT ( 'NONE',  ( 12.58253497692818001, 26.53395324602110250, -19.25920545329805122 ) ) ;
#4010 = ORIENTED_EDGE ( 'NONE', *, *, #3903, .F. ) ;
#4011 = CARTESIAN_POINT ( 'NONE',  ( 3.061616997868383043E-15, 2.500000000000000000, 25.00000000000000000 ) ) ;
#4012 = EDGE_CURVE ( 'NONE', #4035, #2747, #2050, .T. ) ;
#4013 = LINE ( 'NONE', #3742, #2753 ) ;
#4014 = EDGE_CURVE ( 'NONE', #615, #2218, #613, .T. ) ;
#4015 = LINE ( 'NONE', #1370, #3256 ) ;
#4016 = DIRECTION ( 'NONE',  ( -0.000000000000000000, -1.000000000000000000, -0.000000000000000000 ) ) ;
#4017 = VERTEX_POINT ( 'NONE', #3015 ) ;
#4018 = ORIENTED_EDGE ( 'NONE', *, *, #2490, .F. ) ;
#4019 = VERTEX_POINT ( 'NONE', #2664 ) ;
#4020 = DIRECTION ( 'NONE',  ( -1.000000000000000000, 0.000000000000000000, 3.605555036969171420E-15 ) ) ;
#4021 = VECTOR ( 'NONE', #1142, 1000.000000000000114 ) ;
#4022 = EDGE_CURVE ( 'NONE', #1197, #2650, #2726, .T. ) ;
#4023 = AXIS2_PLACEMENT_3D ( 'NONE', #1481, #1835, #1771 ) ;
#4024 = DIRECTION ( 'NONE',  ( -0.8256812413987163479, 0.000000000000000000, 0.5641369404694881462 ) ) ;
#4025 = CARTESIAN_POINT ( 'NONE',  ( 1.299038105676654231, 2.500000000000000000, -0.7499999999999993339 ) ) ;
#4026 = ORIENTED_EDGE ( 'NONE', *, *, #4372, .F. ) ;
#4027 = DIRECTION ( 'NONE',  ( -0.6325326158847149882, -0.6550778971785178317, -0.4132498499336819120 ) ) ;
#4028 = EDGE_CURVE ( 'NONE', #2843, #182, #3689, .T. ) ;
#4029 = DIRECTION ( 'NONE',  ( -0.8898577252134316495, 0.2688750668918973852, -0.3685911383658788121 ) ) ;
#4030 =( NAMED_UNIT ( * ) SI_UNIT ( $, .STERADIAN. ) SOLID_ANGLE_UNIT ( ) );
#4031 = CONTEXT_DEPENDENT_SHAPE_REPRESENTATION ( #848, #3883 ) ;
#4032 = ORIENTED_EDGE ( 'NONE', *, *, #2294, .F. ) ;
#4033 = CARTESIAN_POINT ( 'NONE',  ( -33.24148736899014267, 9.442407932967689987, -6.255581981294500160 ) ) ;
#4034 = ORIENTED_EDGE ( 'NONE', *, *, #8, .F. ) ;
#4035 = VERTEX_POINT ( 'NONE', #2687 ) ;
#4036 = CARTESIAN_POINT ( 'NONE',  ( 1.443375672974060553, 2.500000000000000000, -2.500000000000005773 ) ) ;
#4037 = CIRCLE ( 'NONE', #1106, 5.588000000000000078 ) ;
#4038 = ADVANCED_BREP_SHAPE_REPRESENTATION ( '', ( #4299, #508 ), #3736 ) ;
#4039 = FACE_OUTER_BOUND ( 'NONE', #859, .T. ) ;
#4040 = CIRCLE ( 'NONE', #2890, 5.587999999999998302 ) ;
#4041 = CARTESIAN_POINT ( 'NONE',  ( 0.000000000000000000, -33.31662918123620187, 0.000000000000000000 ) ) ;
#4042 = AXIS2_PLACEMENT_3D ( 'NONE', #3333, #3020, #988 ) ;
#4043 = ORIENTED_EDGE ( 'NONE', *, *, #408, .F. ) ;
#4044 = ORIENTED_EDGE ( 'NONE', *, *, #2012, .T. ) ;
#4045 = AXIS2_PLACEMENT_3D ( 'NONE', #1809, #1419, #2787 ) ;
#4046 = ORIENTED_EDGE ( 'NONE', *, *, #4022, .T. ) ;
#4047 = DIRECTION ( 'NONE',  ( -0.5433626321285639493, -0.2688750668918974407, -0.7952755801671497204 ) ) ;
#4048 = AXIS2_PLACEMENT_3D ( 'NONE', #3390, #4047, #1989 ) ;
#4049 = CARTESIAN_POINT ( 'NONE',  ( -51.29679217713440664, 14.57110604024943967, -9.653337267358219620 ) ) ;
#4050 = EDGE_CURVE ( 'NONE', #3648, #3568, #1535, .T. ) ;
#4051 = STYLED_ITEM ( 'NONE', ( #1569 ), #4256 ) ;
#4052 = DIRECTION ( 'NONE',  ( 0.8371691043312220470, 0.000000000000000000, 0.5469441386039890496 ) ) ;
#4053 = DIRECTION ( 'NONE',  ( -1.051620219116008581E-14, 0.000000000000000000, -1.000000000000000000 ) ) ;
#4054 = DIRECTION ( 'NONE',  ( 0.000000000000000000, 0.000000000000000000, -1.000000000000000000 ) ) ;
#4055 = EDGE_CURVE ( 'NONE', #2005, #2498, #2114, .T. ) ;
#4056 = SURFACE_STYLE_USAGE ( .BOTH. , #626 ) ;
#4057 = AXIS2_PLACEMENT_3D ( 'NONE', #1955, #341, #2408 ) ;
#4058 = ORIENTED_EDGE ( 'NONE', *, *, #3327, .F. ) ;
#4059 = CARTESIAN_POINT ( 'NONE',  ( 1.500000000000000000, -88.11999999999997613, -18.43889075917171638 ) ) ;
#4060 = VERTEX_POINT ( 'NONE', #304 ) ;
#4061 = EDGE_LOOP ( 'NONE', ( #981, #1961 ) ) ;
#4062 = DIRECTION ( 'NONE',  ( 0.1849397487677571505, 0.000000000000000000, -0.9827498610153648784 ) ) ;
#4063 = AXIS2_PLACEMENT_3D ( 'NONE', #863, #2504, #1487 ) ;
#4064 = DIRECTION ( 'NONE',  ( 0.5641369404694911438, 0.000000000000000000, 0.8256812413987143495 ) ) ;
#4065 = PLANE ( 'NONE',  #2253 ) ;
#4066 = ORIENTED_EDGE ( 'NONE', *, *, #2002, .T. ) ;
#4067 = ORIENTED_EDGE ( 'NONE', *, *, #1256, .T. ) ;
#4068 = DIRECTION ( 'NONE',  ( -0.3826834323650940006, 0.000000000000000000, 0.9238795325112849621 ) ) ;
#4069 = EDGE_CURVE ( 'NONE', #3143, #2942, #3038, .T. ) ;
#4070 = ORIENTED_EDGE ( 'NONE', *, *, #4022, .F. ) ;
#4071 = CYLINDRICAL_SURFACE ( 'NONE', #234, 5.588000000000000078 ) ;
#4072 = FACE_OUTER_BOUND ( 'NONE', #2081, .T. ) ;
#4073 = DIRECTION ( 'NONE',  ( 0.000000000000000000, -0.6550778971785189420, 0.7555613467006961903 ) ) ;
#4074 = EDGE_CURVE ( 'NONE', #410, #1888, #2303, .T. ) ;
#4075 = CARTESIAN_POINT ( 'NONE',  ( 3.056323846519079623, 35.56000000000000227, -4.678100955002880035 ) ) ;
#4076 = ORIENTED_EDGE ( 'NONE', *, *, #279, .T. ) ;
#4077 = DIRECTION ( 'NONE',  ( -0.3582910161908149926, -0.7555613467006969675, 0.5484109764481219784 ) ) ;
#4078 = VERTEX_POINT ( 'NONE', #2709 ) ;
#4079 = CARTESIAN_POINT ( 'NONE',  ( 4.041451884327380562, 2.500000000000000000, -4.000000000000001776 ) ) ;
#4080 = DIRECTION ( 'NONE',  ( 0.000000000000000000, 1.000000000000000000, -0.000000000000000000 ) ) ;
#4081 = EDGE_CURVE ( 'NONE', #3439, #2529, #2555, .T. ) ;
#4082 = CARTESIAN_POINT ( 'NONE',  ( -31.25020010556114869, -9.442407932967681106, 12.94425671059619987 ) ) ;
#4083 = VERTEX_POINT ( 'NONE', #346 ) ;
#4084 = ORIENTED_EDGE ( 'NONE', *, *, #3911, .T. ) ;
#4085 = DIRECTION ( 'NONE',  ( -0.8898577252134316495, 0.2688750668918973852, -0.3685911383658788121 ) ) ;
#4086 = ORIENTED_EDGE ( 'NONE', *, *, #427, .F. ) ;
#4087 = CARTESIAN_POINT ( 'NONE',  ( 19.97500409654850273, -14.57110604024939882, -48.22392579834550475 ) ) ;
#4088 = CARTESIAN_POINT ( 'NONE',  ( -4.763139720814413280, 2.500000000000000000, 2.750000000000000444 ) ) ;
#4089 = CARTESIAN_POINT ( 'NONE',  ( 29.44636935873845118, 14.57110604024935974, 43.09824984439860174 ) ) ;
#4090 = VECTOR ( 'NONE', #2546, 1000.000000000000000 ) ;
#4091 = CARTESIAN_POINT ( 'NONE',  ( 1.443375672974061885, 2.500000000000000000, 5.500000000000000000 ) ) ;
#4092 = PRODUCT_DEFINITION ( 'UNKNOWN', '', #86, #3996 ) ;
#4093 = ORIENTED_EDGE ( 'NONE', *, *, #214, .F. ) ;
#4094 = CARTESIAN_POINT ( 'NONE',  ( -2.886751345948131320, 2.500000000000000000, 2.016616040823038247E-14 ) ) ;
#4095 = VECTOR ( 'NONE', #1754, 1000.000000000000000 ) ;
#4096 = ORIENTED_EDGE ( 'NONE', *, *, #1713, .F. ) ;
#4097 = VERTEX_POINT ( 'NONE', #2328 ) ;
#4098 = DIRECTION ( 'NONE',  ( -6.861576760462197109E-15, 0.7555613467006966344, 0.6550778971785186089 ) ) ;
#4099 = PRESENTATION_STYLE_ASSIGNMENT (( #1702 ) ) ;
#4100 = PRODUCT_DEFINITION_FORMATION_WITH_SPECIFIED_SOURCE ( 'ANY', '', #2631, .NOT_KNOWN. ) ;
#4101 = AXIS2_PLACEMENT_3D ( 'NONE', #2093, #3164, #723 ) ;
#4102 = DIRECTION ( 'NONE',  ( 0.1781293538267799959, -0.2688750668918974962, -0.9465601574697359855 ) ) ;
#4103 = VECTOR ( 'NONE', #647, 999.9999999999998863 ) ;
#4104 = EDGE_CURVE ( 'NONE', #1727, #2506, #1706, .T. ) ;
#4105 = CARTESIAN_POINT ( 'NONE',  ( -1.443375672974065660, -2.500000000000000000, -5.500000000000001776 ) ) ;
#4106 = AXIS2_PLACEMENT_3D ( 'NONE', #464, #843, #1824 ) ;
#4107 = VECTOR ( 'NONE', #3569, 1000.000000000000114 ) ;
#4108 = EDGE_CURVE ( 'NONE', #4282, #331, #2372, .T. ) ;
#4109 = ORIENTED_EDGE ( 'NONE', *, *, #3080, .T. ) ;
#4110 = SURFACE_STYLE_FILL_AREA ( #1131 ) ;
#4111 = VECTOR ( 'NONE', #4136, 1000.000000000000114 ) ;
#4112 = ORIENTED_EDGE ( 'NONE', *, *, #4255, .T. ) ;
#4113 = COLOUR_RGB ( '',0.7921568627450980005, 0.8196078431372548767, 0.9333333333333333481 ) ;
#4114 = CARTESIAN_POINT ( 'NONE',  ( 2.886751345948130876, 47.50000000000000000, 0.000000000000000000 ) ) ;
#4115 = CIRCLE ( 'NONE', #680, 5.588000000000000078 ) ;
#4116 = CARTESIAN_POINT ( 'NONE',  ( 7.704800483715829699E-16, 2.500000000000000000, 1.499999999999999556 ) ) ;
#4117 = DIRECTION ( 'NONE',  ( -0.5433626321285639493, -0.2688750668918974407, -0.7952755801671497204 ) ) ;
#4118 = AXIS2_PLACEMENT_3D ( 'NONE', #562, #4016, #1932 ) ;
#4119 = CIRCLE ( 'NONE', #1819, 5.587999999999997414 ) ;
#4120 = LINE ( 'NONE', #4075, #4206 ) ;
#4121 = ORIENTED_EDGE ( 'NONE', *, *, #305, .T. ) ;
#4122 = DIRECTION ( 'NONE',  ( -0.000000000000000000, -0.000000000000000000, 1.000000000000000000 ) ) ;
#4123 = VERTEX_POINT ( 'NONE', #1277 ) ;
#4124 = ORIENTED_EDGE ( 'NONE', *, *, #3327, .T. ) ;
#4125 = CARTESIAN_POINT ( 'NONE',  ( -52.33023549324860113, 14.57110604024943967, -4.161731044004350011 ) ) ;
#4126 = CIRCLE ( 'NONE', #756, 5.587999999999998302 ) ;
#4127 = EDGE_CURVE ( 'NONE', #2147, #2921, #1962, .T. ) ;
#4128 = CARTESIAN_POINT ( 'NONE',  ( 46.08549077828940455, -14.57110604024935974, -25.13764292422139945 ) ) ;
#4129 = EDGE_CURVE ( 'NONE', #2469, #59, #1690, .T. ) ;
#4130 = DIRECTION ( 'NONE',  ( -6.861576760462201842E-15, 0.7555613467006971895, 0.6550778971785180538 ) ) ;
#4131 = DIRECTION ( 'NONE',  ( -0.3685911383658693197, 0.2688750668918973852, -0.8898577252134356463 ) ) ;
#4132 = EDGE_LOOP ( 'NONE', ( #2661, #3991, #3, #1604, #1649, #656 ) ) ;
#4133 = CARTESIAN_POINT ( 'NONE',  ( 1.443375672974094526, 47.50000000000000000, 2.499999999999984901 ) ) ;
#4134 = EDGE_LOOP ( 'NONE', ( #3152, #3553, #43, #511 ) ) ;
#4135 = DIRECTION ( 'NONE',  ( -0.9238795325112891810, 0.000000000000000000, 0.3826834323650840641 ) ) ;
#4136 = DIRECTION ( 'NONE',  ( 0.8898577252134367566, 0.2688750668918974407, -0.3685911383658663776 ) ) ;
#4137 = CARTESIAN_POINT ( 'NONE',  ( -14.81236526887465921, -14.57110604024932066, -50.36236081840159784 ) ) ;
#4138 = CARTESIAN_POINT ( 'NONE',  ( 1.500000000000000000, 10.00000000000000000, -10.00000000000000000 ) ) ;
#4139 = ORIENTED_EDGE ( 'NONE', *, *, #2495, .F. ) ;
#4140 = DIRECTION ( 'NONE',  ( -0.000000000000000000, -1.000000000000000000, -0.000000000000000000 ) ) ;
#4141 = ORIENTED_EDGE ( 'NONE', *, *, #571, .F. ) ;
#4142 = ORIENTED_EDGE ( 'NONE', *, *, #2680, .F. ) ;
#4143 = CARTESIAN_POINT ( 'NONE',  ( 15.00000000000000000, -47.50000000000000000, -4.019237886466838994 ) ) ;
#4144 = LINE ( 'NONE', #3491, #969 ) ;
#4145 = EDGE_CURVE ( 'NONE', #2315, #3899, #2348, .T. ) ;
#4146 = DIRECTION ( 'NONE',  ( -0.5641369404694860368, 0.000000000000000000, -0.8256812413987176802 ) ) ;
#4147 = CARTESIAN_POINT ( 'NONE',  ( 52.33023549324840218, 14.57110604024939882, 4.161731044004664426 ) ) ;
#4148 = VERTEX_POINT ( 'NONE', #1020 ) ;
#4149 = DIRECTION ( 'NONE',  ( -0.8256812413987159038, 0.000000000000000000, 0.5641369404694887013 ) ) ;
#4150 = VERTEX_POINT ( 'NONE', #2393 ) ;
#4151 = LINE ( 'NONE', #4173, #2457 ) ;
#4152 = DIRECTION ( 'NONE',  ( -0.5484109764481208682, -0.7555613467006967454, -0.3582910161908169355 ) ) ;
#4153 = CARTESIAN_POINT ( 'NONE',  ( 33.38863512561714941, -9.442407932967681106, -7.781617882923340446 ) ) ;
#4154 = ADVANCED_FACE ( 'NONE', ( #1622 ), #2994, .T. ) ;
#4155 = DIRECTION ( 'NONE',  ( -0.7555613467006961903, -0.6550778971785189420, 0.000000000000000000 ) ) ;
#4156 = EDGE_CURVE ( 'NONE', #1825, #192, #52, .T. ) ;
#4157 = LINE ( 'NONE', #777, #3962 ) ;
#4158 = ORIENTED_EDGE ( 'NONE', *, *, #3751, .F. ) ;
#4159 = ORIENTED_EDGE ( 'NONE', *, *, #2737, .F. ) ;
#4160 = CARTESIAN_POINT ( 'NONE',  ( -15.54387207615510214, 41.30908143518715292, 23.79191684373470039 ) ) ;
#4161 = SURFACE_STYLE_USAGE ( .BOTH. , #129 ) ;
#4162 = STYLED_ITEM ( 'NONE', ( #3961 ), #3540 ) ;
#4163 = EDGE_LOOP ( 'NONE', ( #912, #3874, #1949, #3103 ) ) ;
#4164 = DIRECTION ( 'NONE',  ( -0.1781293538267804955, -0.2688750668918974962, 0.9465601574697359855 ) ) ;
#4165 = CARTESIAN_POINT ( 'NONE',  ( 13.74736967400686005, 18.46009179263317890, -82.35527105727781816 ) ) ;
#4166 = AXIS2_PLACEMENT_3D ( 'NONE', #3499, #3776, #5 ) ;
#4167 = AXIS2_PLACEMENT_3D ( 'NONE', #1698, #3670, #1032 ) ;
#4168 = DIRECTION ( 'NONE',  ( -0.000000000000000000, -0.000000000000000000, -1.000000000000000000 ) ) ;
#4169 = ORIENTED_EDGE ( 'NONE', *, *, #4081, .T. ) ;
#4170 = CARTESIAN_POINT ( 'NONE',  ( -2.165063509461104374, 2.500000000000000000, -1.249999999999987343 ) ) ;
#4171 = AXIS2_PLACEMENT_3D ( 'NONE', #2304, #886, #3662 ) ;
#4172 = DIRECTION ( 'NONE',  ( 0.8898577252134290960, 0.2688750668918974962, 0.3685911383658849738 ) ) ;
#4173 = CARTESIAN_POINT ( 'NONE',  ( 1.443375672974094526, 47.50000000000000000, 2.499999999999984901 ) ) ;
#4174 = CARTESIAN_POINT ( 'NONE',  ( -18.10301132556800141, 8.958010899717418596, -26.49590160132130023 ) ) ;
#4175 = CIRCLE ( 'NONE', #2105, 5.588000000000001855 ) ;
#4176 = LINE ( 'NONE', #4137, #1335 ) ;
#4177 = ADVANCED_FACE ( 'NONE', ( #363, #1421, #1043, #2117, #387, #2071 ), #1110, .T. ) ;
#4178 = CARTESIAN_POINT ( 'NONE',  ( -21.94880406764797343, 2.500000000000000000, -1.499999999999999556 ) ) ;
#4179 = CIRCLE ( 'NONE', #392, 5.587999999999998302 ) ;
#4180 = EDGE_CURVE ( 'NONE', #3014, #4324, #4126, .T. ) ;
#4181 = LINE ( 'NONE', #2779, #318 ) ;
#4182 = ORIENTED_EDGE ( 'NONE', *, *, #2987, .T. ) ;
#4183 = ORIENTED_EDGE ( 'NONE', *, *, #4069, .F. ) ;
#4184 = CIRCLE ( 'NONE', #2259, 2.886751345948131320 ) ;
#4185 = DIRECTION ( 'NONE',  ( 1.000000000000000000, 0.000000000000000000, -1.036597073128637237E-14 ) ) ;
#4186 =( NAMED_UNIT ( * ) SI_UNIT ( $, .STERADIAN. ) SOLID_ANGLE_UNIT ( ) );
#4187 = VECTOR ( 'NONE', #1223, 1000.000000000000000 ) ;
#4188 = PRESENTATION_LAYER_ASSIGNMENT (  '', '', ( #4261 ) ) ;
#4189 = ORIENTED_EDGE ( 'NONE', *, *, #1066, .F. ) ;
#4190 = SURFACE_STYLE_USAGE ( .BOTH. , #90 ) ;
#4191 = ORIENTED_EDGE ( 'NONE', *, *, #149, .T. ) ;
#4192 = FILL_AREA_STYLE_COLOUR ( '', #4403 ) ;
#4193 = APPLICATION_CONTEXT ( 'automotive_design' ) ;
#4194 = ORIENTED_EDGE ( 'NONE', *, *, #2389, .T. ) ;
#4195 = DIRECTION ( 'NONE',  ( 2.287192253487400220E-15, 0.7555613467006970785, -0.6550778971785179428 ) ) ;
#4196 = CARTESIAN_POINT ( 'NONE',  ( -2.165063509461087055, -2.500000000000000000, 1.250000000000017097 ) ) ;
#4197 = DIRECTION ( 'NONE',  ( 0.6550778971785180538, 0.7555613467006971895, 0.000000000000000000 ) ) ;
#4198 = ADVANCED_FACE ( 'NONE', ( #29 ), #2136, .F. ) ;
#4199 = FACE_OUTER_BOUND ( 'NONE', #722, .T. ) ;
#4200 = CARTESIAN_POINT ( 'NONE',  ( -26.49590160132124694, 8.958010899717429254, 18.10301132556810089 ) ) ;
#4201 = ORIENTED_EDGE ( 'NONE', *, *, #3356, .T. ) ;
#4202 = EDGE_CURVE ( 'NONE', #1619, #1696, #3765, .T. ) ;
#4203 = VERTEX_POINT ( 'NONE', #4133 ) ;
#4204 = DIRECTION ( 'NONE',  ( 0.000000000000000000, 1.000000000000000000, 0.000000000000000000 ) ) ;
#4205 = ORIENTED_EDGE ( 'NONE', *, *, #1417, .F. ) ;
#4206 = VECTOR ( 'NONE', #2422, 1000.000000000000000 ) ;
#4207 = EDGE_CURVE ( 'NONE', #2240, #3423, #1118, .T. ) ;
#4208 = ORIENTED_EDGE ( 'NONE', *, *, #1770, .F. ) ;
#4209 = PRESENTATION_STYLE_ASSIGNMENT (( #474 ) ) ;
#4210 = FACE_OUTER_BOUND ( 'NONE', #1179, .T. ) ;
#4211 = ORIENTED_EDGE ( 'NONE', *, *, #3494, .T. ) ;
#4212 = FACE_BOUND ( 'NONE', #1661, .T. ) ;
#4213 = DIRECTION ( 'NONE',  ( 0.000000000000000000, 0.000000000000000000, 1.000000000000000000 ) ) ;
#4214 = CARTESIAN_POINT ( 'NONE',  ( -9.653337267358711671, 14.57110604024939882, 51.29679217713410111 ) ) ;
#4215 =( REPRESENTATION_RELATIONSHIP ('NONE','NONE', #2722, #3484 ) REPRESENTATION_RELATIONSHIP_WITH_TRANSFORMATION ( #3263 )SHAPE_REPRESENTATION_RELATIONSHIP( ) );
#4216 = CARTESIAN_POINT ( 'NONE',  ( -9.675363928147334036, 2.500000000000000000, -19.75822190527036071 ) ) ;
#4217 = DIRECTION ( 'NONE',  ( 2.287192253487400614E-15, 0.7555613467006971895, -0.6550778971785180538 ) ) ;
#4218 = VERTEX_POINT ( 'NONE', #2480 ) ;
#4219 = ORIENTED_EDGE ( 'NONE', *, *, #558, .F. ) ;
#4220 = LINE ( 'NONE', #3488, #2763 ) ;
#4221 = CARTESIAN_POINT ( 'NONE',  ( -4.763139720814413280, 2.500000000000000000, -2.750000000000000444 ) ) ;
#4222 = DIRECTION ( 'NONE',  ( -0.6325326158847149882, 0.6550778971785178317, -0.4132498499336819120 ) ) ;
#4223 = ORIENTED_EDGE ( 'NONE', *, *, #870, .F. ) ;
#4224 = ADVANCED_FACE ( 'NONE', ( #3478 ), #720, .T. ) ;
#4225 = DIRECTION ( 'NONE',  ( -0.8660254037844384856, 0.000000000000000000, 0.5000000000000004441 ) ) ;
#4226 =( GEOMETRIC_REPRESENTATION_CONTEXT ( 3 ) GLOBAL_UNCERTAINTY_ASSIGNED_CONTEXT ( ( #908 ) ) GLOBAL_UNIT_ASSIGNED_CONTEXT ( ( #292, #312, #2171 ) ) REPRESENTATION_CONTEXT ( 'NONE', 'WORKASPACE' ) );
#4227 = ADVANCED_FACE ( 'NONE', ( #1769, #3144, #2088, #450, #71, #1439 ), #771, .T. ) ;
#4228 = ORIENTED_EDGE ( 'NONE', *, *, #3792, .F. ) ;
#4229 = EDGE_CURVE ( 'NONE', #787, #3763, #2767, .T. ) ;
#4230 = AXIS2_PLACEMENT_3D ( 'NONE', #2512, #783, #1435 ) ;
#4231 = CARTESIAN_POINT ( 'NONE',  ( 1.500000000000000000, -114.1007621135331362, -33.43889075917171283 ) ) ;
#4232 = ORIENTED_EDGE ( 'NONE', *, *, #732, .F. ) ;
#4233 = EDGE_LOOP ( 'NONE', ( #4409, #873, #1597, #307, #2805 ) ) ;
#4234 = DIRECTION ( 'NONE',  ( 0.4132498499336823561, 0.6550778971785180538, -0.6325326158847146552 ) ) ;
#4235 = DIRECTION ( 'NONE',  ( 0.000000000000000000, 1.000000000000000000, -0.000000000000000000 ) ) ;
#4236 = MANIFOLD_SOLID_BREP ( 'Boss-Extrude1', #4300 ) ;
#4237 = ORIENTED_EDGE ( 'NONE', *, *, #4370, .T. ) ;
#4238 = DIRECTION ( 'NONE',  ( -0.5000000000000009992, 0.000000000000000000, -0.8660254037844380415 ) ) ;
#4239 = VECTOR ( 'NONE', #2212, 1000.000000000000114 ) ;
#4240 = PRODUCT_DEFINITION_SHAPE ( 'NONE', 'NONE',  #4424 ) ;
#4241 = DIRECTION ( 'NONE',  ( 0.000000000000000000, 0.000000000000000000, -1.000000000000000000 ) ) ;
#4242 = AXIS2_PLACEMENT_3D ( 'NONE', #3984, #4269, #3934 ) ;
#4243 = CIRCLE ( 'NONE', #1806, 5.588000000000000078 ) ;
#4244 = DIRECTION ( 'NONE',  ( -0.000000000000000000, -1.000000000000000000, -0.000000000000000000 ) ) ;
#4245 = ORIENTED_EDGE ( 'NONE', *, *, #218, .F. ) ;
#4246 = DIRECTION ( 'NONE',  ( 0.5469441386039888275, 0.000000000000000000, -0.8371691043312220470 ) ) ;
#4247 = CARTESIAN_POINT ( 'NONE',  ( 21.94880406764797343, -2.500000000000000000, -1.500000000000010880 ) ) ;
#4248 = AXIS2_PLACEMENT_3D ( 'NONE', #724, #4053, #2094 ) ;
#4249 = MANIFOLD_SOLID_BREP ( 'NONE', #2867 ) ;
#4250 = CIRCLE ( 'NONE', #2621, 5.588000000000000078 ) ;
#4251 = LINE ( 'NONE', #2955, #1454 ) ;
#4252 = VERTEX_POINT ( 'NONE', #92 ) ;
#4253 = VECTOR ( 'NONE', #4098, 1000.000000000000000 ) ;
#4254 = DIRECTION ( 'NONE',  ( -0.3685911383658754814, 0.2688750668918974962, 0.8898577252134330928 ) ) ;
#4255 = EDGE_CURVE ( 'NONE', #1086, #314, #1834, .T. ) ;
#4256 = MANIFOLD_SOLID_BREP ( 'Boss-Extrude1', #3732 ) ;
#4257 = CARTESIAN_POINT ( 'NONE',  ( -28.28124668251735230, 0.000000000000000000, -18.47686689031994689 ) ) ;
#4258 = ADVANCED_FACE ( 'NONE', ( #2568 ), #1171, .T. ) ;
#4259 = ORIENTED_EDGE ( 'NONE', *, *, #1037, .F. ) ;
#4260 = DIRECTION ( 'NONE',  ( 1.000000000000000000, 0.000000000000000000, -3.605555036969171420E-15 ) ) ;
#4261 = STYLED_ITEM ( 'NONE', ( #4209 ), #4249 ) ;
#4262 = CARTESIAN_POINT ( 'NONE',  ( -6.938893903907229955E-15, 0.000000000000000000, -1.387778780781445991E-14 ) ) ;
#4263 = ORIENTED_EDGE ( 'NONE', *, *, #2429, .F. ) ;
#4264 = ORIENTED_EDGE ( 'NONE', *, *, #112, .F. ) ;
#4265 = CARTESIAN_POINT ( 'NONE',  ( -1.443375672974065660, 2.500000000000000000, -5.500000000000001776 ) ) ;
#4266 = VERTEX_POINT ( 'NONE', #539 ) ;
#4267 = DIRECTION ( 'NONE',  ( 0.000000000000000000, 1.000000000000000000, -0.000000000000000000 ) ) ;
#4268 = DIRECTION ( 'NONE',  ( -0.000000000000000000, -1.000000000000000000, -0.000000000000000000 ) ) ;
#4269 = DIRECTION ( 'NONE',  ( -0.8898577252134317606, 0.2688750668918974407, -0.3685911383658788676 ) ) ;
#4270 = EDGE_LOOP ( 'NONE', ( #719, #3036 ) ) ;
#4271 = DIRECTION ( 'NONE',  ( -0.8660254037844380415, 0.000000000000000000, 0.5000000000000009992 ) ) ;
#4272 = ADVANCED_FACE ( 'NONE', ( #2543 ), #1241, .F. ) ;
#4273 = PLANE ( 'NONE',  #1333 ) ;
#4274 = SURFACE_STYLE_USAGE ( .BOTH. , #3262 ) ;
#4275 = FACE_OUTER_BOUND ( 'NONE', #1924, .T. ) ;
#4276 = ORIENTED_EDGE ( 'NONE', *, *, #3381, .T. ) ;
#4277 = CARTESIAN_POINT ( 'NONE',  ( 0.000000000000000000, -35.11819835925530242, 0.000000000000000000 ) ) ;
#4278 = LINE ( 'NONE', #1215, #2473 ) ;
#4279 = DIRECTION ( 'NONE',  ( 0.000000000000000000, 1.000000000000000000, -0.000000000000000000 ) ) ;
#4280 = PRODUCT_DEFINITION ( 'UNKNOWN', '', #157, #3318 ) ;
#4281 = ORIENTED_EDGE ( 'NONE', *, *, #4294, .F. ) ;
#4282 = VERTEX_POINT ( 'NONE', #3923 ) ;
#4283 = DIRECTION ( 'NONE',  ( 0.000000000000000000, -0.000000000000000000, 1.000000000000000000 ) ) ;
#4284 = ORIENTED_EDGE ( 'NONE', *, *, #4012, .T. ) ;
#4285 = CARTESIAN_POINT ( 'NONE',  ( 6.843326313635410839E-16, -33.31662918123620187, -5.588000000000000078 ) ) ;
#4286 = CARTESIAN_POINT ( 'NONE',  ( 0.000000000000000000, 2.500000000000000000, 0.000000000000000000 ) ) ;
#4287 = CARTESIAN_POINT ( 'NONE',  ( 3.061616997868383043E-15, 2.500000000000000000, 25.00000000000000000 ) ) ;
#4288 = VERTEX_POINT ( 'NONE', #856 ) ;
#4289 = DIRECTION ( 'NONE',  ( -0.6550778971785180538, 0.7555613467006971895, 0.000000000000000000 ) ) ;
#4290 = CARTESIAN_POINT ( 'NONE',  ( 30.50275044803750291, 8.958010899717429254, 11.42627585109380028 ) ) ;
#4291 = ADVANCED_FACE ( 'NONE', ( #907 ), #2277, .F. ) ;
#4292 = PRODUCT_CONTEXT ( 'NONE', #3821, 'mechanical' ) ;
#4293 = PRODUCT ( 'Intake-Wheel', 'Intake-Wheel', '', ( #3336 ) ) ;
#4294 = EDGE_CURVE ( 'NONE', #1244, #3536, #2118, .T. ) ;
#4295 = VERTEX_POINT ( 'NONE', #2783 ) ;
#4296 = DIRECTION ( 'NONE',  ( -1.000000000000000000, 0.000000000000000000, 0.000000000000000000 ) ) ;
#4297 = VERTEX_POINT ( 'NONE', #1414 ) ;
#4298 = DIRECTION ( 'NONE',  ( 0.000000000000000000, 0.000000000000000000, 1.000000000000000000 ) ) ;
#4299 = MANIFOLD_SOLID_BREP ( 'Boss-Extrude1', #3659 ) ;
#4300 = CLOSED_SHELL ( 'NONE', ( #1640, #3304, #2431, #1716, #3409, #1087, #3008, #3436 ) ) ;
#4301 = DIRECTION ( 'NONE',  ( 0.000000000000000000, 0.6550778971785183868, 0.7555613467006968564 ) ) ;
#4302 = CIRCLE ( 'NONE', #2804, 25.00000000000000000 ) ;
#4303 = ORIENTED_EDGE ( 'NONE', *, *, #910, .T. ) ;
#4304 = ORIENTED_EDGE ( 'NONE', *, *, #4317, .T. ) ;
#4305 = FACE_BOUND ( 'NONE', #1054, .T. ) ;
#4306 = ORIENTED_EDGE ( 'NONE', *, *, #197, .F. ) ;
#4307 = CARTESIAN_POINT ( 'NONE',  ( 12.27344013950065715, 2.500000000000000000, 18.25822190527035715 ) ) ;
#4308 = VECTOR ( 'NONE', #3227, 1000.000000000000114 ) ;
#4309 = ADVANCED_FACE ( 'NONE', ( #3092, #45, #3075, #259, #3677, #1290 ), #612, .F. ) ;
#4310 = DIRECTION ( 'NONE',  ( -1.000000000000000000, -0.000000000000000000, -0.000000000000000000 ) ) ;
#4311 = FACE_BOUND ( 'NONE', #959, .T. ) ;
#4312 = VECTOR ( 'NONE', #581, 1000.000000000000114 ) ;
#4313 = VERTEX_POINT ( 'NONE', #1657 ) ;
#4314 = DIRECTION ( 'NONE',  ( 0.000000000000000000, 0.6550778971785180538, 0.7555613467006970785 ) ) ;
#4315 = LINE ( 'NONE', #223, #2409 ) ;
#4316 = FILL_AREA_STYLE ('',( #3238 ) ) ;
#4317 = EDGE_CURVE ( 'NONE', #3072, #2542, #3474, .T. ) ;
#4318 = APPLICATION_PROTOCOL_DEFINITION ( 'draft international standard', 'automotive_design', 1998, #3277 ) ;
#4319 = AXIS2_PLACEMENT_3D ( 'NONE', #3110, #14, #1095 ) ;
#4320 = CIRCLE ( 'NONE', #2399, 5.587999999999999190 ) ;
#4321 = EDGE_CURVE ( 'NONE', #1825, #3389, #2638, .T. ) ;
#4322 = ORIENTED_EDGE ( 'NONE', *, *, #2332, .T. ) ;
#4323 = PLANE ( 'NONE',  #1733 ) ;
#4324 = VERTEX_POINT ( 'NONE', #3115 ) ;
#4325 = DIRECTION ( 'NONE',  ( 0.000000000000000000, 0.000000000000000000, 1.000000000000000000 ) ) ;
#4326 = VECTOR ( 'NONE', #1338, 1000.000000000000227 ) ;
#4327 = AXIS2_PLACEMENT_3D ( 'NONE', #2175, #1194, #1239 ) ;
#4328 = CIRCLE ( 'NONE', #3395, 5.588000000000000078 ) ;
#4329 = CYLINDRICAL_SURFACE ( 'NONE', #4327, 5.587999999999996525 ) ;
#4330 = VECTOR ( 'NONE', #883, 1000.000000000000000 ) ;
#4331 = DIRECTION ( 'NONE',  ( 0.8898577252134366455, 0.2688750668918973852, -0.3685911383658668217 ) ) ;
#4332 = ORIENTED_EDGE ( 'NONE', *, *, #2654, .T. ) ;
#4333 = ORIENTED_EDGE ( 'NONE', *, *, #3515, .F. ) ;
#4334 = VERTEX_POINT ( 'NONE', #3995 ) ;
#4335 = CARTESIAN_POINT ( 'NONE',  ( -21.94880406764797343, 2.500000000000000000, 1.500000000000001776 ) ) ;
#4336 = DIRECTION ( 'NONE',  ( 0.9465601574697379839, -0.2688750668918974962, 0.1781293538267695042 ) ) ;
#4337 = CARTESIAN_POINT ( 'NONE',  ( 0.000000000000000000, 2.500000000000000000, 5.500000000000000000 ) ) ;
#4338 = EDGE_LOOP ( 'NONE', ( #3026, #3351, #3989, #2684 ) ) ;
#4339 = DIRECTION ( 'NONE',  ( 0.1781293538267804955, -0.2688750668918974962, -0.9465601574697359855 ) ) ;
#4340 = EDGE_CURVE ( 'NONE', #1386, #2933, #763, .T. ) ;
#4341 = CYLINDRICAL_SURFACE ( 'NONE', #896, 5.588000000000003631 ) ;
#4342 = CONTEXT_DEPENDENT_SHAPE_REPRESENTATION ( #3139, #4240 ) ;
#4343 = EDGE_CURVE ( 'NONE', #1276, #1019, #3654, .T. ) ;
#4344 = ORIENTED_EDGE ( 'NONE', *, *, #2823, .F. ) ;
#4345 = CARTESIAN_POINT ( 'NONE',  ( -6.938893903907229955E-15, 0.000000000000000000, -1.387778780781445991E-14 ) ) ;
#4346 = ORIENTED_EDGE ( 'NONE', *, *, #2541, .F. ) ;
#4347 = DIRECTION ( 'NONE',  ( 0.9238795325112865164, 0.000000000000000000, 0.3826834323650902259 ) ) ;
#4348 = DIRECTION ( 'NONE',  ( -1.000000000000000000, -0.000000000000000000, -0.000000000000000000 ) ) ;
#4349 = DIRECTION ( 'NONE',  ( 0.000000000000000000, 0.000000000000000000, -1.000000000000000000 ) ) ;
#4350 = UNCERTAINTY_MEASURE_WITH_UNIT (LENGTH_MEASURE( 1.000000000000000082E-05 ), #2848, 'distance_accuracy_value', 'NONE');
#4351 = LINE ( 'NONE', #931, #36 ) ;
#4352 = EDGE_CURVE ( 'NONE', #2725, #2781, #4015, .T. ) ;
#4353 = ORIENTED_EDGE ( 'NONE', *, *, #3539, .T. ) ;
#4354 = ORIENTED_EDGE ( 'NONE', *, *, #4028, .F. ) ;
#4355 = EDGE_LOOP ( 'NONE', ( #2860, #4076, #858, #1987, #1634, #63, #2286, #3541, #548 ) ) ;
#4356 = DIRECTION ( 'NONE',  ( -1.000000000000000000, -0.000000000000000000, -0.000000000000000000 ) ) ;
#4357 = FACE_BOUND ( 'NONE', #2015, .T. ) ;
#4358 = CARTESIAN_POINT ( 'NONE',  ( 1.443375672974061885, 2.500000000000000000, 5.500000000000000000 ) ) ;
#4359 = ORIENTED_EDGE ( 'NONE', *, *, #3640, .F. ) ;
#4360 = DIRECTION ( 'NONE',  ( 0.5484109764481208682, -0.7555613467006967454, 0.3582910161908169355 ) ) ;
#4361 = DIRECTION ( 'NONE',  ( -0.9827498610153641012, 0.000000000000000000, -0.1849397487677608698 ) ) ;
#4362 = ORIENTED_EDGE ( 'NONE', *, *, #4180, .T. ) ;
#4363 = DIRECTION ( 'NONE',  ( 0.000000000000000000, 0.000000000000000000, -1.000000000000000000 ) ) ;
#4364 = EDGE_LOOP ( 'NONE', ( #4354, #4139 ) ) ;
#4365 = ORIENTED_EDGE ( 'NONE', *, *, #2985, .T. ) ;
#4366 = LINE ( 'NONE', #1014, #4253 ) ;
#4367 =( REPRESENTATION_RELATIONSHIP ('NONE','NONE', #2722, #3484 ) REPRESENTATION_RELATIONSHIP_WITH_TRANSFORMATION ( #3647 )SHAPE_REPRESENTATION_RELATIONSHIP( ) );
#4368 = EDGE_CURVE ( 'NONE', #2468, #3070, #2120, .T. ) ;
#4369 = CARTESIAN_POINT ( 'NONE',  ( 18.10301132556779891, 8.958010899717418596, 26.49590160132139971 ) ) ;
#4370 = EDGE_CURVE ( 'NONE', #337, #1046, #4302, .T. ) ;
#4371 = CARTESIAN_POINT ( 'NONE',  ( -6.938893903907229955E-15, 0.000000000000000000, -1.387778780781445991E-14 ) ) ;
#4372 = EDGE_CURVE ( 'NONE', #2708, #237, #3426, .T. ) ;
#4373 = EDGE_LOOP ( 'NONE', ( #54, #2967, #956, #2423 ) ) ;
#4374 = ORIENTED_EDGE ( 'NONE', *, *, #2510, .T. ) ;
#4375 = EDGE_LOOP ( 'NONE', ( #3443, #2818, #3867, #353 ) ) ;
#4376 = CARTESIAN_POINT ( 'NONE',  ( -5.484827557301445999, -2.500000000000000000, 1.499999999999999334 ) ) ;
#4377 = VECTOR ( 'NONE', #2509, 1000.000000000000000 ) ;
#4378 = CIRCLE ( 'NONE', #2154, 30.00000000000000000 ) ;
#4379 = DIRECTION ( 'NONE',  ( -1.000000000000000000, 0.000000000000000000, -1.224646799147351728E-16 ) ) ;
#4380 = CARTESIAN_POINT ( 'NONE',  ( -4.041451884327381450, -2.500000000000000000, -4.000000000000000000 ) ) ;
#4381 = CARTESIAN_POINT ( 'NONE',  ( 26.49590160132134997, 8.958010899717429254, -18.10301132556794812 ) ) ;
#4382 = DIRECTION ( 'NONE',  ( -0.5433626321285639493, -0.2688750668918974407, -0.7952755801671497204 ) ) ;
#4383 = CIRCLE ( 'NONE', #1240, 5.588000000000002743 ) ;
#4384 = AXIS2_PLACEMENT_3D ( 'NONE', #1565, #3600, #1262 ) ;
#4385 = VERTEX_POINT ( 'NONE', #715 ) ;
#4386 = DIRECTION ( 'NONE',  ( 0.9465601574697382059, -0.2688750668918975517, 0.1781293538267695320 ) ) ;
#4387 = ORIENTED_EDGE ( 'NONE', *, *, #1929, .T. ) ;
#4388 = DIRECTION ( 'NONE',  ( 0.000000000000000000, 1.000000000000000000, -0.000000000000000000 ) ) ;
#4389 = CIRCLE ( 'NONE', #3674, 2.886751345948131320 ) ;
#4390 = CIRCLE ( 'NONE', #2688, 33.78199999999999648 ) ;
#4391 = LINE ( 'NONE', #1353, #2394 ) ;
#4392 = EDGE_CURVE ( 'NONE', #3467, #1276, #2083, .T. ) ;
#4393 = UNCERTAINTY_MEASURE_WITH_UNIT (LENGTH_MEASURE( 1.000000000000000082E-05 ), #3557, 'distance_accuracy_value', 'NONE');
#4394 = AXIS2_PLACEMENT_3D ( 'NONE', #3267, #2636, #580 ) ;
#4395 = CARTESIAN_POINT ( 'NONE',  ( 0.000000000000000000, 2.500000000000000000, -25.00000000000000000 ) ) ;
#4396 = VECTOR ( 'NONE', #846, 1000.000000000000000 ) ;
#4397 = ORIENTED_EDGE ( 'NONE', *, *, #3592, .F. ) ;
#4398 = EDGE_CURVE ( 'NONE', #3636, #1478, #1432, .T. ) ;
#4399 = ORIENTED_EDGE ( 'NONE', *, *, #2516, .T. ) ;
#4400 = DIRECTION ( 'NONE',  ( -0.5484109764481208682, -0.7555613467006967454, -0.3582910161908169355 ) ) ;
#4401 = VECTOR ( 'NONE', #369, 1000.000000000000000 ) ;
#4402 = ORIENTED_EDGE ( 'NONE', *, *, #2149, .F. ) ;
#4403 = COLOUR_RGB ( '',0.7921568627450980005, 0.8196078431372548767, 0.9333333333333333481 ) ;
#4404 = CARTESIAN_POINT ( 'NONE',  ( 4.763139720814412392, 2.500000000000000000, 2.750000000000000444 ) ) ;
#4405 = DIRECTION ( 'NONE',  ( -0.3826834323650941672, 0.000000000000000000, 0.9238795325112850731 ) ) ;
#4406 = ORIENTED_EDGE ( 'NONE', *, *, #1697, .F. ) ;
#4407 = EDGE_CURVE ( 'NONE', #2619, #3063, #306, .T. ) ;
#4408 = DIRECTION ( 'NONE',  ( -0.8898577252134343141, 0.2688750668918975517, 0.3685911383658725393 ) ) ;
#4409 = ORIENTED_EDGE ( 'NONE', *, *, #1853, .T. ) ;
#4410 = CARTESIAN_POINT ( 'NONE',  ( -32.64156424301889814, -37.64850614575340160, 0.000000000000000000 ) ) ;
#4411 = DIRECTION ( 'NONE',  ( -0.5433626321285639493, -0.2688750668918974407, -0.7952755801671497204 ) ) ;
#4412 = DIRECTION ( 'NONE',  ( 0.000000000000000000, 1.000000000000000000, -0.000000000000000000 ) ) ;
#4413 = EDGE_LOOP ( 'NONE', ( #295, #1715, #262, #1011, #1339, #925, #4402, #4365, #923 ) ) ;
#4414 = ORIENTED_EDGE ( 'NONE', *, *, #2640, .F. ) ;
#4415 = CARTESIAN_POINT ( 'NONE',  ( 21.82498738512065017, -25.17275721170254954, 0.000000000000000000 ) ) ;
#4416 = VERTEX_POINT ( 'NONE', #3507 ) ;
#4417 = DIRECTION ( 'NONE',  ( 0.000000000000000000, 1.000000000000000000, -0.000000000000000000 ) ) ;
#4418 = DIRECTION ( 'NONE',  ( -0.3826834323650816216, 0.000000000000000000, -0.9238795325112901802 ) ) ;
#4419 = DIRECTION ( 'NONE',  ( -0.1781293538267804955, -0.2688750668918974962, 0.9465601574697359855 ) ) ;
#4420 = FACE_OUTER_BOUND ( 'NONE', #2238, .T. ) ;
#4421 = CARTESIAN_POINT ( 'NONE',  ( -33.78199999999999648, 0.000000000000000000, -4.137101816879589477E-15 ) ) ;
#4422 = NEXT_ASSEMBLY_USAGE_OCCURRENCE ( 'NAUO1', ' ', ' ', #781, #4280, $ ) ;
#4423 = NEXT_ASSEMBLY_USAGE_OCCURRENCE ( 'NAUO2', ' ', ' ', #781, #1707, $ ) ;
#4424 = NEXT_ASSEMBLY_USAGE_OCCURRENCE ( 'NAUO3', ' ', ' ', #781, #1707, $ ) ;
#4425 = NEXT_ASSEMBLY_USAGE_OCCURRENCE ( 'NAUO4', ' ', ' ', #781, #1707, $ ) ;
#4426 = NEXT_ASSEMBLY_USAGE_OCCURRENCE ( 'NAUO5', ' ', ' ', #781, #1707, $ ) ;
#4427 = NEXT_ASSEMBLY_USAGE_OCCURRENCE ( 'NAUO6', ' ', ' ', #781, #645, $ ) ;
#4428 = NEXT_ASSEMBLY_USAGE_OCCURRENCE ( 'NAUO7', ' ', ' ', #781, #1843, $ ) ;
#4429 = NEXT_ASSEMBLY_USAGE_OCCURRENCE ( 'NAUO8', ' ', ' ', #781, #4092, $ ) ;
ENDSEC;
END-ISO-10303-21;
